Number,Name,Parent (SMC),Parent name (SMC),Section,Region,Area,Island,Topo Section,County,Classification,Map 1:50k,Map 1:25k,Metres,Feet,Grid ref,Grid ref 10,Drop,Col grid ref,Col height,Feature,Observations,Survey,Climbed,Country,County Top,Revision,Comments,Streetmap/MountainViews,Google Maps,Hill-bagging,Xcoord,Ycoord,Latitude,Longitude,GridrefXY,_Section,Parent (Ma),Parent name (Ma),MVNumber,Ma,Ma=,Hu,Hu=,Tu,Sim,5,M,MT,F,C,G,D,DT,Hew,N,Dew,DDew,HF,4,3,2,1,0,W,WO,B,E,HHB,Sy,Fel,CoH,CoH=,CoU,CoU=,CoA,CoA=,CoL,CoL=,SIB,sMa,sHu,sSim,s5,s4,Mur,CT,GT,BL,Bg,Y,Cm,T100,xMT,xC,xG,xN,xDT,Dil,VL,A,Ca,Bin,O,Un,canonical_id,source_dataset,source_version,source_url,source_file_name,source_file_size_bytes,source_sha256,source_csv_sha256,source_downloaded_at_utc,source_licence,source_attribution,country_normalized,latitude_normalized,longitude_normalized,elevation_m_normalized,prominence_m_normalized,summit_verification_status,gpt_review_status,gpt_flags,claude_review_status,claude_flags,discrepancy_status,import_status,qa_status,qa_flags
1972,Y Garn,,,30B,30B: Snowdonia,The Glyders,,WN03 Glyder-tryfan,Gwynedd,"Ma,F,Sim,Hew,N,HHB",115,017W,946,3104,SH630595,SH 63092 59571,234,SH 6350 5849,712,cairn/shelter,,Abney level,,W,,11-Dec-25,Added to Trail 100 list Jan 2020,"https://www.streetmap.co.uk/map?X=263089&Y=359568&SV=263089,359568&A=Y&Z=115","https://www.google.com/maps/search/?api=1&query=53.115682,-4.047078",https://www.hill-bagging.co.uk/hill-view/?qu=S&rf=1972,263089,359568,53.115682,-4.047078,SH6308959568,30.2,1972,,,1,0,1,0,1,1,0,0,0,1,0,0,0,0,1,1,0,0,0,0,0,0,0,0,0,0,0,0,1,0,0,0,0,0,0,0,0,0,0,0,0,0,0,0,0,0,0,0,1,1,0,1,1,0,0,0,0,0,0,0,0,0,0,0,0,dobih:1972,DoBIH,18.5,https://www.hill-bagging.co.uk/dobih-downloads/hillcsv.zip,DoBIH_v18_5.csv,13396947,0c39e13ac59dd3fa172ac21dd56dd0f6fef19a14af47c7a5a444cce691e9f021,d27bc69dbb6d30a6f171ef277408831fe8763fc9043422f4e375e63f4cc190ea,2026-08-25T14:26:29+00:00,Creative Commons Attribution 4.0 International (CC BY 4.0) (https://creativecommons.org/licenses/by/4.0/),The Database of British and Irish Hills v18.5; https://www.hill-bagging.co.uk/dobih,Wales,53.115682,-4.047078,946,234,source_backed,pending,,pending,,pending,not_imported,warning,duplicate_name
1973,Foel-fras,,,30B,30B: Snowdonia,The Carneddau,,WN04 Llewelyn-elen,"Conwy, Gwynedd","F,Sim,Hew,N,HHB",115,017E,944.1,3097,SH696681,SH 69616 68124,62.8,SH 6880 6651,881.3,2m high rock spike 70m SW of trig point,rock spike is higher than top of trig point and about 50cm higher than block of rock 30m SW of trig point,Abney level/Leica RX1250,,W,,13-Dec-17,,"https://www.streetmap.co.uk/map?X=269613&Y=368121&SV=269613,368121&A=Y&Z=115","https://www.google.com/maps/search/?api=1&query=53.194157,-3.953149",https://www.hill-bagging.co.uk/hill-view/?qu=S&rf=1973,269613,368121,53.194157,-3.953149,SH6961368121,30.2,1965,Carnedd Llewelyn,,0,0,0,0,1,1,0,0,0,1,0,0,0,0,1,1,0,0,0,0,0,0,0,0,0,0,0,0,1,0,0,0,0,0,0,0,0,0,0,0,0,0,0,0,0,0,0,0,1,1,0,0,0,0,0,0,0,0,0,0,0,0,0,0,0,dobih:1973,DoBIH,18.5,https://www.hill-bagging.co.uk/dobih-downloads/hillcsv.zip,DoBIH_v18_5.csv,13396947,0c39e13ac59dd3fa172ac21dd56dd0f6fef19a14af47c7a5a444cce691e9f021,d27bc69dbb6d30a6f171ef277408831fe8763fc9043422f4e375e63f4cc190ea,2026-08-25T14:26:29+00:00,Creative Commons Attribution 4.0 International (CC BY 4.0) (https://creativecommons.org/licenses/by/4.0/),The Database of British and Irish Hills v18.5; https://www.hill-bagging.co.uk/dobih,Wales,53.194157,-3.953149,944.1,62.8,source_backed,pending,,pending,,pending,not_imported,warning,duplicate_name
1977,Tryfan,,,30B,30B: Snowdonia,The Glyders,,WN03 Glyder-tryfan,Conwy,"Ma,F,Sim,Hew,N,HHB",115,017W,917.5,3010,SH664593,SH 66408 59390,192,SH661588,726,Adam,,Leica 530,,W,,23-Oct-23,,"https://www.streetmap.co.uk/map?X=266405&Y=359387&SV=266405,359387&A=Y&Z=115","https://www.google.com/maps/search/?api=1&query=53.114898,-3.997491",https://www.hill-bagging.co.uk/hill-view/?qu=S&rf=1977,266405,359387,53.114898,-3.997491,SH6640559387,30.2,1977,,,1,0,1,0,1,1,0,0,0,1,0,0,0,0,1,1,0,0,0,0,0,0,0,0,0,0,0,0,1,0,0,0,0,0,0,0,0,0,0,0,0,0,0,0,0,0,0,0,1,1,0,1,1,0,0,0,0,0,0,0,0,0,0,0,0,dobih:1977,DoBIH,18.5,https://www.hill-bagging.co.uk/dobih-downloads/hillcsv.zip,DoBIH_v18_5.csv,13396947,0c39e13ac59dd3fa172ac21dd56dd0f6fef19a14af47c7a5a444cce691e9f021,d27bc69dbb6d30a6f171ef277408831fe8763fc9043422f4e375e63f4cc190ea,2026-08-25T14:26:29+00:00,Creative Commons Attribution 4.0 International (CC BY 4.0) (https://creativecommons.org/licenses/by/4.0/),The Database of British and Irish Hills v18.5; https://www.hill-bagging.co.uk/dobih,Wales,53.114898,-3.997491,917.5,192,source_backed,pending,,pending,,pending,not_imported,warning,duplicate_name
1984,Carnedd y Filiast,,,30B,30B: Snowdonia,The Glyders,,WN03 Glyder-tryfan,Gwynedd,"Sim,Hew,N",115,017W,821,2694,SH620627,SH 62041 62739,76,SH619615,745,small cairn,cairn is probably higher than windshelter 35m N at SH 62045 62775,,,W,,28-Oct-01,,"https://www.streetmap.co.uk/map?X=262038&Y=362736&SV=262038,362736&A=Y&Z=115","https://www.google.com/maps/search/?api=1&query=53.143870,-4.064135",https://www.hill-bagging.co.uk/hill-view/?qu=S&rf=1984,262038,362736,53.14387,-4.064135,SH6203862736,30.2,1975,Elidir Fawr,,0,0,0,0,1,1,0,0,0,0,0,0,0,0,1,1,0,0,0,0,0,0,0,0,0,0,0,0,0,0,0,0,0,0,0,0,0,0,0,0,0,0,0,0,0,0,0,0,1,1,0,0,0,0,0,0,0,0,0,0,0,0,0,0,0,dobih:1984,DoBIH,18.5,https://www.hill-bagging.co.uk/dobih-downloads/hillcsv.zip,DoBIH_v18_5.csv,13396947,0c39e13ac59dd3fa172ac21dd56dd0f6fef19a14af47c7a5a444cce691e9f021,d27bc69dbb6d30a6f171ef277408831fe8763fc9043422f4e375e63f4cc190ea,2026-08-25T14:26:29+00:00,Creative Commons Attribution 4.0 International (CC BY 4.0) (https://creativecommons.org/licenses/by/4.0/),The Database of British and Irish Hills v18.5; https://www.hill-bagging.co.uk/dobih,Wales,53.14387,-4.064135,821,76,source_backed,pending,,pending,,pending,not_imported,warning,duplicate_name
2000,Moel Eilio,,,30B,30B: Snowdonia,Snowdon,,WN02 Snowdon-eilio,Gwynedd,"Ma,Sim,Hew,N",115,017W 254,726.2,2383,SH556577,SH 55608 57709,259.2,SH 5723 5587,467,no feature: 30m E of windshelter,ground 30m NE at SH 55632 57726 is of similar height; ground by windshelter is 0.3m lower,,,W,,11-Dec-25,,"https://www.streetmap.co.uk/map?X=255605&Y=357706&SV=255605,357706&A=Y&Z=115","https://www.google.com/maps/search/?api=1&query=53.096981,-4.157979",https://www.hill-bagging.co.uk/hill-view/?qu=S&rf=2000,255605,357706,53.096981,-4.157979,SH5560557706,30.2,2000,,,1,0,1,0,1,1,0,0,0,0,0,0,0,0,1,1,0,0,0,0,0,0,0,0,0,0,0,0,0,0,0,0,0,0,0,0,0,0,0,0,0,0,0,0,0,0,0,0,1,1,0,1,0,0,0,0,0,0,0,0,0,0,0,0,0,dobih:2000,DoBIH,18.5,https://www.hill-bagging.co.uk/dobih-downloads/hillcsv.zip,DoBIH_v18_5.csv,13396947,0c39e13ac59dd3fa172ac21dd56dd0f6fef19a14af47c7a5a444cce691e9f021,d27bc69dbb6d30a6f171ef277408831fe8763fc9043422f4e375e63f4cc190ea,2026-08-25T14:26:29+00:00,Creative Commons Attribution 4.0 International (CC BY 4.0) (https://creativecommons.org/licenses/by/4.0/),The Database of British and Irish Hills v18.5; https://www.hill-bagging.co.uk/dobih,Wales,53.096981,-4.157979,726.2,259.2,source_backed,pending,,pending,,pending,not_imported,warning,duplicate_name
2007,Mynydd Mawr,,,30B,30B: Snowdonia,Moel Hebog,,WN01 Hebog-anelog,Gwynedd,"Ma,Sim,Hew,N",115,017W 254,697.5,2288,SH539546,SH 53975 54695,462.5,SH 5614 5357,235,cairn SE of windshelter,,,,W,,11-Dec-25,col surveyed,"https://www.streetmap.co.uk/map?X=253972&Y=354692&SV=253972,354692&A=Y&Z=115","https://www.google.com/maps/search/?api=1&query=53.069463,-4.180979",https://www.hill-bagging.co.uk/hill-view/?qu=S&rf=2007,253972,354692,53.069463,-4.180979,SH5397254692,30.2,2007,,,1,0,1,0,1,1,0,0,0,0,0,0,0,0,1,1,0,0,0,0,0,0,0,0,0,0,0,0,0,0,0,0,0,0,0,0,0,0,0,0,0,0,0,0,0,0,0,0,1,1,0,1,0,0,0,0,0,0,0,0,0,0,0,0,0,dobih:2007,DoBIH,18.5,https://www.hill-bagging.co.uk/dobih-downloads/hillcsv.zip,DoBIH_v18_5.csv,13396947,0c39e13ac59dd3fa172ac21dd56dd0f6fef19a14af47c7a5a444cce691e9f021,d27bc69dbb6d30a6f171ef277408831fe8763fc9043422f4e375e63f4cc190ea,2026-08-25T14:26:29+00:00,Creative Commons Attribution 4.0 International (CC BY 4.0) (https://creativecommons.org/licenses/by/4.0/),The Database of British and Irish Hills v18.5; https://www.hill-bagging.co.uk/dobih,Wales,53.069463,-4.180979,697.5,462.5,source_backed,pending,,pending,,pending,not_imported,warning,duplicate_name
2026,Y Garn,,,30B,30B: Snowdonia,Moel Hebog,,WN01 Hebog-anelog,Gwynedd,"N,sSim",115,017W 254,634.4,2081,SH551526,SH 55152 52649,22,SH 5503 5224,612.4,cairn,,obvious summit,,W,,11-Dec-25,,"https://www.streetmap.co.uk/map?X=255149&Y=352646&SV=255149,352646&A=Y&Z=115","https://www.google.com/maps/search/?api=1&query=53.051405,-4.162504",https://www.hill-bagging.co.uk/hill-view/?qu=S&rf=2026,255149,352646,53.051405,-4.162504,SH5514952646,30.2,2004,Trum y Ddysgl,,0,0,0,0,0,0,0,0,0,0,0,0,0,0,0,1,0,0,0,0,0,0,0,0,0,0,0,0,0,0,0,0,0,0,0,0,0,0,0,0,0,0,1,0,0,0,0,0,1,1,0,0,0,0,0,0,0,0,0,0,0,0,0,0,0,dobih:2026,DoBIH,18.5,https://www.hill-bagging.co.uk/dobih-downloads/hillcsv.zip,DoBIH_v18_5.csv,13396947,0c39e13ac59dd3fa172ac21dd56dd0f6fef19a14af47c7a5a444cce691e9f021,d27bc69dbb6d30a6f171ef277408831fe8763fc9043422f4e375e63f4cc190ea,2026-08-25T14:26:29+00:00,Creative Commons Attribution 4.0 International (CC BY 4.0) (https://creativecommons.org/licenses/by/4.0/),The Database of British and Irish Hills v18.5; https://www.hill-bagging.co.uk/dobih,Wales,53.051405,-4.162504,634.4,22,source_backed,pending,,pending,,pending,not_imported,warning,duplicate_name
2027,Foel Gron,,,30B,30B: Snowdonia,Snowdon,,WN02 Snowdon-eilio,Gwynedd,"Sim,Hew,N",115,017W 254,629,2064,SH560568,SH 56047 56851,30.7,SH 5589 5708,598.3,eastmost grassy knoll near fence corner,grassy knoll 40m WNW at SH 56007 56860 is lower,Abney level/Leica RX1250,,W,,13-Dec-17,summit measured as 629.0m,"https://www.streetmap.co.uk/map?X=256044&Y=356848&SV=256044,356848&A=Y&Z=115","https://www.google.com/maps/search/?api=1&query=53.089393,-4.151043",https://www.hill-bagging.co.uk/hill-view/?qu=S&rf=2027,256044,356848,53.089393,-4.151043,SH5604456848,30.2,2000,Moel Eilio,,0,0,0,0,1,1,0,0,0,0,0,0,0,0,1,1,0,0,0,0,0,0,0,0,0,0,0,0,0,0,0,0,0,0,0,0,0,0,0,0,0,0,0,0,0,0,0,0,1,1,0,0,0,0,0,0,0,0,0,0,0,0,0,0,0,dobih:2027,DoBIH,18.5,https://www.hill-bagging.co.uk/dobih-downloads/hillcsv.zip,DoBIH_v18_5.csv,13396947,0c39e13ac59dd3fa172ac21dd56dd0f6fef19a14af47c7a5a444cce691e9f021,d27bc69dbb6d30a6f171ef277408831fe8763fc9043422f4e375e63f4cc190ea,2026-08-25T14:26:29+00:00,Creative Commons Attribution 4.0 International (CC BY 4.0) (https://creativecommons.org/licenses/by/4.0/),The Database of British and Irish Hills v18.5; https://www.hill-bagging.co.uk/dobih,Wales,53.089393,-4.151043,629,30.7,source_backed,pending,,pending,,pending,not_imported,warning,duplicate_name
2028,Pen y Castell,,,30B,30B: Snowdonia,The Carneddau,,WN04 Llewelyn-elen,Conwy,"N,sSim",115,017E,623.5,2046,SH721688,SH 72190 68883,29,SH 71943 69030,594.5,boulder,boulder is 0.46m higher than outcrop 60m SW at SH 72222 68925 and 2.43m higher than rock tor 230m ESE at SH 72437 68877,Leica NA730/Leica RX1250,,W,,13-Dec-17,The Nuttalls give the summit as the rock tor at SH724688. Drop 29.0m by line survey.,"https://www.streetmap.co.uk/map?X=272187&Y=368880&SV=272187,368880&A=Y&Z=115","https://www.google.com/maps/search/?api=1&query=53.201601,-3.914947",https://www.hill-bagging.co.uk/hill-view/?qu=S&rf=2028,272187,368880,53.201601,-3.914947,SH7218768880,30.2,1965,Carnedd Llewelyn,,0,0,0,0,0,0,0,0,0,0,0,0,0,0,0,1,0,0,0,0,0,0,0,0,0,0,0,0,0,0,0,0,0,0,0,0,0,0,0,0,0,0,1,0,0,0,0,0,1,1,0,0,0,0,0,0,0,0,0,0,0,0,0,0,0,dobih:2028,DoBIH,18.5,https://www.hill-bagging.co.uk/dobih-downloads/hillcsv.zip,DoBIH_v18_5.csv,13396947,0c39e13ac59dd3fa172ac21dd56dd0f6fef19a14af47c7a5a444cce691e9f021,d27bc69dbb6d30a6f171ef277408831fe8763fc9043422f4e375e63f4cc190ea,2026-08-25T14:26:29+00:00,Creative Commons Attribution 4.0 International (CC BY 4.0) (https://creativecommons.org/licenses/by/4.0/),The Database of British and Irish Hills v18.5; https://www.hill-bagging.co.uk/dobih,Wales,53.201601,-3.914947,623.5,29,source_backed,pending,,pending,,pending,not_imported,warning,duplicate_name
2035,Foel Goch,,,30B,30B: Snowdonia,Snowdon,,WN02 Snowdon-eilio,Gwynedd,"Sim,Dew,sHu",115,017W,604.5,1983,SH571563,SH 57103 56344,92.1,SH 5661 5635,512.4,small cairn,,Leica RX1250,,W,,13-Dec-17,,"https://www.streetmap.co.uk/map?X=257100&Y=356341&SV=257100,356341&A=Y&Z=115","https://www.google.com/maps/search/?api=1&query=53.085122,-4.13506",https://www.hill-bagging.co.uk/hill-view/?qu=S&rf=2035,257100,356341,53.085122,-4.13506,SH5710056341,30.2,2000,Moel Eilio,,0,0,0,0,1,1,0,0,0,0,0,0,0,0,0,0,1,0,0,0,0,0,0,0,0,0,0,0,0,0,0,0,0,0,0,0,0,0,0,0,0,1,0,0,0,0,0,0,0,0,0,0,0,0,0,0,0,0,0,0,0,0,0,0,0,dobih:2035,DoBIH,18.5,https://www.hill-bagging.co.uk/dobih-downloads/hillcsv.zip,DoBIH_v18_5.csv,13396947,0c39e13ac59dd3fa172ac21dd56dd0f6fef19a14af47c7a5a444cce691e9f021,d27bc69dbb6d30a6f171ef277408831fe8763fc9043422f4e375e63f4cc190ea,2026-08-25T14:26:29+00:00,Creative Commons Attribution 4.0 International (CC BY 4.0) (https://creativecommons.org/licenses/by/4.0/),The Database of British and Irish Hills v18.5; https://www.hill-bagging.co.uk/dobih,Wales,53.085122,-4.13506,604.5,92.1,source_backed,pending,,pending,,pending,not_imported,warning,duplicate_name
2036,Foel Lwyd,,,30B,30B: Snowdonia,The Carneddau,,WN04 Llewelyn-elen,Conwy,"Sim,Dew",115,017E,600.2,1969,SH720723,SH 72040 72326,53.4,SH 7265 7231,546.8,flat rock by tiny cairn,ground by wall 30m NW at SH 72013 72339 is 0.2m lower,Leica Disto D510/Leica NA730/Leica GS15/Leica RX1250,,W,,13-Dec-17,,"https://www.streetmap.co.uk/map?X=272037&Y=372323&SV=272037,372323&A=Y&Z=115","https://www.google.com/maps/search/?api=1&query=53.232497,-3.918573",https://www.hill-bagging.co.uk/hill-view/?qu=S&rf=2036,272037,372323,53.232497,-3.918573,SH7203772323,30.2,2031,Tal y Fan,,0,0,0,0,1,1,0,0,0,0,0,0,0,0,0,0,1,0,0,0,0,0,0,0,0,0,0,0,0,0,0,0,0,0,0,0,0,0,0,0,0,0,0,0,0,0,0,0,0,0,0,0,0,0,0,0,0,0,0,0,0,0,0,0,0,dobih:2036,DoBIH,18.5,https://www.hill-bagging.co.uk/dobih-downloads/hillcsv.zip,DoBIH_v18_5.csv,13396947,0c39e13ac59dd3fa172ac21dd56dd0f6fef19a14af47c7a5a444cce691e9f021,d27bc69dbb6d30a6f171ef277408831fe8763fc9043422f4e375e63f4cc190ea,2026-08-25T14:26:29+00:00,Creative Commons Attribution 4.0 International (CC BY 4.0) (https://creativecommons.org/licenses/by/4.0/),The Database of British and Irish Hills v18.5; https://www.hill-bagging.co.uk/dobih,Wales,53.232497,-3.918573,600.2,53.4,source_backed,pending,,pending,,pending,not_imported,warning,duplicate_name
2042,Mwdwl-eithin,,,30C,30C: Llandudno to Wrexham,,,WN06 Eithin-orme,Conwy,"Ma,5,Dew",116,018E 264S,532,1745,SH917540,SH 91713 54059,262,SH929499,270,trig point,base of trig point is higher than base of cairn 30m S at SH 91717 54030,Abney level,,W,,23-Oct-23,,"https://www.streetmap.co.uk/map?X=291710&Y=354056&SV=291710,354056&A=Y&Z=115","https://www.google.com/maps/search/?api=1&query=53.072737,-3.617789",https://www.hill-bagging.co.uk/hill-view/?qu=S&rf=2042,291710,354056,53.072737,-3.617789,SH9171054056,30.3,2042,,,1,0,1,0,1,0,1,0,0,0,0,0,0,0,0,0,1,0,0,0,0,0,0,0,0,0,0,0,0,0,0,0,0,0,0,0,0,0,0,0,0,0,0,0,0,0,0,0,0,0,0,1,0,0,0,0,0,0,0,0,0,0,0,0,0,dobih:2042,DoBIH,18.5,https://www.hill-bagging.co.uk/dobih-downloads/hillcsv.zip,DoBIH_v18_5.csv,13396947,0c39e13ac59dd3fa172ac21dd56dd0f6fef19a14af47c7a5a444cce691e9f021,d27bc69dbb6d30a6f171ef277408831fe8763fc9043422f4e375e63f4cc190ea,2026-08-25T14:26:29+00:00,Creative Commons Attribution 4.0 International (CC BY 4.0) (https://creativecommons.org/licenses/by/4.0/),The Database of British and Irish Hills v18.5; https://www.hill-bagging.co.uk/dobih,Wales,53.072737,-3.617789,532,262,source_backed,pending,,pending,,pending,not_imported,warning,duplicate_name
2055,Moel Llechwedd,,,30D,30D: Barmouth to Betws-y-Coed and Bala,The Arenigs,,WN05 Siabod-arenig,Gwynedd,xN,124 125,018E,817,2680,SH829372,SH 82934 37284,5,SH829371,812,cairn and wooden post,rock 3m from post 165m S at SH 82917 37118 is higher but not at the grid reference given in The Mountains of England and Wales Vol 1: Wales,,,W,,09-May-12,,"https://www.streetmap.co.uk/map?X=282931&Y=337281&SV=282931,337281&A=Y&Z=115","https://www.google.com/maps/search/?api=1&query=52.920158,-3.742682",https://www.hill-bagging.co.uk/hill-view/?qu=S&rf=2055,282931,337281,52.920158,-3.742682,SH8293137281,30.4,2053,Arenig Fawr,,0,0,0,0,0,0,0,0,0,0,0,0,0,0,0,0,0,0,0,0,0,0,0,0,0,0,0,0,0,0,0,0,0,0,0,0,0,0,0,0,0,0,0,0,0,0,0,0,0,1,0,0,0,0,0,0,1,0,0,0,0,0,0,0,0,dobih:2055,DoBIH,18.5,https://www.hill-bagging.co.uk/dobih-downloads/hillcsv.zip,DoBIH_v18_5.csv,13396947,0c39e13ac59dd3fa172ac21dd56dd0f6fef19a14af47c7a5a444cce691e9f021,d27bc69dbb6d30a6f171ef277408831fe8763fc9043422f4e375e63f4cc190ea,2026-08-25T14:26:29+00:00,Creative Commons Attribution 4.0 International (CC BY 4.0) (https://creativecommons.org/licenses/by/4.0/),The Database of British and Irish Hills v18.5; https://www.hill-bagging.co.uk/dobih,Wales,52.920158,-3.742682,817,5,source_backed,pending,,pending,,pending,not_imported,warning,england_wales_border_source_signal
2065,Carnedd y Filiast,,,30D,30D: Barmouth to Betws-y-Coed and Bala,The Arenigs,,WN05 Siabod-arenig,"Conwy, Gwynedd","Ma,Sim,Hew,N",124 125,018E,669,2195,SH871445,SH 87119 44599,316,SH 8268 4423,352.8,trig point,,obvious summit,,W,,11-Dec-25,,"https://www.streetmap.co.uk/map?X=287116&Y=344596&SV=287116,344596&A=Y&Z=115","https://www.google.com/maps/search/?api=1&query=52.986783,-3.683015",https://www.hill-bagging.co.uk/hill-view/?qu=S&rf=2065,287116,344596,52.986783,-3.683015,SH8711644596,30.4,2065,,,1,0,1,0,1,1,0,0,0,0,0,0,0,0,1,1,0,0,0,0,0,0,0,0,0,0,0,0,0,0,0,0,0,0,0,0,0,0,0,0,0,0,0,0,0,0,0,0,1,1,0,1,0,0,0,0,0,0,0,0,0,0,0,0,0,dobih:2065,DoBIH,18.5,https://www.hill-bagging.co.uk/dobih-downloads/hillcsv.zip,DoBIH_v18_5.csv,13396947,0c39e13ac59dd3fa172ac21dd56dd0f6fef19a14af47c7a5a444cce691e9f021,d27bc69dbb6d30a6f171ef277408831fe8763fc9043422f4e375e63f4cc190ea,2026-08-25T14:26:29+00:00,Creative Commons Attribution 4.0 International (CC BY 4.0) (https://creativecommons.org/licenses/by/4.0/),The Database of British and Irish Hills v18.5; https://www.hill-bagging.co.uk/dobih,Wales,52.986783,-3.683015,669,316,source_backed,pending,,pending,,pending,not_imported,warning,duplicate_name
2073,Y Garn,,,30D,30D: Barmouth to Betws-y-Coed and Bala,The Rhinogs,,WN09 Llethr-rhinog,Gwynedd,"Ma,Sim,Hew,N",124,018W,629,2064,SH702230,SH 70276 23029,316.8,SH 6805 2429,312.2,cairn,,,,W,,12-Dec-25,,"https://www.streetmap.co.uk/map?X=270273&Y=323025&SV=270273,323025&A=Y&Z=115","https://www.google.com/maps/search/?api=1&query=52.789174,-3.925168",https://www.hill-bagging.co.uk/hill-view/?qu=S&rf=2073,270273,323025,52.789174,-3.925168,SH7027323025,30.4,2073,,,1,0,1,0,1,1,0,0,0,0,0,0,0,0,1,1,0,0,0,0,0,0,0,0,0,0,0,0,0,0,0,0,0,0,0,0,0,0,0,0,0,0,0,0,0,0,0,0,1,1,0,1,0,0,0,0,0,0,0,0,0,0,0,0,0,dobih:2073,DoBIH,18.5,https://www.hill-bagging.co.uk/dobih-downloads/hillcsv.zip,DoBIH_v18_5.csv,13396947,0c39e13ac59dd3fa172ac21dd56dd0f6fef19a14af47c7a5a444cce691e9f021,d27bc69dbb6d30a6f171ef277408831fe8763fc9043422f4e375e63f4cc190ea,2026-08-25T14:26:29+00:00,Creative Commons Attribution 4.0 International (CC BY 4.0) (https://creativecommons.org/licenses/by/4.0/),The Database of British and Irish Hills v18.5; https://www.hill-bagging.co.uk/dobih,Wales,52.789174,-3.925168,629,316.8,source_backed,pending,,pending,,pending,not_imported,warning,duplicate_name
2077,Foel Boeth,,,30D,30D: Barmouth to Betws-y-Coed and Bala,The Arenigs,,WN05 Siabod-arenig,Gwynedd,N,124,018E 023E,615.4,2019,SH779342,SH 77976 34207,16.8,SH 7790 3425,598.6,small rock 8m SW of pile of stones,7m NE of fence; knoll 50m SW is 0.46m lower,Leica NA730/Leica 530,,W,,08-Dec-18,,"https://www.streetmap.co.uk/map?X=277973&Y=334204&SV=277973,334204&A=Y&Z=115","https://www.google.com/maps/search/?api=1&query=52.891411,-3.815235",https://www.hill-bagging.co.uk/hill-view/?qu=S&rf=2077,277973,334204,52.891411,-3.815235,SH7797334204,30.4,2057,Moel Llyfnant,,0,0,0,0,0,0,0,0,0,0,0,0,0,0,0,1,0,0,0,0,0,0,0,0,0,0,0,0,0,0,0,0,0,0,0,0,0,0,0,0,0,0,0,0,0,0,0,0,1,0,0,0,0,0,0,0,0,0,0,0,0,0,0,0,0,dobih:2077,DoBIH,18.5,https://www.hill-bagging.co.uk/dobih-downloads/hillcsv.zip,DoBIH_v18_5.csv,13396947,0c39e13ac59dd3fa172ac21dd56dd0f6fef19a14af47c7a5a444cce691e9f021,d27bc69dbb6d30a6f171ef277408831fe8763fc9043422f4e375e63f4cc190ea,2026-08-25T14:26:29+00:00,Creative Commons Attribution 4.0 International (CC BY 4.0) (https://creativecommons.org/licenses/by/4.0/),The Database of British and Irish Hills v18.5; https://www.hill-bagging.co.uk/dobih,Wales,52.891411,-3.815235,615.4,16.8,source_backed,pending,,pending,,pending,not_imported,warning,duplicate_name
2079,Foel Goch,,,30D,30D: Barmouth to Betws-y-Coed and Bala,The Arenigs,,WN05 Siabod-arenig,"Conwy, Gwynedd","Ma,Sim,Hew,N",125,018E,611,2005,SH953422,SH 95382 42295,274,SH917439,337,ground 1m N of trig point,,obvious summit,,W,,28-Oct-01,,"https://www.streetmap.co.uk/map?X=295379&Y=342292&SV=295379,342292&A=Y&Z=115","https://www.google.com/maps/search/?api=1&query=52.967758,-3.55923",https://www.hill-bagging.co.uk/hill-view/?qu=S&rf=2079,295379,342292,52.967758,-3.55923,SH9537942292,30.4,2079,,,1,0,1,0,1,1,0,0,0,0,0,0,0,0,1,1,0,0,0,0,0,0,0,0,0,0,0,0,0,0,0,0,0,0,0,0,0,0,0,0,0,0,0,0,0,0,0,0,1,1,0,1,0,0,0,0,0,0,0,0,0,0,0,0,0,dobih:2079,DoBIH,18.5,https://www.hill-bagging.co.uk/dobih-downloads/hillcsv.zip,DoBIH_v18_5.csv,13396947,0c39e13ac59dd3fa172ac21dd56dd0f6fef19a14af47c7a5a444cce691e9f021,d27bc69dbb6d30a6f171ef277408831fe8763fc9043422f4e375e63f4cc190ea,2026-08-25T14:26:29+00:00,Creative Commons Attribution 4.0 International (CC BY 4.0) (https://creativecommons.org/licenses/by/4.0/),The Database of British and Irish Hills v18.5; https://www.hill-bagging.co.uk/dobih,Wales,52.967758,-3.55923,611,274,source_backed,pending,,pending,,pending,not_imported,warning,duplicate_name
2080,Moelfre,,,30D,30D: Barmouth to Betws-y-Coed and Bala,The Rhinogs,,WN09 Llethr-rhinog,Gwynedd,"Ma,5,Dew",124,018W,589,1932,SH626245,SH 62623 24592,162,SH637245,427,cairn on large pile of stones,summit 250m NW is at least 3m lower,Abney level,,W,,10-Dec-12,,"https://www.streetmap.co.uk/map?X=262620&Y=324588&SV=262620,324588&A=Y&Z=115","https://www.google.com/maps/search/?api=1&query=52.801321,-4.039238",https://www.hill-bagging.co.uk/hill-view/?qu=S&rf=2080,262620,324588,52.801321,-4.039238,SH6262024588,30.4,2080,,,1,0,1,0,1,0,1,0,0,0,0,0,0,0,0,0,1,0,0,0,0,0,0,0,0,0,0,0,0,0,0,0,0,0,0,0,0,0,0,0,0,0,0,0,0,0,0,0,0,0,0,1,0,0,0,0,0,0,0,0,0,0,0,0,0,dobih:2080,DoBIH,18.5,https://www.hill-bagging.co.uk/dobih-downloads/hillcsv.zip,DoBIH_v18_5.csv,13396947,0c39e13ac59dd3fa172ac21dd56dd0f6fef19a14af47c7a5a444cce691e9f021,d27bc69dbb6d30a6f171ef277408831fe8763fc9043422f4e375e63f4cc190ea,2026-08-25T14:26:29+00:00,Creative Commons Attribution 4.0 International (CC BY 4.0) (https://creativecommons.org/licenses/by/4.0/),The Database of British and Irish Hills v18.5; https://www.hill-bagging.co.uk/dobih,Wales,52.801321,-4.039238,589,162,source_backed,pending,,pending,,pending,not_imported,warning,duplicate_name
2111,Bryn Gwyn,,,30E,30E: Bala to Welshpool,The Berwyns,,WN08 Berwyn-gyrn,Powys,xN,125,255,643,2110,SJ042295,SJ 04257 29562,12.7,SJ 04504 29567,630,no feature; thick heather,ground 100m SE is 0.5m lower,Leica NA730,,W,,10-Mar-07,Drop measured by line survey as 12.7m confirming status as deleted Nuttall,"https://www.streetmap.co.uk/map?X=304255&Y=329558&SV=304255,329558&A=Y&Z=115","https://www.google.com/maps/search/?api=1&query=52.85499,-3.42337",https://www.hill-bagging.co.uk/hill-view/?qu=S&rf=2111,304255,329558,52.85499,-3.42337,SJ0425529558,30.5,2087,Cadair Berwyn,,0,0,0,0,0,0,0,0,0,0,0,0,0,0,0,0,0,0,0,0,0,0,0,0,0,0,0,0,0,0,0,0,0,0,0,0,0,0,0,0,0,0,0,0,0,0,0,0,1,1,0,0,0,0,0,0,1,0,0,0,0,0,0,0,0,dobih:2111,DoBIH,18.5,https://www.hill-bagging.co.uk/dobih-downloads/hillcsv.zip,DoBIH_v18_5.csv,13396947,0c39e13ac59dd3fa172ac21dd56dd0f6fef19a14af47c7a5a444cce691e9f021,d27bc69dbb6d30a6f171ef277408831fe8763fc9043422f4e375e63f4cc190ea,2026-08-25T14:26:29+00:00,Creative Commons Attribution 4.0 International (CC BY 4.0) (https://creativecommons.org/licenses/by/4.0/),The Database of British and Irish Hills v18.5; https://www.hill-bagging.co.uk/dobih,Wales,52.85499,-3.42337,643,12.7,source_backed,pending,,pending,,pending,not_imported,warning,duplicate_name
2115,Foel y Geifr,,,30E,30E: Bala to Welshpool,The Berwyns,,WN10 Aran-idris,Gwynedd,"Hu,Sim,Hew,N",125,023E,626.2,2054,SH937275,SH 93712 27529,111.2,SH 9182 2462,515,rock 1.5m from trig point,,obvious summit/Leica RX1250,,W,,05-Feb-23,,"https://www.streetmap.co.uk/map?X=293709&Y=327525&SV=293709,327525&A=Y&Z=115","https://www.google.com/maps/search/?api=1&query=52.834741,-3.579253",https://www.hill-bagging.co.uk/hill-view/?qu=S&rf=2115,293709,327525,52.834741,-3.579253,SH9370927525,30.5,2104,Esgeiriau Gwynion [Foel Rhudd],,0,0,1,0,1,1,0,0,0,0,0,0,0,0,1,1,0,0,0,0,0,0,0,0,0,0,0,0,0,0,0,0,0,0,0,0,0,0,0,0,0,0,0,0,0,0,0,0,1,1,0,1,0,0,0,0,0,0,0,0,0,0,0,0,0,dobih:2115,DoBIH,18.5,https://www.hill-bagging.co.uk/dobih-downloads/hillcsv.zip,DoBIH_v18_5.csv,13396947,0c39e13ac59dd3fa172ac21dd56dd0f6fef19a14af47c7a5a444cce691e9f021,d27bc69dbb6d30a6f171ef277408831fe8763fc9043422f4e375e63f4cc190ea,2026-08-25T14:26:29+00:00,Creative Commons Attribution 4.0 International (CC BY 4.0) (https://creativecommons.org/licenses/by/4.0/),The Database of British and Irish Hills v18.5; https://www.hill-bagging.co.uk/dobih,Wales,52.834741,-3.579253,626.2,111.2,source_backed,pending,,pending,,pending,not_imported,warning,duplicate_name
2123,Foel Goch,,,30E,30E: Bala to Welshpool,The Berwyns,,WN10 Aran-idris,Gwynedd,"Sim,Hew,N",125,023E,612.7,2010,SH943290,SH 94341 29084,47,SH943287,566,no feature,ground 9m N of pile of stones,Abney level/Leica 530,,W,,23-Oct-23,,"https://www.streetmap.co.uk/map?X=294338&Y=329080&SV=294338,329080&A=Y&Z=115","https://www.google.com/maps/search/?api=1&query=52.848834,-3.570431",https://www.hill-bagging.co.uk/hill-view/?qu=S&rf=2123,294338,329080,52.848834,-3.570431,SH9433829080,30.5,2104,Esgeiriau Gwynion [Foel Rhudd],,0,0,0,0,1,1,0,0,0,0,0,0,0,0,1,1,0,0,0,0,0,0,0,0,0,0,0,0,0,0,0,0,0,0,0,0,0,0,0,0,0,0,0,0,0,0,0,0,1,1,0,0,0,0,0,0,0,0,0,0,0,0,0,0,0,dobih:2123,DoBIH,18.5,https://www.hill-bagging.co.uk/dobih-downloads/hillcsv.zip,DoBIH_v18_5.csv,13396947,0c39e13ac59dd3fa172ac21dd56dd0f6fef19a14af47c7a5a444cce691e9f021,d27bc69dbb6d30a6f171ef277408831fe8763fc9043422f4e375e63f4cc190ea,2026-08-25T14:26:29+00:00,Creative Commons Attribution 4.0 International (CC BY 4.0) (https://creativecommons.org/licenses/by/4.0/),The Database of British and Irish Hills v18.5; https://www.hill-bagging.co.uk/dobih,Wales,52.848834,-3.570431,612.7,47,source_backed,pending,,pending,,pending,not_imported,warning,duplicate_name
2129,Y Gribin,,,30E,30E: Bala to Welshpool,The Arans,,WN10 Aran-idris,Gwynedd,"Sim,Dew",124 125,023E,600.5,1970,SH843177,SH 84356 17712,34.1,SH 8416 1794,566.4,no feature: round grassy top,,Leica RX1250,,W,,11-Oct-16,,"https://www.streetmap.co.uk/map?X=284353&Y=317708&SV=284353,317708&A=Y&Z=115","https://www.google.com/maps/search/?api=1&query=52.744599,-3.714606",https://www.hill-bagging.co.uk/hill-view/?qu=S&rf=2129,284353,317708,52.744599,-3.714606,SH8435317708,30.5,2091,Glasgwm,,0,0,0,0,1,1,0,0,0,0,0,0,0,0,0,0,1,0,0,0,0,0,0,0,0,0,0,0,0,0,0,0,0,0,0,0,0,0,0,0,0,0,0,0,0,0,0,0,0,0,0,0,0,0,0,0,0,0,0,0,0,0,0,0,0,dobih:2129,DoBIH,18.5,https://www.hill-bagging.co.uk/dobih-downloads/hillcsv.zip,DoBIH_v18_5.csv,13396947,0c39e13ac59dd3fa172ac21dd56dd0f6fef19a14af47c7a5a444cce691e9f021,d27bc69dbb6d30a6f171ef277408831fe8763fc9043422f4e375e63f4cc190ea,2026-08-25T14:26:29+00:00,Creative Commons Attribution 4.0 International (CC BY 4.0) (https://creativecommons.org/licenses/by/4.0/),The Database of British and Irish Hills v18.5; https://www.hill-bagging.co.uk/dobih,Wales,52.744599,-3.714606,600.5,34.1,source_backed,pending,,pending,,pending,not_imported,warning,duplicate_name
2160,Gamallt,,,30F,30F: Dolgellau to Machynlleth,Cadair Idris,,WN10 Aran-idris,Gwynedd,"Ma,2",124,023W,288.5,947,SH665067,SH 66553 06765,208.3,SH 6422 0501,80.2,rocky and heathery knoll,knoll is in clearing of trees 70m SW of high point of fence; ground 40m NE at SH 66582 06793 is about 1.4m lower,,,W,,03-Jun-24,,"https://www.streetmap.co.uk/map?X=266550&Y=306761&SV=266550,306761&A=Y&Z=115","https://www.google.com/maps/search/?api=1&query=52.642143,-3.973734",https://www.hill-bagging.co.uk/hill-view/?qu=S&rf=2160,266550,306761,52.642143,-3.973734,SH6655006761,30.6,2160,,,1,0,1,0,1,0,0,0,0,0,0,0,0,0,0,0,0,0,0,0,0,1,0,0,0,0,0,0,0,0,0,0,0,0,0,0,0,0,0,0,0,0,0,0,0,0,0,0,0,0,0,1,0,0,0,0,0,0,0,0,0,0,0,0,0,dobih:2160,DoBIH,18.5,https://www.hill-bagging.co.uk/dobih-downloads/hillcsv.zip,DoBIH_v18_5.csv,13396947,0c39e13ac59dd3fa172ac21dd56dd0f6fef19a14af47c7a5a444cce691e9f021,d27bc69dbb6d30a6f171ef277408831fe8763fc9043422f4e375e63f4cc190ea,2026-08-25T14:26:29+00:00,Creative Commons Attribution 4.0 International (CC BY 4.0) (https://creativecommons.org/licenses/by/4.0/),The Database of British and Irish Hills v18.5; https://www.hill-bagging.co.uk/dobih,Wales,52.642143,-3.973734,288.5,208.3,source_backed,pending,,pending,,pending,not_imported,warning,duplicate_name
2167,Drosgol,,,31A,31A: Aberystwyth to Welshpool,Central Wales - Pumlumon,,WM02 Pumlumon-amlwg,Cardiganshire [Ceredigion],"Ma,5,Dew",135,213,550,1804,SN759878,SN 75962 87862,193,SN753887,357,cairn,,obvious summit,,W,,09-Jul-22,,"https://www.streetmap.co.uk/map?X=275959&Y=287858&SV=275959,287858&A=Y&Z=115","https://www.google.com/maps/search/?api=1&query=52.474526,-3.827679",https://www.hill-bagging.co.uk/hill-view/?qu=S&rf=2167,275959,287858,52.474526,-3.827679,SN7595987858,31.1,2167,,,1,0,1,0,1,0,1,0,0,0,0,0,0,0,0,0,1,0,0,0,0,0,0,0,0,0,0,0,0,0,0,0,0,0,0,0,0,0,0,0,0,0,0,0,0,0,0,0,0,0,0,1,0,0,0,0,0,0,0,0,0,0,0,0,0,dobih:2167,DoBIH,18.5,https://www.hill-bagging.co.uk/dobih-downloads/hillcsv.zip,DoBIH_v18_5.csv,13396947,0c39e13ac59dd3fa172ac21dd56dd0f6fef19a14af47c7a5a444cce691e9f021,d27bc69dbb6d30a6f171ef277408831fe8763fc9043422f4e375e63f4cc190ea,2026-08-25T14:26:29+00:00,Creative Commons Attribution 4.0 International (CC BY 4.0) (https://creativecommons.org/licenses/by/4.0/),The Database of British and Irish Hills v18.5; https://www.hill-bagging.co.uk/dobih,Wales,52.474526,-3.827679,550,193,source_backed,pending,,pending,,pending,not_imported,warning,duplicate_name
2183,Beacon Hill,,,31B,31B: Welshpool to Hay-on-Wye,,,WM03 Pegwn-beacon,Powys,"Ma,5,Dew",136 148,214E,547,1795,SO176767,SO 17647 76799,179,SO071842,368,trig point,,obvious summit,,W,,14-Feb-15,,"https://www.streetmap.co.uk/map?X=317645&Y=276794&SV=317645,276794&A=Y&Z=115","https://www.google.com/maps/search/?api=1&query=52.382978,-3.211399",https://www.hill-bagging.co.uk/hill-view/?qu=S&rf=2183,317645,276794,52.382978,-3.211399,SO1764576794,31.2,2183,,,1,0,1,0,1,0,1,0,0,0,0,0,0,0,0,0,1,0,0,0,0,0,0,0,0,0,0,0,0,0,0,0,0,0,0,0,0,0,0,0,0,0,0,0,0,0,0,0,0,0,0,1,0,0,0,0,0,0,0,0,0,0,0,0,0,dobih:2183,DoBIH,18.5,https://www.hill-bagging.co.uk/dobih-downloads/hillcsv.zip,DoBIH_v18_5.csv,13396947,0c39e13ac59dd3fa172ac21dd56dd0f6fef19a14af47c7a5a444cce691e9f021,d27bc69dbb6d30a6f171ef277408831fe8763fc9043422f4e375e63f4cc190ea,2026-08-25T14:26:29+00:00,Creative Commons Attribution 4.0 International (CC BY 4.0) (https://creativecommons.org/licenses/by/4.0/),The Database of British and Irish Hills v18.5; https://www.hill-bagging.co.uk/dobih,Wales,52.382978,-3.211399,547,179,source_backed,pending,,pending,,pending,not_imported,warning,duplicate_name
2187,Corndon Hill,,,31B,31B: Welshpool to Hay-on-Wye,,,EC02 Clee-corndon,Powys,"Ma,5,Dew",137,216,513.6,1685,SO306969,SO 30602 96927,203.1,SO 3251 9951,310.5,rock 2m E of trig point,,Abney level/Trimble GeoXH 6000,,W,,04-Feb-18,,"https://www.streetmap.co.uk/map?X=330600&Y=296923&SV=330600,296923&A=Y&Z=115","https://www.google.com/maps/search/?api=1&query=52.5657,-3.025292",https://www.hill-bagging.co.uk/hill-view/?qu=S&rf=2187,330600,296923,52.5657,-3.025292,SO3060096923,31.2,2187,,,1,0,1,0,1,0,1,0,0,0,0,0,0,0,0,0,1,0,0,0,0,0,0,0,0,0,0,0,0,0,0,0,0,0,0,0,0,0,0,0,0,0,0,0,0,0,0,0,0,0,0,1,0,0,0,0,0,0,0,0,0,0,0,0,0,dobih:2187,DoBIH,18.5,https://www.hill-bagging.co.uk/dobih-downloads/hillcsv.zip,DoBIH_v18_5.csv,13396947,0c39e13ac59dd3fa172ac21dd56dd0f6fef19a14af47c7a5a444cce691e9f021,d27bc69dbb6d30a6f171ef277408831fe8763fc9043422f4e375e63f4cc190ea,2026-08-25T14:26:29+00:00,Creative Commons Attribution 4.0 International (CC BY 4.0) (https://creativecommons.org/licenses/by/4.0/),The Database of British and Irish Hills v18.5; https://www.hill-bagging.co.uk/dobih,Wales,52.5657,-3.025292,513.6,203.1,source_backed,pending,,pending,,pending,not_imported,warning,england_wales_border_source_signal
2191,Gamallt,,,31B,31B: Welshpool to Hay-on-Wye,,,WM03 Pegwn-beacon,Powys,"Hu,4,sMa",136 147,200W,474.6,1557,SN955709,SN 95544 70943,147.4,SN 97882 70815,327.2,small rib of rock,ground 25m W at SN 95520 70943 is 20cm lower,Abney level/Leica 530,,W,,15-Nov-16,,"https://www.streetmap.co.uk/map?X=295541&Y=270938&SV=295541,270938&A=Y&Z=115","https://www.google.com/maps/search/?api=1&query=52.326573,-3.534214",https://www.hill-bagging.co.uk/hill-view/?qu=S&rf=2191,295541,270938,52.326573,-3.534214,SN9554170938,31.2,2182,Pegwn Mawr,,0,0,1,0,1,0,0,0,0,0,0,0,0,0,0,0,0,0,0,1,0,0,0,0,0,0,0,0,0,0,0,0,0,0,0,0,0,0,0,0,1,0,0,0,0,0,0,0,0,0,0,1,0,0,0,0,0,0,0,0,0,0,0,0,0,dobih:2191,DoBIH,18.5,https://www.hill-bagging.co.uk/dobih-downloads/hillcsv.zip,DoBIH_v18_5.csv,13396947,0c39e13ac59dd3fa172ac21dd56dd0f6fef19a14af47c7a5a444cce691e9f021,d27bc69dbb6d30a6f171ef277408831fe8763fc9043422f4e375e63f4cc190ea,2026-08-25T14:26:29+00:00,Creative Commons Attribution 4.0 International (CC BY 4.0) (https://creativecommons.org/licenses/by/4.0/),The Database of British and Irish Hills v18.5; https://www.hill-bagging.co.uk/dobih,Wales,52.326573,-3.534214,474.6,147.4,source_backed,pending,,pending,,pending,not_imported,warning,duplicate_name
2193,Aberedw Hill,,,31B,31B: Welshpool to Hay-on-Wye,,,WM04 Greatrhos-hergest,Powys,"Ma,4",147,188 200E,450.9,1479,SO084507,SO 08447 50780,229.7,SO 0861 5341,221.2,trig point,tumulus 450m SE (hill 2194) is 1.6m lower,,,W,,03-Jun-24,,"https://www.streetmap.co.uk/map?X=308445&Y=250775&SV=308445,250775&A=Y&Z=115","https://www.google.com/maps/search/?api=1&query=52.147657,-3.339464",https://www.hill-bagging.co.uk/hill-view/?qu=S&rf=2193,308445,250775,52.147657,-3.339464,SO0844550775,31.2,2193,,,1,0,1,0,1,0,0,0,0,0,0,0,0,0,0,0,0,0,0,1,0,0,0,0,0,0,0,0,0,0,0,0,0,0,0,0,0,0,0,0,0,0,0,0,0,0,0,0,0,0,0,1,0,0,0,0,0,0,0,0,0,0,0,0,0,dobih:2193,DoBIH,18.5,https://www.hill-bagging.co.uk/dobih-downloads/hillcsv.zip,DoBIH_v18_5.csv,13396947,0c39e13ac59dd3fa172ac21dd56dd0f6fef19a14af47c7a5a444cce691e9f021,d27bc69dbb6d30a6f171ef277408831fe8763fc9043422f4e375e63f4cc190ea,2026-08-25T14:26:29+00:00,Creative Commons Attribution 4.0 International (CC BY 4.0) (https://creativecommons.org/licenses/by/4.0/),The Database of British and Irish Hills v18.5; https://www.hill-bagging.co.uk/dobih,Wales,52.147657,-3.339464,450.9,229.7,source_backed,pending,,pending,,pending,not_imported,warning,duplicate_name
2194,Aberedw Hill,,,31B,31B: Welshpool to Hay-on-Wye,,,WM04 Greatrhos-hergest,Powys,Un,147,188 200E,449.4,1474,SO087504,SO 08788 50497,8.1,SO 0870 5063,441.3,no feature: flat-topped tumulus,trig pillar 450m NW (Hill 2193) is 1.6m higher,,,W,,31-Mar-20,Previously an alternative summit of hill 2193,"https://www.streetmap.co.uk/map?X=308786&Y=250492&SV=308786,250492&A=Y&Z=115","https://www.google.com/maps/search/?api=1&query=52.14517,-3.334405",https://www.hill-bagging.co.uk/hill-view/?qu=S&rf=2194,308786,250492,52.14517,-3.334405,SO0878650492,31.2,2193,Aberedw Hill,,0,0,0,0,0,0,0,0,0,0,0,0,0,0,0,0,0,0,0,0,0,0,0,0,0,0,0,0,0,0,0,0,0,0,0,0,0,0,0,0,0,0,0,0,0,0,0,0,0,0,0,0,0,0,0,0,0,0,0,0,0,0,0,0,1,dobih:2194,DoBIH,18.5,https://www.hill-bagging.co.uk/dobih-downloads/hillcsv.zip,DoBIH_v18_5.csv,13396947,0c39e13ac59dd3fa172ac21dd56dd0f6fef19a14af47c7a5a444cce691e9f021,d27bc69dbb6d30a6f171ef277408831fe8763fc9043422f4e375e63f4cc190ea,2026-08-25T14:26:29+00:00,Creative Commons Attribution 4.0 International (CC BY 4.0) (https://creativecommons.org/licenses/by/4.0/),The Database of British and Irish Hills v18.5; https://www.hill-bagging.co.uk/dobih,Wales,52.14517,-3.334405,449.4,8.1,source_backed,pending,,pending,,pending,not_imported,warning,duplicate_name
2200,Long Mountain,,,31B,31B: Welshpool to Hay-on-Wye,,,EC02 Clee-corndon,Powys,"Ma,4",126,216,408,1339,SJ264058,SJ 26476 05827,305,SJ288021,103,ground 4m NE of trig point,40cm higher than trig point: highest point of embankment is at SJ 26541 05872 and is 0.29m lower than the summit,Leica NA730,,W,,28-Oct-01,,"https://www.streetmap.co.uk/map?X=326474&Y=305823&SV=326474,305823&A=Y&Z=115","https://www.google.com/maps/search/?api=1&query=52.645154,-3.088133",https://www.hill-bagging.co.uk/hill-view/?qu=S&rf=2200,326474,305823,52.645154,-3.088133,SJ2647405823,31.2,2200,,,1,0,1,0,1,0,0,0,0,0,0,0,0,0,0,0,0,0,0,1,0,0,0,0,0,0,0,0,0,0,0,0,0,0,0,0,0,0,0,0,0,0,0,0,0,0,0,0,0,0,0,1,0,0,0,0,0,0,0,0,0,0,0,0,0,dobih:2200,DoBIH,18.5,https://www.hill-bagging.co.uk/dobih-downloads/hillcsv.zip,DoBIH_v18_5.csv,13396947,0c39e13ac59dd3fa172ac21dd56dd0f6fef19a14af47c7a5a444cce691e9f021,d27bc69dbb6d30a6f171ef277408831fe8763fc9043422f4e375e63f4cc190ea,2026-08-25T14:26:29+00:00,Creative Commons Attribution 4.0 International (CC BY 4.0) (https://creativecommons.org/licenses/by/4.0/),The Database of British and Irish Hills v18.5; https://www.hill-bagging.co.uk/dobih,Wales,52.645154,-3.088133,408,305,source_backed,pending,,pending,,pending,not_imported,warning,england_wales_border_source_signal
2201,Moel y Golfa,,,31B,31B: Welshpool to Hay-on-Wye,,,EC02 Clee-corndon,Powys,"Ma,4",126,240,403.2,1323,SJ290125,SJ 29076 12533,261,SJ329120,142,rock on knoll 20m NNE of memorial,knoll 45m SSW at SJ 29050 12495 is 10cm lower,Leica NA730/Trimble GeoXH 6000,,W,,19-Oct-14,,"https://www.streetmap.co.uk/map?X=329074&Y=312529&SV=329074,312529&A=Y&Z=115","https://www.google.com/maps/search/?api=1&query=52.705776,-3.051158",https://www.hill-bagging.co.uk/hill-view/?qu=S&rf=2201,329074,312529,52.705776,-3.051158,SJ2907412529,31.2,2201,,,1,0,1,0,1,0,0,0,0,0,0,0,0,0,0,0,0,0,0,1,0,0,0,0,0,0,0,0,0,0,0,0,0,0,0,0,0,0,0,0,0,0,0,0,0,0,0,0,0,0,0,1,0,0,0,0,0,0,0,0,0,0,0,0,0,dobih:2201,DoBIH,18.5,https://www.hill-bagging.co.uk/dobih-downloads/hillcsv.zip,DoBIH_v18_5.csv,13396947,0c39e13ac59dd3fa172ac21dd56dd0f6fef19a14af47c7a5a444cce691e9f021,d27bc69dbb6d30a6f171ef277408831fe8763fc9043422f4e375e63f4cc190ea,2026-08-25T14:26:29+00:00,Creative Commons Attribution 4.0 International (CC BY 4.0) (https://creativecommons.org/licenses/by/4.0/),The Database of British and Irish Hills v18.5; https://www.hill-bagging.co.uk/dobih,Wales,52.705776,-3.051158,403.2,261,source_backed,pending,,pending,,pending,not_imported,warning,england_wales_border_source_signal
2205,Pen y Garn,,,31C,31C: South-West Wales,Central Wales - Pumlumon,,WM02 Pumlumon-amlwg,Cardiganshire [Ceredigion],"Ma,Sim,Hew,N",135 147,213,611,2005,SN798771,SN 79857 77148,194,SN796839,417,no feature: ground by gate,embedded rock by trig point 65m S at SN 79847 77084 is 0.1m lower,Abney level/Trimble GeoXH 6000,,W,,19-Oct-14,,"https://www.streetmap.co.uk/map?X=279854&Y=277143&SV=279854,277143&A=Y&Z=115","https://www.google.com/maps/search/?api=1&query=52.379122,-3.766508",https://www.hill-bagging.co.uk/hill-view/?qu=S&rf=2205,279854,277143,52.379122,-3.766508,SN7985477143,31.3,2205,,,1,0,1,0,1,1,0,0,0,0,0,0,0,0,1,1,0,0,0,0,0,0,0,0,0,0,0,0,0,0,0,0,0,0,0,0,0,0,0,0,0,0,0,0,0,0,0,0,1,1,0,1,0,0,0,0,0,0,0,0,0,0,0,0,0,dobih:2205,DoBIH,18.5,https://www.hill-bagging.co.uk/dobih-downloads/hillcsv.zip,DoBIH_v18_5.csv,13396947,0c39e13ac59dd3fa172ac21dd56dd0f6fef19a14af47c7a5a444cce691e9f021,d27bc69dbb6d30a6f171ef277408831fe8763fc9043422f4e375e63f4cc190ea,2026-08-25T14:26:29+00:00,Creative Commons Attribution 4.0 International (CC BY 4.0) (https://creativecommons.org/licenses/by/4.0/),The Database of British and Irish Hills v18.5; https://www.hill-bagging.co.uk/dobih,Wales,52.379122,-3.766508,611,194,source_backed,pending,,pending,,pending,not_imported,warning,duplicate_name
2216,Fforest,,,31C,31C: South-West Wales,,,WM05 Drygarn-epynt,Carmarthenshire [Sir Gaerfyrddin],"Hu,3",146 160,187S,341.3,1120,SN777393,SN 77783 39337,142.3,SN 7831 4135,199,ground by trig point,summit 165m NNE at SN 77937 39396 is 0.23m lower; other summits NE and E are 0.5-1m lower,,,W,,12-May-25,Submarilyn status removed in May 2025 following redefinition by list author,"https://www.streetmap.co.uk/map?X=277780&Y=239332&SV=277780,239332&A=Y&Z=115","https://www.google.com/maps/search/?api=1&query=52.038887,-3.783302",https://www.hill-bagging.co.uk/hill-view/?qu=S&rf=2216,277780,239332,52.038887,-3.783302,SN7778039332,31.3,2203,Drygarn Fawr,,0,0,1,0,1,0,0,0,0,0,0,0,0,0,0,0,0,0,0,0,1,0,0,0,0,0,0,0,0,0,0,0,0,0,0,0,0,0,0,0,0,0,0,0,0,0,0,0,0,0,0,1,0,0,0,0,0,0,0,0,0,0,0,0,0,dobih:2216,DoBIH,18.5,https://www.hill-bagging.co.uk/dobih-downloads/hillcsv.zip,DoBIH_v18_5.csv,13396947,0c39e13ac59dd3fa172ac21dd56dd0f6fef19a14af47c7a5a444cce691e9f021,d27bc69dbb6d30a6f171ef277408831fe8763fc9043422f4e375e63f4cc190ea,2026-08-25T14:26:29+00:00,Creative Commons Attribution 4.0 International (CC BY 4.0) (https://creativecommons.org/licenses/by/4.0/),The Database of British and Irish Hills v18.5; https://www.hill-bagging.co.uk/dobih,Wales,52.038887,-3.783302,341.3,142.3,source_backed,pending,,pending,,pending,not_imported,warning,duplicate_name
2217,Moelfre,,,31C,31C: South-West Wales,,,WM05 Drygarn-epynt,Carmarthenshire [Sir Gaerfyrddin],"Hu,3",145,185,335,1099,SN326361,SN 32618 36123,104,SN418337,231,tumulus,lower tumuli 25m SE at SN 32639 36107 and 70m E SN 32690 36120 might sit on higher natural ground,,,W,,25-Jan-24,Listed in TACit (1997) as a Submarilyn and later deleted,"https://www.streetmap.co.uk/map?X=232615&Y=236118&SV=232615,236118&A=Y&Z=115","https://www.google.com/maps/search/?api=1&query=51.998217,-4.439659",https://www.hill-bagging.co.uk/hill-view/?qu=S&rf=2217,232615,236118,51.998217,-4.439659,SN3261536118,31.3,2203,Drygarn Fawr,,0,0,1,0,1,0,0,0,0,0,0,0,0,0,0,0,0,0,0,0,1,0,0,0,0,0,0,0,0,0,0,0,0,0,0,0,0,0,0,0,0,0,0,0,0,0,0,0,0,0,0,1,0,0,0,0,0,0,0,0,0,0,0,0,0,dobih:2217,DoBIH,18.5,https://www.hill-bagging.co.uk/dobih-downloads/hillcsv.zip,DoBIH_v18_5.csv,13396947,0c39e13ac59dd3fa172ac21dd56dd0f6fef19a14af47c7a5a444cce691e9f021,d27bc69dbb6d30a6f171ef277408831fe8763fc9043422f4e375e63f4cc190ea,2026-08-25T14:26:29+00:00,Creative Commons Attribution 4.0 International (CC BY 4.0) (https://creativecommons.org/licenses/by/4.0/),The Database of British and Irish Hills v18.5; https://www.hill-bagging.co.uk/dobih,Wales,51.998217,-4.439659,335,104,source_backed,pending,,pending,,pending,not_imported,warning,duplicate_name
2218,Dinas,,,31C,31C: South-West Wales,,,WM05 Drygarn-epynt,Carmarthenshire [Sir Gaerfyrddin],"Hu,3,sMa",146 147,187S,331.4,1087,SN782466,SN 78229 46679,146.8,SN 7852 4647,184.6,no feature,,,,W,,11-Jul-23,,"https://www.streetmap.co.uk/map?X=278226&Y=246674&SV=278226,246674&A=Y&Z=115","https://www.google.com/maps/search/?api=1&query=52.104964,-3.779424",https://www.hill-bagging.co.uk/hill-view/?qu=S&rf=2218,278226,246674,52.104964,-3.779424,SN7822646674,31.3,2203,Drygarn Fawr,,0,0,1,0,1,0,0,0,0,0,0,0,0,0,0,0,0,0,0,0,1,0,0,0,0,0,0,0,0,0,0,0,0,0,0,0,0,0,0,0,1,0,0,0,0,0,0,0,0,0,0,1,0,0,0,0,0,0,0,0,0,0,0,0,0,dobih:2218,DoBIH,18.5,https://www.hill-bagging.co.uk/dobih-downloads/hillcsv.zip,DoBIH_v18_5.csv,13396947,0c39e13ac59dd3fa172ac21dd56dd0f6fef19a14af47c7a5a444cce691e9f021,d27bc69dbb6d30a6f171ef277408831fe8763fc9043422f4e375e63f4cc190ea,2026-08-25T14:26:29+00:00,Creative Commons Attribution 4.0 International (CC BY 4.0) (https://creativecommons.org/licenses/by/4.0/),The Database of British and Irish Hills v18.5; https://www.hill-bagging.co.uk/dobih,Wales,52.104964,-3.779424,331.4,146.8,source_backed,pending,,pending,,pending,not_imported,warning,duplicate_name
2223,Garn Fawr,,,31C,31C: South-West Wales,,,WM06 Cwmcerwyn-brandy,Pembrokeshire [Sir Benfro],"Hu,2",157,0035W,213,699,SM895388,SM 89586 38877,142,SM930350,71,rock 3m NW of trig point,,,,W,,12-May-25,Submarilyn status removed in May 2025 following redefinition by list author,"https://www.streetmap.co.uk/map?X=189583&Y=238872&SV=189583,238872&A=Y&Z=115","https://www.google.com/maps/search/?api=1&query=52.008303,-5.067321",https://www.hill-bagging.co.uk/hill-view/?qu=S&rf=2223,189583,238872,52.008303,-5.067321,SM8958338872,31.3,2208,Foel Cwmcerwyn,,0,0,1,0,1,0,0,0,0,0,0,0,0,0,0,0,0,0,0,0,0,1,0,0,0,0,0,0,0,0,0,0,0,0,0,0,0,0,0,0,0,0,0,0,0,0,0,0,0,0,0,1,0,0,0,0,0,0,0,0,0,0,0,0,0,dobih:2223,DoBIH,18.5,https://www.hill-bagging.co.uk/dobih-downloads/hillcsv.zip,DoBIH_v18_5.csv,13396947,0c39e13ac59dd3fa172ac21dd56dd0f6fef19a14af47c7a5a444cce691e9f021,d27bc69dbb6d30a6f171ef277408831fe8763fc9043422f4e375e63f4cc190ea,2026-08-25T14:26:29+00:00,Creative Commons Attribution 4.0 International (CC BY 4.0) (https://creativecommons.org/licenses/by/4.0/),The Database of British and Irish Hills v18.5; https://www.hill-bagging.co.uk/dobih,Wales,52.008303,-5.067321,213,142,source_backed,pending,,pending,,pending,not_imported,warning,duplicate_name
2226,Pen y Fan,,,32A,32A: Llandovery to Monmouth,Brecon Beacons,,WS03 Penyfan-mynyddmaen,Powys,"Ma,Sim,Hew,N,HHB,CoH,CoA,CoU",160,012E,886,2907,SO012215,SO 01210 21588,672,SH 9315 0000,214.3,large cairn,,,,W,"Powys, Brecknockshire [Sir Frycheiniog], Powys (1974-1996), Brecknockshire [Sir Frycheiniog] (1889-1974)",21-Mar-21,,"https://www.streetmap.co.uk/map?X=301208&Y=221583&SV=301208,221583&A=Y&Z=115","https://www.google.com/maps/search/?api=1&query=51.884031,-3.436765",https://www.hill-bagging.co.uk/hill-view/?qu=S&rf=2226,301208,221583,51.884031,-3.436765,SO0120821583,32.1,2226,,,1,0,1,0,1,1,0,0,0,0,0,0,0,0,1,1,0,0,0,0,0,0,0,0,0,0,0,0,1,0,0,1,0,1,0,1,0,0,0,0,0,0,0,0,0,0,0,0,1,1,0,1,1,0,0,0,0,0,0,0,0,0,0,0,0,dobih:2226,DoBIH,18.5,https://www.hill-bagging.co.uk/dobih-downloads/hillcsv.zip,DoBIH_v18_5.csv,13396947,0c39e13ac59dd3fa172ac21dd56dd0f6fef19a14af47c7a5a444cce691e9f021,d27bc69dbb6d30a6f171ef277408831fe8763fc9043422f4e375e63f4cc190ea,2026-08-25T14:26:29+00:00,Creative Commons Attribution 4.0 International (CC BY 4.0) (https://creativecommons.org/licenses/by/4.0/),The Database of British and Irish Hills v18.5; https://www.hill-bagging.co.uk/dobih,Wales,51.884031,-3.436765,886,672,source_backed,pending,,pending,,pending,not_imported,warning,duplicate_name
2242,Black Mountain,,,32A,32A: Llandovery to Monmouth,Black Mountains,,WS04 Waunfach-black,"Herefordshire, Powys","Ma,Sim,Hew,N,CoH,CoA,CoU",161,013N,703.6,2308,SO255353,SO 25523 35390,155,SO235352,549,no feature 12m W of path,summit 350m S at SO 25560 35023 c.20m W of path is 1m lower,KR 2x Hand Level/Trimble GeoXH 6000,,W,"Herefordshire, Herefordshire, Hereford & Worcester (1974-1996), Herefordshire (1889-1974)",19-Mar-19,Bridge and B&L summit lies 350m south near 703m spot. Herefordshire County Top is probably on the path 12m E of the northern summit or a few metres from the path at the southern summit,"https://www.streetmap.co.uk/map?X=325521&Y=235385&SV=325521,235385&A=Y&Z=115","https://www.google.com/maps/search/?api=1&query=52.011884,-3.08659",https://www.hill-bagging.co.uk/hill-view/?qu=S&rf=2242,325521,235385,52.011884,-3.08659,SO2552135385,32.1,2242,,,1,0,1,0,1,1,0,0,0,0,0,0,0,0,1,1,0,0,0,0,0,0,0,0,0,0,0,0,0,0,0,1,0,1,0,1,0,0,0,0,0,0,0,0,0,0,0,0,1,1,0,1,0,0,0,0,0,0,0,0,0,0,0,0,0,dobih:2242,DoBIH,18.5,https://www.hill-bagging.co.uk/dobih-downloads/hillcsv.zip,DoBIH_v18_5.csv,13396947,0c39e13ac59dd3fa172ac21dd56dd0f6fef19a14af47c7a5a444cce691e9f021,d27bc69dbb6d30a6f171ef277408831fe8763fc9043422f4e375e63f4cc190ea,2026-08-25T14:26:29+00:00,Creative Commons Attribution 4.0 International (CC BY 4.0) (https://creativecommons.org/licenses/by/4.0/),The Database of British and Irish Hills v18.5; https://www.hill-bagging.co.uk/dobih,Wales,52.011884,-3.08659,703.6,155,source_backed,pending,,pending,,pending,not_imported,warning,england_wales_border_source_signal
2254,Black Mountain South Top,,,32A,32A: Llandovery to Monmouth,Black Mountains,,WS04 Waunfach-black,"Herefordshire, Powys",xN,161,013N,637.4,2091,SO266322,SO 26698 32277,14.7,SO 2671 3263,622.7,no feature,flat summit,,,W,,30-Jan-21,,"https://www.streetmap.co.uk/map?X=326696&Y=232272&SV=326696,232272&A=Y&Z=115","https://www.google.com/maps/search/?api=1&query=51.984057,-3.068806",https://www.hill-bagging.co.uk/hill-view/?qu=S&rf=2254,326696,232272,51.984057,-3.068806,SO2669632272,32.1,2242,Black Mountain,,0,0,0,0,0,0,0,0,0,0,0,0,0,0,0,0,0,0,0,0,0,0,0,0,0,0,0,0,0,0,0,0,0,0,0,0,0,0,0,0,0,0,0,0,0,0,0,0,0,0,0,0,0,0,0,0,1,0,0,0,0,0,0,0,0,dobih:2254,DoBIH,18.5,https://www.hill-bagging.co.uk/dobih-downloads/hillcsv.zip,DoBIH_v18_5.csv,13396947,0c39e13ac59dd3fa172ac21dd56dd0f6fef19a14af47c7a5a444cce691e9f021,d27bc69dbb6d30a6f171ef277408831fe8763fc9043422f4e375e63f4cc190ea,2026-08-25T14:26:29+00:00,Creative Commons Attribution 4.0 International (CC BY 4.0) (https://creativecommons.org/licenses/by/4.0/),The Database of British and Irish Hills v18.5; https://www.hill-bagging.co.uk/dobih,Wales,51.984057,-3.068806,637.4,14.7,source_backed,pending,,pending,,pending,not_imported,warning,england_wales_border_source_signal
2259,Y Gyrn,,,32A,32A: Llandovery to Monmouth,Brecon Beacons,,WS03 Penyfan-mynyddmaen,Powys,"N,sSim",160,012E,618.7,2030,SN988216,SN 98898 21613,27.3,SN 9916 2211,591.4,small cairn with post,,Abney level,,W,,31-Mar-20,,"https://www.streetmap.co.uk/map?X=298896&Y=221608&SV=298896,221608&A=Y&Z=115","https://www.google.com/maps/search/?api=1&query=51.883841,-3.470353",https://www.hill-bagging.co.uk/hill-view/?qu=S&rf=2259,298896,221608,51.883841,-3.470353,SN9889621608,32.1,2226,Pen y Fan,,0,0,0,0,0,0,0,0,0,0,0,0,0,0,0,1,0,0,0,0,0,0,0,0,0,0,0,0,0,0,0,0,0,0,0,0,0,0,0,0,0,0,1,0,0,0,0,0,1,1,0,0,0,0,0,0,0,0,0,0,0,0,0,0,0,dobih:2259,DoBIH,18.5,https://www.hill-bagging.co.uk/dobih-downloads/hillcsv.zip,DoBIH_v18_5.csv,13396947,0c39e13ac59dd3fa172ac21dd56dd0f6fef19a14af47c7a5a444cce691e9f021,d27bc69dbb6d30a6f171ef277408831fe8763fc9043422f4e375e63f4cc190ea,2026-08-25T14:26:29+00:00,Creative Commons Attribution 4.0 International (CC BY 4.0) (https://creativecommons.org/licenses/by/4.0/),The Database of British and Irish Hills v18.5; https://www.hill-bagging.co.uk/dobih,Wales,51.883841,-3.470353,618.7,27.3,source_backed,pending,,pending,,pending,not_imported,warning,duplicate_name
2262,Pen-y-Garn Fawr,,,32A,32A: Llandovery to Monmouth,Black Mountains,,WS04 Waunfach-black,"Herefordshire, Monmouthshire [Sir Fynwy]",xN,161,013N,617.1,2025,SO276311,SO 27627 31168,8.9,SO 2731 3161,608.2,no feature,,,,W,,04-Jul-26,,"https://www.streetmap.co.uk/map?X=327625&Y=231163&SV=327625,231163&A=Y&Z=115","https://www.google.com/maps/search/?api=1&query=51.97421,-3.055047",https://www.hill-bagging.co.uk/hill-view/?qu=S&rf=2262,327625,231163,51.97421,-3.055047,SO2762531163,32.1,2242,Black Mountain,,0,0,0,0,0,0,0,0,0,0,0,0,0,0,0,0,0,0,0,0,0,0,0,0,0,0,0,0,0,0,0,0,0,0,0,0,0,0,0,0,0,0,0,0,0,0,0,0,0,0,0,0,0,0,0,0,1,0,0,0,0,0,0,0,0,dobih:2262,DoBIH,18.5,https://www.hill-bagging.co.uk/dobih-downloads/hillcsv.zip,DoBIH_v18_5.csv,13396947,0c39e13ac59dd3fa172ac21dd56dd0f6fef19a14af47c7a5a444cce691e9f021,d27bc69dbb6d30a6f171ef277408831fe8763fc9043422f4e375e63f4cc190ea,2026-08-25T14:26:29+00:00,Creative Commons Attribution 4.0 International (CC BY 4.0) (https://creativecommons.org/licenses/by/4.0/),The Database of British and Irish Hills v18.5; https://www.hill-bagging.co.uk/dobih,Wales,51.97421,-3.055047,617.1,8.9,source_backed,pending,,pending,,pending,not_imported,warning,england_wales_border_source_signal
2264,Yr Allt,,,32A,32A: Llandovery to Monmouth,Brecon Beacons,,WS02 Fanfawr-fynyddau,Powys,"Sim,Dew",160,012E,605.2,1986,SN905200,SN 90518 20054,40,SN 8997 1959,565.2,tiny cairn 20m N of fence corner,,obvious summit/Leica RX1250,,W,,05-Feb-23,col surveyed by Leica RX1250,"https://www.streetmap.co.uk/map?X=290515&Y=220049&SV=290515,220049&A=Y&Z=115","https://www.google.com/maps/search/?api=1&query=51.868245,-3.591564",https://www.hill-bagging.co.uk/hill-view/?qu=S&rf=2264,290515,220049,51.868245,-3.591564,SN9051520049,32.1,2238,Fan Gyhirych,,0,0,0,0,1,1,0,0,0,0,0,0,0,0,0,0,1,0,0,0,0,0,0,0,0,0,0,0,0,0,0,0,0,0,0,0,0,0,0,0,0,0,0,0,0,0,0,0,0,0,0,0,0,0,0,0,0,0,0,0,0,0,0,0,0,dobih:2264,DoBIH,18.5,https://www.hill-bagging.co.uk/dobih-downloads/hillcsv.zip,DoBIH_v18_5.csv,13396947,0c39e13ac59dd3fa172ac21dd56dd0f6fef19a14af47c7a5a444cce691e9f021,d27bc69dbb6d30a6f171ef277408831fe8763fc9043422f4e375e63f4cc190ea,2026-08-25T14:26:29+00:00,Creative Commons Attribution 4.0 International (CC BY 4.0) (https://creativecommons.org/licenses/by/4.0/),The Database of British and Irish Hills v18.5; https://www.hill-bagging.co.uk/dobih,Wales,51.868245,-3.591564,605.2,40,source_backed,pending,,pending,,pending,not_imported,warning,duplicate_name
2279,Trichrug,,,32B,32B: Carmarthen to Vale of Neath,,,WS01 Brycheiniog-betws,Carmarthenshire [Sir Gaerfyrddin],"Ma,4",160,012W,415,1362,SN698229,SN 69893 22928,191,SN696198,224,ground by wall 3m NW of trig point,base of ancient cairn 100m NE at SN 69970 22994 is lower,Abney level,,W,,15-Jan-03,,"https://www.streetmap.co.uk/map?X=269890&Y=222923&SV=269890,222923&A=Y&Z=115","https://www.google.com/maps/search/?api=1&query=51.889639,-3.892048",https://www.hill-bagging.co.uk/hill-view/?qu=S&rf=2279,269890,222923,51.889639,-3.892048,SN6989022923,32.2,2279,,,1,0,1,0,1,0,0,0,0,0,0,0,0,0,0,0,0,0,0,1,0,0,0,0,0,0,0,0,0,0,0,0,0,0,0,0,0,0,0,0,0,0,0,0,0,0,0,0,0,0,0,1,0,0,0,0,0,0,0,0,0,0,0,0,0,dobih:2279,DoBIH,18.5,https://www.hill-bagging.co.uk/dobih-downloads/hillcsv.zip,DoBIH_v18_5.csv,13396947,0c39e13ac59dd3fa172ac21dd56dd0f6fef19a14af47c7a5a444cce691e9f021,d27bc69dbb6d30a6f171ef277408831fe8763fc9043422f4e375e63f4cc190ea,2026-08-25T14:26:29+00:00,Creative Commons Attribution 4.0 International (CC BY 4.0) (https://creativecommons.org/licenses/by/4.0/),The Database of British and Irish Hills v18.5; https://www.hill-bagging.co.uk/dobih,Wales,51.889639,-3.892048,415,191,source_backed,pending,,pending,,pending,not_imported,warning,duplicate_name
2295,Mynydd y Glyn,,,32C,32C: Neath to Chepstow,,,WS02 Fanfawr-fynyddau,Rhondda Cynon Taff,"Ma,3",170,166E,377,1237,ST031896,ST 03193 89647,189,ST 0033 9057,187.8,no feature: pasture,trig point 450m SW is about 1m lower,Abney level,,W,,21-Mar-21,,"https://www.streetmap.co.uk/map?X=303191&Y=189642&SV=303191,189642&A=Y&Z=115","https://www.google.com/maps/search/?api=1&query=51.597275,-3.399066",https://www.hill-bagging.co.uk/hill-view/?qu=S&rf=2295,303191,189642,51.597275,-3.399066,ST0319189642,32.3,2295,,,1,0,1,0,1,0,0,0,0,0,0,0,0,0,0,0,0,0,0,0,1,0,0,0,0,0,0,0,0,0,0,0,0,0,0,0,0,0,0,0,0,0,0,0,0,0,0,0,0,0,0,1,0,0,0,0,0,0,0,0,0,0,0,0,0,dobih:2295,DoBIH,18.5,https://www.hill-bagging.co.uk/dobih-downloads/hillcsv.zip,DoBIH_v18_5.csv,13396947,0c39e13ac59dd3fa172ac21dd56dd0f6fef19a14af47c7a5a444cce691e9f021,d27bc69dbb6d30a6f171ef277408831fe8763fc9043422f4e375e63f4cc190ea,2026-08-25T14:26:29+00:00,Creative Commons Attribution 4.0 International (CC BY 4.0) (https://creativecommons.org/licenses/by/4.0/),The Database of British and Irish Hills v18.5; https://www.hill-bagging.co.uk/dobih,Wales,51.597275,-3.399066,377,189,source_backed,pending,,pending,,pending,not_imported,warning,duplicate_name
2299,Garth Hill,,,32C,32C: Neath to Chepstow,,,WS02 Fanfawr-fynyddau,Cardiff,"Ma,3,CoU",171,151E,306.9,1007,ST103835,ST 10341 83506,220.8,ST 0958 8593,86.1,trig point on ancient mound,ground 510m ENE is 6.4m lower,Abney level,,W,Cardiff,03-Jun-24,,"https://www.streetmap.co.uk/map?X=310339&Y=183501&SV=310339,183501&A=Y&Z=115","https://www.google.com/maps/search/?api=1&query=51.543256,-3.294328",https://www.hill-bagging.co.uk/hill-view/?qu=S&rf=2299,310339,183501,51.543256,-3.294328,ST1033983501,32.3,2299,,,1,0,1,0,1,0,0,0,0,0,0,0,0,0,0,0,0,0,0,0,1,0,0,0,0,0,0,0,0,0,0,0,0,1,0,0,0,0,0,0,0,0,0,0,0,0,0,0,0,0,0,1,0,0,0,0,0,0,0,0,0,0,0,0,0,dobih:2299,DoBIH,18.5,https://www.hill-bagging.co.uk/dobih-downloads/hillcsv.zip,DoBIH_v18_5.csv,13396947,0c39e13ac59dd3fa172ac21dd56dd0f6fef19a14af47c7a5a444cce691e9f021,d27bc69dbb6d30a6f171ef277408831fe8763fc9043422f4e375e63f4cc190ea,2026-08-25T14:26:29+00:00,Creative Commons Attribution 4.0 International (CC BY 4.0) (https://creativecommons.org/licenses/by/4.0/),The Database of British and Irish Hills v18.5; https://www.hill-bagging.co.uk/dobih,Wales,51.543256,-3.294328,306.9,220.8,source_backed,pending,,pending,,pending,not_imported,warning,duplicate_name
2300,Craig yr Allt,,,32C,32C: Neath to Chepstow,,,WS03 Penyfan-mynyddmaen,Rhondda Cynon Taff,"Ma,2",171,151E,273,896,ST133850,ST 13333 85065,154,ST136859,119,no feature,,obvious summit,,W,,28-Oct-01,,"https://www.streetmap.co.uk/map?X=313331&Y=185060&SV=313331,185060&A=Y&Z=115","https://www.google.com/maps/search/?api=1&query=51.557739,-3.251578",https://www.hill-bagging.co.uk/hill-view/?qu=S&rf=2300,313331,185060,51.557739,-3.251578,ST1333185060,32.3,2300,,,1,0,1,0,1,0,0,0,0,0,0,0,0,0,0,0,0,0,0,0,0,1,0,0,0,0,0,0,0,0,0,0,0,0,0,0,0,0,0,0,0,0,0,0,0,0,0,0,0,0,0,1,0,0,0,0,0,0,0,0,0,0,0,0,0,dobih:2300,DoBIH,18.5,https://www.hill-bagging.co.uk/dobih-downloads/hillcsv.zip,DoBIH_v18_5.csv,13396947,0c39e13ac59dd3fa172ac21dd56dd0f6fef19a14af47c7a5a444cce691e9f021,d27bc69dbb6d30a6f171ef277408831fe8763fc9043422f4e375e63f4cc190ea,2026-08-25T14:26:29+00:00,Creative Commons Attribution 4.0 International (CC BY 4.0) (https://creativecommons.org/licenses/by/4.0/),The Database of British and Irish Hills v18.5; https://www.hill-bagging.co.uk/dobih,Wales,51.557739,-3.251578,273,154,source_backed,pending,,pending,,pending,not_imported,warning,duplicate_name
2301,Mynydd Dinas,,,32C,32C: Neath to Chepstow,,,WS02 Fanfawr-fynyddau,Neath Port Talbot,"Ma,2",170,165,258.1,847,SS761915,SS 76147 91535,152.5,SS 7615 9230,105.6,ground 2m NE of flat rock 65m E of trig point,this ground is 0.22m higher than base of trig point,Leica NA730/Leica GS15,,W,,03-Dec-13,,"https://www.streetmap.co.uk/map?X=276144&Y=191530&SV=276144,191530&A=Y&Z=115","https://www.google.com/maps/search/?api=1&query=51.608943,-3.790035",https://www.hill-bagging.co.uk/hill-view/?qu=S&rf=2301,276144,191530,51.608943,-3.790035,SS7614491530,32.3,2301,,,1,0,1,0,1,0,0,0,0,0,0,0,0,0,0,0,0,0,0,0,0,1,0,0,0,0,0,0,0,0,0,0,0,0,0,0,0,0,0,0,0,0,0,0,0,0,0,0,0,0,0,1,0,0,0,0,0,0,0,0,0,0,0,0,0,dobih:2301,DoBIH,18.5,https://www.hill-bagging.co.uk/dobih-downloads/hillcsv.zip,DoBIH_v18_5.csv,13396947,0c39e13ac59dd3fa172ac21dd56dd0f6fef19a14af47c7a5a444cce691e9f021,d27bc69dbb6d30a6f171ef277408831fe8763fc9043422f4e375e63f4cc190ea,2026-08-25T14:26:29+00:00,Creative Commons Attribution 4.0 International (CC BY 4.0) (https://creativecommons.org/licenses/by/4.0/),The Database of British and Irish Hills v18.5; https://www.hill-bagging.co.uk/dobih,Wales,51.608943,-3.790035,258.1,152.5,source_backed,pending,,pending,,pending,not_imported,warning,duplicate_name
3343,Iwerddon,,,30B,30B: Snowdonia,The Moelwyns,,WN05 Siabod-arenig,Conwy,s5,115,017W,583,1913,SH688482,SH 68822 48217,25.2,SH 68406 47877,558,rock,this top is 0.46m higher than top 60m SW at SH 68784 48170,Leica NA730,,W,,28-Mar-10,Dropped from Dewey list in March 2010 due to insufficient drop,"https://www.streetmap.co.uk/map?X=268819&Y=348214&SV=268819,348214&A=Y&Z=115","https://www.google.com/maps/search/?api=1&query=53.015119,-3.956889",https://www.hill-bagging.co.uk/hill-view/?qu=S&rf=3343,268819,348214,53.015119,-3.956889,SH6881948214,30.2,2006,Allt-fawr,,0,0,0,0,0,0,0,0,0,0,0,0,0,0,0,0,0,0,0,0,0,0,0,0,0,0,0,0,0,0,0,0,0,0,0,0,0,0,0,0,0,0,0,1,0,0,0,0,0,0,0,0,0,0,0,0,0,0,0,0,0,0,0,0,0,dobih:3343,DoBIH,18.5,https://www.hill-bagging.co.uk/dobih-downloads/hillcsv.zip,DoBIH_v18_5.csv,13396947,0c39e13ac59dd3fa172ac21dd56dd0f6fef19a14af47c7a5a444cce691e9f021,d27bc69dbb6d30a6f171ef277408831fe8763fc9043422f4e375e63f4cc190ea,2026-08-25T14:26:29+00:00,Creative Commons Attribution 4.0 International (CC BY 4.0) (https://creativecommons.org/licenses/by/4.0/),The Database of British and Irish Hills v18.5; https://www.hill-bagging.co.uk/dobih,Wales,53.015119,-3.956889,583,25.2,source_backed,pending,,pending,,pending,not_imported,warning,duplicate_name
3347,Craig Wen,,,30B,30B: Snowdonia,The Carneddau,,WN04 Llewelyn-elen,Conwy,"5,Dew",115,017E,546.3,1792,SH729602,SH 72905 60283,48.1,SH 7289 6045,498.2,large rock,,Abney level,,W,,23-Feb-25,,"https://www.streetmap.co.uk/map?X=272902&Y=360280&SV=272902,360280&A=Y&Z=115","https://www.google.com/maps/search/?api=1&query=53.124509,-3.900831",https://www.hill-bagging.co.uk/hill-view/?qu=S&rf=3347,272902,360280,53.124509,-3.900831,SH7290260280,30.2,2013,Creigiau Gleision,,0,0,0,0,1,0,1,0,0,0,0,0,0,0,0,0,1,0,0,0,0,0,0,0,0,0,0,0,0,0,0,0,0,0,0,0,0,0,0,0,0,0,0,0,0,0,0,0,0,0,0,0,0,0,0,0,0,0,0,0,0,0,0,0,0,dobih:3347,DoBIH,18.5,https://www.hill-bagging.co.uk/dobih-downloads/hillcsv.zip,DoBIH_v18_5.csv,13396947,0c39e13ac59dd3fa172ac21dd56dd0f6fef19a14af47c7a5a444cce691e9f021,d27bc69dbb6d30a6f171ef277408831fe8763fc9043422f4e375e63f4cc190ea,2026-08-25T14:26:29+00:00,Creative Commons Attribution 4.0 International (CC BY 4.0) (https://creativecommons.org/licenses/by/4.0/),The Database of British and Irish Hills v18.5; https://www.hill-bagging.co.uk/dobih,Wales,53.124509,-3.900831,546.3,48.1,source_backed,pending,,pending,,pending,not_imported,warning,duplicate_name
3348,Moel Eilio,,,30B,30B: Snowdonia,The Carneddau,,WN04 Llewelyn-elen,Conwy,"5,Dew,sHu",115,017E,546,1791,SH747659,SH 74737 65907,92,SH739646,454,ground near a few stones,,obvious summit,,W,,23-Oct-23,,"https://www.streetmap.co.uk/map?X=274734&Y=365904&SV=274734,365904&A=Y&Z=115","https://www.google.com/maps/search/?api=1&query=53.175470,-3.875670",https://www.hill-bagging.co.uk/hill-view/?qu=S&rf=3348,274734,365904,53.17547,-3.87567,SH7473465904,30.2,1989,Pen Llithrig y Wrach,,0,0,0,0,1,0,1,0,0,0,0,0,0,0,0,0,1,0,0,0,0,0,0,0,0,0,0,0,0,0,0,0,0,0,0,0,0,0,0,0,0,1,0,0,0,0,0,0,0,0,0,0,0,0,0,0,0,0,0,0,0,0,0,0,0,dobih:3348,DoBIH,18.5,https://www.hill-bagging.co.uk/dobih-downloads/hillcsv.zip,DoBIH_v18_5.csv,13396947,0c39e13ac59dd3fa172ac21dd56dd0f6fef19a14af47c7a5a444cce691e9f021,d27bc69dbb6d30a6f171ef277408831fe8763fc9043422f4e375e63f4cc190ea,2026-08-25T14:26:29+00:00,Creative Commons Attribution 4.0 International (CC BY 4.0) (https://creativecommons.org/licenses/by/4.0/),The Database of British and Irish Hills v18.5; https://www.hill-bagging.co.uk/dobih,Wales,53.17547,-3.87567,546,92,source_backed,pending,,pending,,pending,not_imported,warning,duplicate_name
3357,Moel y Gaer,,,30C,30C: Llandudno to Wrexham,,,WN07 Gamelin-famau,Denbighshire [Sir Ddinbych],"5,Dew",116,255 256,503.5,1652,SJ166463,SJ 16687 46366,37.7,SJ165462,465.8,no feature: heather next to path on north side,,obvious summit/Trimble GeoXH 6000,,W,,30-Oct-14,,"https://www.streetmap.co.uk/map?X=316685&Y=346363&SV=316685,346363&A=Y&Z=115","https://www.google.com/maps/search/?api=1&query=53.008082,-3.243138",https://www.hill-bagging.co.uk/hill-view/?qu=S&rf=3357,316685,346363,53.008082,-3.243138,SJ1668546363,30.3,2039,Moel y Gamelin,,0,0,0,0,1,0,1,0,0,0,0,0,0,0,0,0,1,0,0,0,0,0,0,0,0,0,0,0,0,0,0,0,0,0,0,0,0,0,0,0,0,0,0,0,0,0,0,0,0,0,0,0,0,0,0,0,0,0,0,0,0,0,0,0,0,dobih:3357,DoBIH,18.5,https://www.hill-bagging.co.uk/dobih-downloads/hillcsv.zip,DoBIH_v18_5.csv,13396947,0c39e13ac59dd3fa172ac21dd56dd0f6fef19a14af47c7a5a444cce691e9f021,d27bc69dbb6d30a6f171ef277408831fe8763fc9043422f4e375e63f4cc190ea,2026-08-25T14:26:29+00:00,Creative Commons Attribution 4.0 International (CC BY 4.0) (https://creativecommons.org/licenses/by/4.0/),The Database of British and Irish Hills v18.5; https://www.hill-bagging.co.uk/dobih,Wales,53.008082,-3.243138,503.5,37.7,source_backed,pending,,pending,,pending,not_imported,warning,duplicate_name
3365,Foel-fras,,,30D,30D: Barmouth to Betws-y-Coed and Bala,The Moelwyns,,WN05 Siabod-arenig,"Conwy, Gwynedd","5,Dew",115,018E,586,1923,SH728481,SH 72803 48165,32,SH722482,554,no feature: ground by thick fence post,ground for radius of 5m is as high; ground 85m W at SH 72716 48145 is 0.5m lower,Abney level,,W,,15-Aug-12,,"https://www.streetmap.co.uk/map?X=272800&Y=348162&SV=272800,348162&A=Y&Z=115","https://www.google.com/maps/search/?api=1&query=53.015613,-3.897561",https://www.hill-bagging.co.uk/hill-view/?qu=S&rf=3365,272800,348162,53.015613,-3.897561,SH7280048162,30.4,2068,Manod Mawr,,0,0,0,0,1,0,1,0,0,0,0,0,0,0,0,0,1,0,0,0,0,0,0,0,0,0,0,0,0,0,0,0,0,0,0,0,0,0,0,0,0,0,0,0,0,0,0,0,0,0,0,0,0,0,0,0,0,0,0,0,0,0,0,0,0,dobih:3365,DoBIH,18.5,https://www.hill-bagging.co.uk/dobih-downloads/hillcsv.zip,DoBIH_v18_5.csv,13396947,0c39e13ac59dd3fa172ac21dd56dd0f6fef19a14af47c7a5a444cce691e9f021,d27bc69dbb6d30a6f171ef277408831fe8763fc9043422f4e375e63f4cc190ea,2026-08-25T14:26:29+00:00,Creative Commons Attribution 4.0 International (CC BY 4.0) (https://creativecommons.org/licenses/by/4.0/),The Database of British and Irish Hills v18.5; https://www.hill-bagging.co.uk/dobih,Wales,53.015613,-3.897561,586,32,source_backed,pending,,pending,,pending,not_imported,warning,duplicate_name
3371,Graig Wen,,,30D,30D: Barmouth to Betws-y-Coed and Bala,The Arenigs,,WN05 Siabod-arenig,Gwynedd,"Hu,5,Dew",124,018W,555.6,1823,SH739394,SH 73913 39479,141,SH 7631 4034,414.6,cairn,,Trimble GeoXH 6000,,W,,12-May-25,Submarilyn status removed in May 2025 following redefinition by list author,"https://www.streetmap.co.uk/map?X=273910&Y=339476&SV=273910,339476&A=Y&Z=115","https://www.google.com/maps/search/?api=1&query=52.937836,-3.877637",https://www.hill-bagging.co.uk/hill-view/?qu=S&rf=3371,273910,339476,52.937836,-3.877637,SH7391039476,30.4,2068,Manod Mawr,,0,0,1,0,1,0,1,0,0,0,0,0,0,0,0,0,1,0,0,0,0,0,0,0,0,0,0,0,0,0,0,0,0,0,0,0,0,0,0,0,0,0,0,0,0,0,0,0,0,0,0,1,0,0,0,0,0,0,0,0,0,0,0,0,0,dobih:3371,DoBIH,18.5,https://www.hill-bagging.co.uk/dobih-downloads/hillcsv.zip,DoBIH_v18_5.csv,13396947,0c39e13ac59dd3fa172ac21dd56dd0f6fef19a14af47c7a5a444cce691e9f021,d27bc69dbb6d30a6f171ef277408831fe8763fc9043422f4e375e63f4cc190ea,2026-08-25T14:26:29+00:00,Creative Commons Attribution 4.0 International (CC BY 4.0) (https://creativecommons.org/licenses/by/4.0/),The Database of British and Irish Hills v18.5; https://www.hill-bagging.co.uk/dobih,Wales,52.937836,-3.877637,555.6,141,source_backed,pending,,pending,,pending,not_imported,warning,duplicate_name
3374,Y Garnedd,,,30D,30D: Barmouth to Betws-y-Coed and Bala,The Moelwyns,,WN05 Siabod-arenig,Gwynedd,"5,Dew",124,018W,552,1811,SH741431,SH 74202 43117,77,SH747436,475,ground by smaller of two adjacent cairns,rocks 20m N are 20cm lower,Abney level,,W,,23-Oct-23,,"https://www.streetmap.co.uk/map?X=274199&Y=343114&SV=274199,343114&A=Y&Z=115","https://www.google.com/maps/search/?api=1&query=52.97059,-3.874753",https://www.hill-bagging.co.uk/hill-view/?qu=S&rf=3374,274199,343114,52.97059,-3.874753,SH7419943114,30.4,2068,Manod Mawr,,0,0,0,0,1,0,1,0,0,0,0,0,0,0,0,0,1,0,0,0,0,0,0,0,0,0,0,0,0,0,0,0,0,0,0,0,0,0,0,0,0,0,0,0,0,0,0,0,0,0,0,0,0,0,0,0,0,0,0,0,0,0,0,0,0,dobih:3374,DoBIH,18.5,https://www.hill-bagging.co.uk/dobih-downloads/hillcsv.zip,DoBIH_v18_5.csv,13396947,0c39e13ac59dd3fa172ac21dd56dd0f6fef19a14af47c7a5a444cce691e9f021,d27bc69dbb6d30a6f171ef277408831fe8763fc9043422f4e375e63f4cc190ea,2026-08-25T14:26:29+00:00,Creative Commons Attribution 4.0 International (CC BY 4.0) (https://creativecommons.org/licenses/by/4.0/),The Database of British and Irish Hills v18.5; https://www.hill-bagging.co.uk/dobih,Wales,52.97059,-3.874753,552,77,source_backed,pending,,pending,,pending,not_imported,warning,duplicate_name
3378,Foel Boeth,,,30D,30D: Barmouth to Betws-y-Coed and Bala,The Arenigs,,WN05 Siabod-arenig,Gwynedd,"5,Dew",124 125,018E 023E,541,1775,SH834337,SH 83456 33791,42,SH830340,499,cairn,grassy hump 70m E at SH 83523 33812 may be as high; note summit area is in trees although both features are in clearings,Abney level,,W,,23-Oct-23,,"https://www.streetmap.co.uk/map?X=283453&Y=333787&SV=283453,333787&A=Y&Z=115","https://www.google.com/maps/search/?api=1&query=52.888885,-3.733668",https://www.hill-bagging.co.uk/hill-view/?qu=S&rf=3378,283453,333787,52.888885,-3.733668,SH8345333787,30.4,2053,Arenig Fawr,,0,0,0,0,1,0,1,0,0,0,0,0,0,0,0,0,1,0,0,0,0,0,0,0,0,0,0,0,0,0,0,0,0,0,0,0,0,0,0,0,0,0,0,0,0,0,0,0,0,0,0,0,0,0,0,0,0,0,0,0,0,0,0,0,0,dobih:3378,DoBIH,18.5,https://www.hill-bagging.co.uk/dobih-downloads/hillcsv.zip,DoBIH_v18_5.csv,13396947,0c39e13ac59dd3fa172ac21dd56dd0f6fef19a14af47c7a5a444cce691e9f021,d27bc69dbb6d30a6f171ef277408831fe8763fc9043422f4e375e63f4cc190ea,2026-08-25T14:26:29+00:00,Creative Commons Attribution 4.0 International (CC BY 4.0) (https://creativecommons.org/licenses/by/4.0/),The Database of British and Irish Hills v18.5; https://www.hill-bagging.co.uk/dobih,Wales,52.888885,-3.733668,541,42,source_backed,pending,,pending,,pending,not_imported,warning,duplicate_name
3384,Foel Fawr,,,30D,30D: Barmouth to Betws-y-Coed and Bala,The Arenigs,,WN05 Siabod-arenig,Gwynedd,"5,Dew",124,018W,528,1732,SH728392,SH 72877 39290,42,SH733394,486,no feature,cairn 315m NW at SH 72626 39481 is 1.1m lower,Trimble GeoXH 6000,,W,,08-Nov-20,,"https://www.streetmap.co.uk/map?X=272874&Y=339287&SV=272874,339287&A=Y&Z=115","https://www.google.com/maps/search/?api=1&query=52.935893,-3.89297",https://www.hill-bagging.co.uk/hill-view/?qu=S&rf=3384,272874,339287,52.935893,-3.89297,SH7287439287,30.4,2068,Manod Mawr,,0,0,0,0,1,0,1,0,0,0,0,0,0,0,0,0,1,0,0,0,0,0,0,0,0,0,0,0,0,0,0,0,0,0,0,0,0,0,0,0,0,0,0,0,0,0,0,0,0,0,0,0,0,0,0,0,0,0,0,0,0,0,0,0,0,dobih:3384,DoBIH,18.5,https://www.hill-bagging.co.uk/dobih-downloads/hillcsv.zip,DoBIH_v18_5.csv,13396947,0c39e13ac59dd3fa172ac21dd56dd0f6fef19a14af47c7a5a444cce691e9f021,d27bc69dbb6d30a6f171ef277408831fe8763fc9043422f4e375e63f4cc190ea,2026-08-25T14:26:29+00:00,Creative Commons Attribution 4.0 International (CC BY 4.0) (https://creativecommons.org/licenses/by/4.0/),The Database of British and Irish Hills v18.5; https://www.hill-bagging.co.uk/dobih,Wales,52.935893,-3.89297,528,42,source_backed,pending,,pending,,pending,not_imported,warning,duplicate_name
3397,Bryn-mawr,,,30D,30D: Barmouth to Betws-y-Coed and Bala,The Arenigs,,WN05 Siabod-arenig,Conwy,"5,Dew,sHu",124 125,018E,510.4,1675,SH801442,SH 80145 44281,95,SH788435,415,no feature,large summit area of similar height,Abney level/Trimble GeoXH 6000,,W,,23-Oct-23,,"https://www.streetmap.co.uk/map?X=280142&Y=344278&SV=280142,344278&A=Y&Z=115","https://www.google.com/maps/search/?api=1&query=52.982411,-3.786734",https://www.hill-bagging.co.uk/hill-view/?qu=S&rf=3397,280142,344278,52.982411,-3.786734,SH8014244278,30.4,2068,Manod Mawr,,0,0,0,0,1,0,1,0,0,0,0,0,0,0,0,0,1,0,0,0,0,0,0,0,0,0,0,0,0,0,0,0,0,0,0,0,0,0,0,0,0,1,0,0,0,0,0,0,0,0,0,1,0,0,0,0,0,0,0,0,0,0,0,0,0,dobih:3397,DoBIH,18.5,https://www.hill-bagging.co.uk/dobih-downloads/hillcsv.zip,DoBIH_v18_5.csv,13396947,0c39e13ac59dd3fa172ac21dd56dd0f6fef19a14af47c7a5a444cce691e9f021,d27bc69dbb6d30a6f171ef277408831fe8763fc9043422f4e375e63f4cc190ea,2026-08-25T14:26:29+00:00,Creative Commons Attribution 4.0 International (CC BY 4.0) (https://creativecommons.org/licenses/by/4.0/),The Database of British and Irish Hills v18.5; https://www.hill-bagging.co.uk/dobih,Wales,52.982411,-3.786734,510.4,95,source_backed,pending,,pending,,pending,not_imported,warning,duplicate_name
3399,Foel Boeth,,,30D,30D: Barmouth to Betws-y-Coed and Bala,The Moelwyns,,WN05 Siabod-arenig,Conwy,"5,Dew",116,018E,509,1670,SH804477,SH 80481 47800,70,SH794462,439,no feature: grassy mound,ground 50m N at SH 80490 47850 is lower,Abney level,,W,,08-Jun-09,,"https://www.streetmap.co.uk/map?X=280478&Y=347797&SV=280478,347797&A=Y&Z=115","https://www.google.com/maps/search/?api=1&query=53.014104,-3.783034",https://www.hill-bagging.co.uk/hill-view/?qu=S&rf=3399,280478,347797,53.014104,-3.783034,SH8047847797,30.4,2068,Manod Mawr,,0,0,0,0,1,0,1,0,0,0,0,0,0,0,0,0,1,0,0,0,0,0,0,0,0,0,0,0,0,0,0,0,0,0,0,0,0,0,0,0,0,0,0,0,0,0,0,0,0,0,0,0,0,0,0,0,0,0,0,0,0,0,0,0,0,dobih:3399,DoBIH,18.5,https://www.hill-bagging.co.uk/dobih-downloads/hillcsv.zip,DoBIH_v18_5.csv,13396947,0c39e13ac59dd3fa172ac21dd56dd0f6fef19a14af47c7a5a444cce691e9f021,d27bc69dbb6d30a6f171ef277408831fe8763fc9043422f4e375e63f4cc190ea,2026-08-25T14:26:29+00:00,Creative Commons Attribution 4.0 International (CC BY 4.0) (https://creativecommons.org/licenses/by/4.0/),The Database of British and Irish Hills v18.5; https://www.hill-bagging.co.uk/dobih,Wales,53.014104,-3.783034,509,70,source_backed,pending,,pending,,pending,not_imported,warning,duplicate_name
3406,Cefn Coch,,,30E,30E: Bala to Welshpool,The Berwyns,,WN10 Aran-idris,Gwynedd,"5,Dew",125,023E,592.9,1945,SH923266,SH 92319 26671,31.3,SH 9250 2692,561.7,no feature: thick tussock grass,ground 20m S at SH 92322 26648 is of similar height,Abney level/Leica RX1250,,W,,05-Feb-23,,"https://www.streetmap.co.uk/map?X=292316&Y=326667&SV=292316,326667&A=Y&Z=115","https://www.google.com/maps/search/?api=1&query=52.826754,-3.59964",https://www.hill-bagging.co.uk/hill-view/?qu=S&rf=3406,292316,326667,52.826754,-3.59964,SH9231626667,30.5,2104,Esgeiriau Gwynion [Foel Rhudd],,0,0,0,0,1,0,1,0,0,0,0,0,0,0,0,0,1,0,0,0,0,0,0,0,0,0,0,0,0,0,0,0,0,0,0,0,0,0,0,0,0,0,0,0,0,0,0,0,0,0,0,0,0,0,0,0,0,0,0,0,0,0,0,0,0,dobih:3406,DoBIH,18.5,https://www.hill-bagging.co.uk/dobih-downloads/hillcsv.zip,DoBIH_v18_5.csv,13396947,0c39e13ac59dd3fa172ac21dd56dd0f6fef19a14af47c7a5a444cce691e9f021,d27bc69dbb6d30a6f171ef277408831fe8763fc9043422f4e375e63f4cc190ea,2026-08-25T14:26:29+00:00,Creative Commons Attribution 4.0 International (CC BY 4.0) (https://creativecommons.org/licenses/by/4.0/),The Database of British and Irish Hills v18.5; https://www.hill-bagging.co.uk/dobih,Wales,52.826754,-3.59964,592.9,31.3,source_backed,pending,,pending,,pending,not_imported,warning,duplicate_name
3422,Mynydd Mawr,,,30E,30E: Bala to Welshpool,The Berwyns,,WN08 Berwyn-gyrn,Powys,"Hu,5,Dew",125,255,534,1752,SJ132286,SJ 13285 28628,104,SJ141305,430,overgrown rock edge 5m W of trig point,rock edge 25m E at SJ 13310 28630 is as high,Abney level,,W,,23-Oct-23,,"https://www.streetmap.co.uk/map?X=313283&Y=328624&SV=313283,328624&A=Y&Z=115","https://www.google.com/maps/search/?api=1&query=52.848127,-3.289082",https://www.hill-bagging.co.uk/hill-view/?qu=S&rf=3422,313283,328624,52.848127,-3.289082,SJ1328328624,30.5,2087,Cadair Berwyn,,0,0,1,0,1,0,1,0,0,0,0,0,0,0,0,0,1,0,0,0,0,0,0,0,0,0,0,0,0,0,0,0,0,0,0,0,0,0,0,0,0,0,0,0,0,0,0,0,0,0,0,1,0,0,0,0,0,0,0,0,0,0,0,0,0,dobih:3422,DoBIH,18.5,https://www.hill-bagging.co.uk/dobih-downloads/hillcsv.zip,DoBIH_v18_5.csv,13396947,0c39e13ac59dd3fa172ac21dd56dd0f6fef19a14af47c7a5a444cce691e9f021,d27bc69dbb6d30a6f171ef277408831fe8763fc9043422f4e375e63f4cc190ea,2026-08-25T14:26:29+00:00,Creative Commons Attribution 4.0 International (CC BY 4.0) (https://creativecommons.org/licenses/by/4.0/),The Database of British and Irish Hills v18.5; https://www.hill-bagging.co.uk/dobih,Wales,52.848127,-3.289082,534,104,source_backed,pending,,pending,,pending,not_imported,warning,duplicate_name
3436,Foel y Geifr,,,30F,30F: Dolgellau to Machynlleth,Cadair Idris,,WN10 Aran-idris,Gwynedd,s5,124,023W,515.6,1692,SH716050,SH 71637 05098,28.8,SH 7172 0540,486.8,single stone in grass,,,,W,,11-Jul-23,,"https://www.streetmap.co.uk/map?X=271634&Y=305094&SV=271634,305094&A=Y&Z=115","https://www.google.com/maps/search/?api=1&query=52.628393,-3.897992",https://www.hill-bagging.co.uk/hill-view/?qu=S&rf=3436,271634,305094,52.628393,-3.897992,SH7163405094,30.6,2148,Tarren y Gesail,,0,0,0,0,0,0,0,0,0,0,0,0,0,0,0,0,0,0,0,0,0,0,0,0,0,0,0,0,0,0,0,0,0,0,0,0,0,0,0,0,0,0,0,1,0,0,0,0,0,0,0,0,0,0,0,0,0,0,0,0,0,0,0,0,0,dobih:3436,DoBIH,18.5,https://www.hill-bagging.co.uk/dobih-downloads/hillcsv.zip,DoBIH_v18_5.csv,13396947,0c39e13ac59dd3fa172ac21dd56dd0f6fef19a14af47c7a5a444cce691e9f021,d27bc69dbb6d30a6f171ef277408831fe8763fc9043422f4e375e63f4cc190ea,2026-08-25T14:26:29+00:00,Creative Commons Attribution 4.0 International (CC BY 4.0) (https://creativecommons.org/licenses/by/4.0/),The Database of British and Irish Hills v18.5; https://www.hill-bagging.co.uk/dobih,Wales,52.628393,-3.897992,515.6,28.8,source_backed,pending,,pending,,pending,not_imported,warning,duplicate_name
3447,Foel Uchaf,,,31A,31A: Aberystwyth to Welshpool,Central Wales - Pumlumon,,WM02 Pumlumon-amlwg,Powys,"5,Dew",135 136,214W 215W,565,1854,SN802911,SN 80274 91203,35,SN792910,530,cairn,,obvious summit,,W,,15-Aug-12,,"https://www.streetmap.co.uk/map?X=280271&Y=291199&SV=280271,291199&A=Y&Z=115","https://www.google.com/maps/search/?api=1&query=52.505511,-3.765427",https://www.hill-bagging.co.uk/hill-view/?qu=S&rf=3447,280271,291199,52.505511,-3.765427,SN8027191199,31.1,2161,Pumlumon Fawr [Plynlimon],,0,0,0,0,1,0,1,0,0,0,0,0,0,0,0,0,1,0,0,0,0,0,0,0,0,0,0,0,0,0,0,0,0,0,0,0,0,0,0,0,0,0,0,0,0,0,0,0,0,0,0,0,0,0,0,0,0,0,0,0,0,0,0,0,0,dobih:3447,DoBIH,18.5,https://www.hill-bagging.co.uk/dobih-downloads/hillcsv.zip,DoBIH_v18_5.csv,13396947,0c39e13ac59dd3fa172ac21dd56dd0f6fef19a14af47c7a5a444cce691e9f021,d27bc69dbb6d30a6f171ef277408831fe8763fc9043422f4e375e63f4cc190ea,2026-08-25T14:26:29+00:00,Creative Commons Attribution 4.0 International (CC BY 4.0) (https://creativecommons.org/licenses/by/4.0/),The Database of British and Irish Hills v18.5; https://www.hill-bagging.co.uk/dobih,Wales,52.505511,-3.765427,565,35,source_backed,pending,,pending,,pending,not_imported,warning,duplicate_name
3450,Y Foel,,,31A,31A: Aberystwyth to Welshpool,Central Wales - Pumlumon,,WM02 Pumlumon-amlwg,Powys,"5,Dew",135 136,214W,546,1791,SN838842,SN 83832 84211,80,SN838854,466,no feature: ground 20m N of mast,,,,W,,10-Dec-12,,"https://www.streetmap.co.uk/map?X=283829&Y=284206&SV=283829,284206&A=Y&Z=115","https://www.google.com/maps/search/?api=1&query=52.44345,-3.710593",https://www.hill-bagging.co.uk/hill-view/?qu=S&rf=3450,283829,284206,52.44345,-3.710593,SN8382984206,31.1,2161,Pumlumon Fawr [Plynlimon],,0,0,0,0,1,0,1,0,0,0,0,0,0,0,0,0,1,0,0,0,0,0,0,0,0,0,0,0,0,0,0,0,0,0,0,0,0,0,0,0,0,0,0,0,0,0,0,0,0,0,0,0,0,0,0,0,0,0,0,0,0,0,0,0,0,dobih:3450,DoBIH,18.5,https://www.hill-bagging.co.uk/dobih-downloads/hillcsv.zip,DoBIH_v18_5.csv,13396947,0c39e13ac59dd3fa172ac21dd56dd0f6fef19a14af47c7a5a444cce691e9f021,d27bc69dbb6d30a6f171ef277408831fe8763fc9043422f4e375e63f4cc190ea,2026-08-25T14:26:29+00:00,Creative Commons Attribution 4.0 International (CC BY 4.0) (https://creativecommons.org/licenses/by/4.0/),The Database of British and Irish Hills v18.5; https://www.hill-bagging.co.uk/dobih,Wales,52.44345,-3.710593,546,80,source_backed,pending,,pending,,pending,not_imported,warning,duplicate_name
3451,Bryn y Fedwen,,,31A,31A: Aberystwyth to Welshpool,Central Wales - Pumlumon,,WM02 Pumlumon-amlwg,Powys,"5,Dew",135 136,215W,543.7,1784,SN840953,SN 84069 95342,34.8,SN836953,508.9,ground on tumulus 2m W of vertical stone,,Trimble GeoXH 6000,,W,,30-Oct-14,,"https://www.streetmap.co.uk/map?X=284066&Y=295338&SV=284066,295338&A=Y&Z=115","https://www.google.com/maps/search/?api=1&query=52.543525,-3.710986",https://www.hill-bagging.co.uk/hill-view/?qu=S&rf=3451,284066,295338,52.543525,-3.710986,SN8406695338,31.1,2161,Pumlumon Fawr [Plynlimon],,0,0,0,0,1,0,1,0,0,0,0,0,0,0,0,0,1,0,0,0,0,0,0,0,0,0,0,0,0,0,0,0,0,0,0,0,0,0,0,0,0,0,0,0,0,0,0,0,0,0,0,0,0,0,0,0,0,0,0,0,0,0,0,0,0,dobih:3451,DoBIH,18.5,https://www.hill-bagging.co.uk/dobih-downloads/hillcsv.zip,DoBIH_v18_5.csv,13396947,0c39e13ac59dd3fa172ac21dd56dd0f6fef19a14af47c7a5a444cce691e9f021,d27bc69dbb6d30a6f171ef277408831fe8763fc9043422f4e375e63f4cc190ea,2026-08-25T14:26:29+00:00,Creative Commons Attribution 4.0 International (CC BY 4.0) (https://creativecommons.org/licenses/by/4.0/),The Database of British and Irish Hills v18.5; https://www.hill-bagging.co.uk/dobih,Wales,52.543525,-3.710986,543.7,34.8,source_backed,pending,,pending,,pending,not_imported,warning,duplicate_name
3471,Bryn Coch,,,31B,31B: Welshpool to Hay-on-Wye,,,WM03 Pegwn-beacon,Powys,"5,Dew",136,214E,518,1699,SO124848,SO 12499 84867,36,SO125843,482,no feature: heather,,Abney level,,W,,10-Dec-12,,"https://www.streetmap.co.uk/map?X=312497&Y=284862&SV=312497,284862&A=Y&Z=115","https://www.google.com/maps/search/?api=1&query=52.454694,-3.289129",https://www.hill-bagging.co.uk/hill-view/?qu=S&rf=3471,312497,284862,52.454694,-3.289129,SO1249784862,31.2,2183,Beacon Hill,,0,0,0,0,1,0,1,0,0,0,0,0,0,0,0,0,1,0,0,0,0,0,0,0,0,0,0,0,0,0,0,0,0,0,0,0,0,0,0,0,0,0,0,0,0,0,0,0,0,0,0,0,0,0,0,0,0,0,0,0,0,0,0,0,0,dobih:3471,DoBIH,18.5,https://www.hill-bagging.co.uk/dobih-downloads/hillcsv.zip,DoBIH_v18_5.csv,13396947,0c39e13ac59dd3fa172ac21dd56dd0f6fef19a14af47c7a5a444cce691e9f021,d27bc69dbb6d30a6f171ef277408831fe8763fc9043422f4e375e63f4cc190ea,2026-08-25T14:26:29+00:00,Creative Commons Attribution 4.0 International (CC BY 4.0) (https://creativecommons.org/licenses/by/4.0/),The Database of British and Irish Hills v18.5; https://www.hill-bagging.co.uk/dobih,Wales,52.454694,-3.289129,518,36,source_backed,pending,,pending,,pending,not_imported,warning,duplicate_name
3474,Red Hill,,,31B,31B: Welshpool to Hay-on-Wye,,,WM04 Greatrhos-hergest,Powys,"5,Dew",148,188 200E,509.5,1672,SO156501,SO 15652 50110,77,SO 1556 5071,432.5,no feature 15m N of trig point,ground is 40cm higher than trig point base,Abney level/Trimble GeoXH 6000,,W,,12-Sep-15,,"https://www.streetmap.co.uk/map?X=315650&Y=250105&SV=315650,250105&A=Y&Z=115","https://www.google.com/maps/search/?api=1&query=52.142783,-3.234025",https://www.hill-bagging.co.uk/hill-view/?qu=S&rf=3474,315650,250105,52.142783,-3.234025,SO1565050105,31.2,2184,Gwaunceste Hill,,0,0,0,0,1,0,1,0,0,0,0,0,0,0,0,0,1,0,0,0,0,0,0,0,0,0,0,0,0,0,0,0,0,0,0,0,0,0,0,0,0,0,0,0,0,0,0,0,0,0,0,0,0,0,0,0,0,0,0,0,0,0,0,0,0,dobih:3474,DoBIH,18.5,https://www.hill-bagging.co.uk/dobih-downloads/hillcsv.zip,DoBIH_v18_5.csv,13396947,0c39e13ac59dd3fa172ac21dd56dd0f6fef19a14af47c7a5a444cce691e9f021,d27bc69dbb6d30a6f171ef277408831fe8763fc9043422f4e375e63f4cc190ea,2026-08-25T14:26:29+00:00,Creative Commons Attribution 4.0 International (CC BY 4.0) (https://creativecommons.org/licenses/by/4.0/),The Database of British and Irish Hills v18.5; https://www.hill-bagging.co.uk/dobih,Wales,52.142783,-3.234025,509.5,77,source_backed,pending,,pending,,pending,not_imported,warning,duplicate_name
3476,Warren Hill,,,31B,31B: Welshpool to Hay-on-Wye,,,WM03 Pegwn-beacon,Powys,"5,Dew",136 148,214E,506.6,1662,SO143777,SO 14388 77799,34.9,SO136780,471.7,grassy tumulus,,obvious summit/Trimble GeoXH 6000,,W,,30-Oct-14,,"https://www.streetmap.co.uk/map?X=314386&Y=277794&SV=314386,277794&A=Y&Z=115","https://www.google.com/maps/search/?api=1&query=52.391466,-3.259525",https://www.hill-bagging.co.uk/hill-view/?qu=S&rf=3476,314386,277794,52.391466,-3.259525,SO1438677794,31.2,2183,Beacon Hill,,0,0,0,0,1,0,1,0,0,0,0,0,0,0,0,0,1,0,0,0,0,0,0,0,0,0,0,0,0,0,0,0,0,0,0,0,0,0,0,0,0,0,0,0,0,0,0,0,0,0,0,0,0,0,0,0,0,0,0,0,0,0,0,0,0,dobih:3476,DoBIH,18.5,https://www.hill-bagging.co.uk/dobih-downloads/hillcsv.zip,DoBIH_v18_5.csv,13396947,0c39e13ac59dd3fa172ac21dd56dd0f6fef19a14af47c7a5a444cce691e9f021,d27bc69dbb6d30a6f171ef277408831fe8763fc9043422f4e375e63f4cc190ea,2026-08-25T14:26:29+00:00,Creative Commons Attribution 4.0 International (CC BY 4.0) (https://creativecommons.org/licenses/by/4.0/),The Database of British and Irish Hills v18.5; https://www.hill-bagging.co.uk/dobih,Wales,52.391466,-3.259525,506.6,34.9,source_backed,pending,,pending,,pending,not_imported,warning,duplicate_name
3482,Bryn Du,,,31C,31C: South-West Wales,,,WM02 Pumlumon-amlwg,Powys,"5,Dew",135 136,214W,562,1844,SN845800,SN 84587 80092,62,SN832810,500,no feature: near single tree,flat summit area and visibility limited by trees,,,W,,23-Oct-23,,"https://www.streetmap.co.uk/map?X=284584&Y=280087&SV=284584,280087&A=Y&Z=115","https://www.google.com/maps/search/?api=1&query=52.406596,-3.698067",https://www.hill-bagging.co.uk/hill-view/?qu=S&rf=3482,284584,280087,52.406596,-3.698067,SN8458480087,31.3,2205,Pen y Garn,,0,0,0,0,1,0,1,0,0,0,0,0,0,0,0,0,1,0,0,0,0,0,0,0,0,0,0,0,0,0,0,0,0,0,0,0,0,0,0,0,0,0,0,0,0,0,0,0,0,0,0,0,0,0,0,0,0,0,0,0,0,0,0,0,0,dobih:3482,DoBIH,18.5,https://www.hill-bagging.co.uk/dobih-downloads/hillcsv.zip,DoBIH_v18_5.csv,13396947,0c39e13ac59dd3fa172ac21dd56dd0f6fef19a14af47c7a5a444cce691e9f021,d27bc69dbb6d30a6f171ef277408831fe8763fc9043422f4e375e63f4cc190ea,2026-08-25T14:26:29+00:00,Creative Commons Attribution 4.0 International (CC BY 4.0) (https://creativecommons.org/licenses/by/4.0/),The Database of British and Irish Hills v18.5; https://www.hill-bagging.co.uk/dobih,Wales,52.406596,-3.698067,562,62,source_backed,pending,,pending,,pending,not_imported,warning,duplicate_name
3492,Drum Ddu,,,31C,31C: South-West Wales,Central Wales - Elan Valley,,WM05 Drygarn-epynt,Powys,"Hu,5,Dew",147,200W,538,1765,SN971604,SN 97121 60444,128,SN955605,410,ancient cairn incorporating shelter,ground 280m SW at SN 96875 60307 is 2-3m lower,Abney level,,W,,10-Mar-07,,"https://www.streetmap.co.uk/map?X=297119&Y=260439&SV=297119,260439&A=Y&Z=115","https://www.google.com/maps/search/?api=1&query=52.232517,-3.507869",https://www.hill-bagging.co.uk/hill-view/?qu=S&rf=3492,297119,260439,52.232517,-3.507869,SN9711960439,31.3,2203,Drygarn Fawr,,0,0,1,0,1,0,1,0,0,0,0,0,0,0,0,0,1,0,0,0,0,0,0,0,0,0,0,0,0,0,0,0,0,0,0,0,0,0,0,0,0,0,0,0,0,0,0,0,0,0,0,1,0,0,0,0,0,0,0,0,0,0,0,0,0,dobih:3492,DoBIH,18.5,https://www.hill-bagging.co.uk/dobih-downloads/hillcsv.zip,DoBIH_v18_5.csv,13396947,0c39e13ac59dd3fa172ac21dd56dd0f6fef19a14af47c7a5a444cce691e9f021,d27bc69dbb6d30a6f171ef277408831fe8763fc9043422f4e375e63f4cc190ea,2026-08-25T14:26:29+00:00,Creative Commons Attribution 4.0 International (CC BY 4.0) (https://creativecommons.org/licenses/by/4.0/),The Database of British and Irish Hills v18.5; https://www.hill-bagging.co.uk/dobih,Wales,52.232517,-3.507869,538,128,source_backed,pending,,pending,,pending,not_imported,warning,duplicate_name
3495,Llechwedd Llwyd,,,31C,31C: South-West Wales,,,WM02 Pumlumon-amlwg,Powys,s5,135 136,214W,535,1755,SN838814,SN 83868 81410,29,SN841804,506,no feature,large indeterminate summit area,,,W,,23-Oct-23,,"https://www.streetmap.co.uk/map?X=283865&Y=281406&SV=283865,281406&A=Y&Z=115","https://www.google.com/maps/search/?api=1&query=52.418288,-3.709089",https://www.hill-bagging.co.uk/hill-view/?qu=S&rf=3495,283865,281406,52.418288,-3.709089,SN8386581406,31.3,2205,Pen y Garn,,0,0,0,0,0,0,0,0,0,0,0,0,0,0,0,0,0,0,0,0,0,0,0,0,0,0,0,0,0,0,0,0,0,0,0,0,0,0,0,0,0,0,0,1,0,0,0,0,0,0,0,0,0,0,0,0,0,0,0,0,0,0,0,0,0,dobih:3495,DoBIH,18.5,https://www.hill-bagging.co.uk/dobih-downloads/hillcsv.zip,DoBIH_v18_5.csv,13396947,0c39e13ac59dd3fa172ac21dd56dd0f6fef19a14af47c7a5a444cce691e9f021,d27bc69dbb6d30a6f171ef277408831fe8763fc9043422f4e375e63f4cc190ea,2026-08-25T14:26:29+00:00,Creative Commons Attribution 4.0 International (CC BY 4.0) (https://creativecommons.org/licenses/by/4.0/),The Database of British and Irish Hills v18.5; https://www.hill-bagging.co.uk/dobih,Wales,52.418288,-3.709089,535,29,source_backed,pending,,pending,,pending,not_imported,warning,duplicate_name
3504,Pen Lan-fawr,,,31C,31C: South-West Wales,,,WM02 Pumlumon-amlwg,Powys,"5,Dew",135 136 147,214W,526,1726,SN890749,SN 89058 74925,49,SN891744,477,no feature 44m SSW of fence,summit is on a bearing of 208 degrees from end of fence and near boundary marker,Abney level,,W,,23-Oct-23,,"https://www.streetmap.co.uk/map?X=289055&Y=274920&SV=289055,274920&A=Y&Z=115","https://www.google.com/maps/search/?api=1&query=52.361087,-3.630658",https://www.hill-bagging.co.uk/hill-view/?qu=S&rf=3504,289055,274920,52.361087,-3.630658,SN8905574920,31.3,2205,Pen y Garn,,0,0,0,0,1,0,1,0,0,0,0,0,0,0,0,0,1,0,0,0,0,0,0,0,0,0,0,0,0,0,0,0,0,0,0,0,0,0,0,0,0,0,0,0,0,0,0,0,0,0,0,0,0,0,0,0,0,0,0,0,0,0,0,0,0,dobih:3504,DoBIH,18.5,https://www.hill-bagging.co.uk/dobih-downloads/hillcsv.zip,DoBIH_v18_5.csv,13396947,0c39e13ac59dd3fa172ac21dd56dd0f6fef19a14af47c7a5a444cce691e9f021,d27bc69dbb6d30a6f171ef277408831fe8763fc9043422f4e375e63f4cc190ea,2026-08-25T14:26:29+00:00,Creative Commons Attribution 4.0 International (CC BY 4.0) (https://creativecommons.org/licenses/by/4.0/),The Database of British and Irish Hills v18.5; https://www.hill-bagging.co.uk/dobih,Wales,52.361087,-3.630658,526,49,source_backed,pending,,pending,,pending,not_imported,warning,duplicate_name
3505,Moelfryn,,,31C,31C: South-West Wales,,,WM02 Pumlumon-amlwg,Powys,"5,Dew",136 147,200W,522,1713,SN935721,SN 93590 72147,62,SN906736,460,rock,small cairn 50m SE at SN 93622 72110 is 20cm lower; ground 55m SW at SN 93543 72117 is 20cm lower,Abney level,,W,,23-Oct-23,,"https://www.streetmap.co.uk/map?X=293587&Y=272142&SV=293587,272142&A=Y&Z=115","https://www.google.com/maps/search/?api=1&query=52.337021,-3.56325",https://www.hill-bagging.co.uk/hill-view/?qu=S&rf=3505,293587,272142,52.337021,-3.56325,SN9358772142,31.3,2205,Pen y Garn,,0,0,0,0,1,0,1,0,0,0,0,0,0,0,0,0,1,0,0,0,0,0,0,0,0,0,0,0,0,0,0,0,0,0,0,0,0,0,0,0,0,0,0,0,0,0,0,0,0,0,0,0,0,0,0,0,0,0,0,0,0,0,0,0,0,dobih:3505,DoBIH,18.5,https://www.hill-bagging.co.uk/dobih-downloads/hillcsv.zip,DoBIH_v18_5.csv,13396947,0c39e13ac59dd3fa172ac21dd56dd0f6fef19a14af47c7a5a444cce691e9f021,d27bc69dbb6d30a6f171ef277408831fe8763fc9043422f4e375e63f4cc190ea,2026-08-25T14:26:29+00:00,Creative Commons Attribution 4.0 International (CC BY 4.0) (https://creativecommons.org/licenses/by/4.0/),The Database of British and Irish Hills v18.5; https://www.hill-bagging.co.uk/dobih,Wales,52.337021,-3.56325,522,62,source_backed,pending,,pending,,pending,not_imported,warning,duplicate_name
3506,Craig Fawr,,,31C,31C: South-West Wales,Central Wales - Elan Valley,,WM05 Drygarn-epynt,Powys,"5,Dew",147,187N 200W,519,1703,SN879638,SN 87931 63828,43,SN882647,476,no feature,ground 50m NE at SN 87970 63857 is 20cm lower; ground 25m N at SN 87941 63852 is 10cm lower,Abney level,,W,,23-Oct-23,,"https://www.streetmap.co.uk/map?X=287928&Y=263823&SV=287928,263823&A=Y&Z=115","https://www.google.com/maps/search/?api=1&query=52.261133,-3.643503",https://www.hill-bagging.co.uk/hill-view/?qu=S&rf=3506,287928,263823,52.261133,-3.643503,SN8792863823,31.3,2207,Llan Ddu Fawr [Carnyrhyrddod] [Waun Claerddu],,0,0,0,0,1,0,1,0,0,0,0,0,0,0,0,0,1,0,0,0,0,0,0,0,0,0,0,0,0,0,0,0,0,0,0,0,0,0,0,0,0,0,0,0,0,0,0,0,0,0,0,0,0,0,0,0,0,0,0,0,0,0,0,0,0,dobih:3506,DoBIH,18.5,https://www.hill-bagging.co.uk/dobih-downloads/hillcsv.zip,DoBIH_v18_5.csv,13396947,0c39e13ac59dd3fa172ac21dd56dd0f6fef19a14af47c7a5a444cce691e9f021,d27bc69dbb6d30a6f171ef277408831fe8763fc9043422f4e375e63f4cc190ea,2026-08-25T14:26:29+00:00,Creative Commons Attribution 4.0 International (CC BY 4.0) (https://creativecommons.org/licenses/by/4.0/),The Database of British and Irish Hills v18.5; https://www.hill-bagging.co.uk/dobih,Wales,52.261133,-3.643503,519,43,source_backed,pending,,pending,,pending,not_imported,warning,duplicate_name
3509,Garn Wen,,,31C,31C: South-West Wales,,,WM05 Drygarn-epynt,Powys,"5,Dew",147,187S,511,1677,SN845459,SN 84516 45980,74,SN832467,437,trig point in windshelter,,,,W,,10-Dec-12,,"https://www.streetmap.co.uk/map?X=284513&Y=245975&SV=284513,245975&A=Y&Z=115","https://www.google.com/maps/search/?api=1&query=52.100031,-3.687434",https://www.hill-bagging.co.uk/hill-view/?qu=S&rf=3509,284513,245975,52.100031,-3.687434,SN8451345975,31.3,2203,Drygarn Fawr,,0,0,0,0,1,0,1,0,0,0,0,0,0,0,0,0,1,0,0,0,0,0,0,0,0,0,0,0,0,0,0,0,0,0,0,0,0,0,0,0,0,0,0,0,0,0,0,0,0,0,0,1,0,0,0,0,0,0,0,0,0,0,0,0,0,dobih:3509,DoBIH,18.5,https://www.hill-bagging.co.uk/dobih-downloads/hillcsv.zip,DoBIH_v18_5.csv,13396947,0c39e13ac59dd3fa172ac21dd56dd0f6fef19a14af47c7a5a444cce691e9f021,d27bc69dbb6d30a6f171ef277408831fe8763fc9043422f4e375e63f4cc190ea,2026-08-25T14:26:29+00:00,Creative Commons Attribution 4.0 International (CC BY 4.0) (https://creativecommons.org/licenses/by/4.0/),The Database of British and Irish Hills v18.5; https://www.hill-bagging.co.uk/dobih,Wales,52.100031,-3.687434,511,74,source_backed,pending,,pending,,pending,not_imported,warning,duplicate_name
3515,Cefn Coch,,,32C,32C: Neath to Chepstow,,,WS03 Penyfan-mynyddmaen,Torfaen,"5,Dew",161,013S,571,1873,SO221093,SO 22103 09315,36,SO228084,535,no feature,summit area very flat and automatic-level survey recommended to determine summit position accurately,Abney level,,W,,23-Oct-23,,"https://www.streetmap.co.uk/map?X=322101&Y=209310&SV=322101,209310&A=Y&Z=115","https://www.google.com/maps/search/?api=1&query=51.777019,-3.130512",https://www.hill-bagging.co.uk/hill-view/?qu=S&rf=3515,322101,209310,51.777019,-3.130512,SO2210109310,32.3,2289,Coety Mountain [Coity Mountain] [Mynydd Coety],,0,0,0,0,1,0,1,0,0,0,0,0,0,0,0,0,1,0,0,0,0,0,0,0,0,0,0,0,0,0,0,0,0,0,0,0,0,0,0,0,0,0,0,0,0,0,0,0,0,0,0,0,0,0,0,0,0,0,0,0,0,0,0,0,0,dobih:3515,DoBIH,18.5,https://www.hill-bagging.co.uk/dobih-downloads/hillcsv.zip,DoBIH_v18_5.csv,13396947,0c39e13ac59dd3fa172ac21dd56dd0f6fef19a14af47c7a5a444cce691e9f021,d27bc69dbb6d30a6f171ef277408831fe8763fc9043422f4e375e63f4cc190ea,2026-08-25T14:26:29+00:00,Creative Commons Attribution 4.0 International (CC BY 4.0) (https://creativecommons.org/licenses/by/4.0/),The Database of British and Irish Hills v18.5; https://www.hill-bagging.co.uk/dobih,Wales,51.777019,-3.130512,571,36,source_backed,pending,,pending,,pending,not_imported,warning,duplicate_name
3517,Bryn,,,32A,32A: Llandovery to Monmouth,Brecon Beacons,,WS03 Penyfan-mynyddmaen,Powys,"5,Dew",160,012E,562,1844,SO071226,SO 07138 22702,31.6,SO 0671 2245,530.3,embedded rock,cairn 160m ENE at SO 07289 22764 is 0.7m lower,Trimble GeoXH 6000,,W,,19-Oct-14,Relocated from SO072227 September 2014. Summit surveyed as 562.0 m,"https://www.streetmap.co.uk/map?X=307136&Y=222697&SV=307136,222697&A=Y&Z=115","https://www.google.com/maps/search/?api=1&query=51.895064,-3.350963",https://www.hill-bagging.co.uk/hill-view/?qu=S&rf=3517,307136,222697,51.895064,-3.350963,SO0713622697,32.1,2233,Waun Rydd,,0,0,0,0,1,0,1,0,0,0,0,0,0,0,0,0,1,0,0,0,0,0,0,0,0,0,0,0,0,0,0,0,0,0,0,0,0,0,0,0,0,0,0,0,0,0,0,0,0,0,0,0,0,0,0,0,0,0,0,0,0,0,0,0,0,dobih:3517,DoBIH,18.5,https://www.hill-bagging.co.uk/dobih-downloads/hillcsv.zip,DoBIH_v18_5.csv,13396947,0c39e13ac59dd3fa172ac21dd56dd0f6fef19a14af47c7a5a444cce691e9f021,d27bc69dbb6d30a6f171ef277408831fe8763fc9043422f4e375e63f4cc190ea,2026-08-25T14:26:29+00:00,Creative Commons Attribution 4.0 International (CC BY 4.0) (https://creativecommons.org/licenses/by/4.0/),The Database of British and Irish Hills v18.5; https://www.hill-bagging.co.uk/dobih,Wales,51.895064,-3.350963,562,31.6,source_backed,pending,,pending,,pending,not_imported,warning,duplicate_name
3522,Disgwylfa,,,32A,32A: Llandovery to Monmouth,Brecon Beacons,,WS01 Brycheiniog-betws,Powys,"5,Dew",160,012W,543.5,1783,SN815178,SN 81568 17901,40,SN815172,503,rock outcrop,this outcrop is in NW 540m ring contour; outcrop 70m SE in second 540m ring contour may be as high,Abney level/Trimble GeoXH 6000,,W,,23-Oct-23,,"https://www.streetmap.co.uk/map?X=281565&Y=217896&SV=281565,217896&A=Y&Z=115","https://www.google.com/maps/search/?api=1&query=51.847066,-3.720756",https://www.hill-bagging.co.uk/hill-view/?qu=S&rf=3522,281565,217896,51.847066,-3.720756,SN8156517896,32.1,5603,Fan Brycheiniog - Twr y Fan Foel,,0,0,0,0,1,0,1,0,0,0,0,0,0,0,0,0,1,0,0,0,0,0,0,0,0,0,0,0,0,0,0,0,0,0,0,0,0,0,0,0,0,0,0,0,0,0,0,0,0,0,0,0,0,0,0,0,0,0,0,0,0,0,0,0,0,dobih:3522,DoBIH,18.5,https://www.hill-bagging.co.uk/dobih-downloads/hillcsv.zip,DoBIH_v18_5.csv,13396947,0c39e13ac59dd3fa172ac21dd56dd0f6fef19a14af47c7a5a444cce691e9f021,d27bc69dbb6d30a6f171ef277408831fe8763fc9043422f4e375e63f4cc190ea,2026-08-25T14:26:29+00:00,Creative Commons Attribution 4.0 International (CC BY 4.0) (https://creativecommons.org/licenses/by/4.0/),The Database of British and Irish Hills v18.5; https://www.hill-bagging.co.uk/dobih,Wales,51.847066,-3.720756,543.5,40,source_backed,pending,,pending,,pending,not_imported,warning,duplicate_name
3678,Craig Wen,,,30B,30B: Snowdonia,Snowdon,,WN02 Snowdon-eilio,Gwynedd,sSim,115,017W,604.9,1985,SH597508,SH 59710 50850,25.3,SH 59894 51173,579.6,cairn,,Leica NA730/Leica 530,,W,,30-Jun-08,,"https://www.streetmap.co.uk/map?X=259707&Y=350847&SV=259707,350847&A=Y&Z=115","https://www.google.com/maps/search/?api=1&query=53.036462,-4.093768",https://www.hill-bagging.co.uk/hill-view/?qu=S&rf=3678,259707,350847,53.036462,-4.093768,SH5970750847,30.2,1997,Yr Aran,,0,0,0,0,0,0,0,0,0,0,0,0,0,0,0,0,0,0,0,0,0,0,0,0,0,0,0,0,0,0,0,0,0,0,0,0,0,0,0,0,0,0,1,0,0,0,0,0,0,0,0,0,0,0,0,0,0,0,0,0,0,0,0,0,0,dobih:3678,DoBIH,18.5,https://www.hill-bagging.co.uk/dobih-downloads/hillcsv.zip,DoBIH_v18_5.csv,13396947,0c39e13ac59dd3fa172ac21dd56dd0f6fef19a14af47c7a5a444cce691e9f021,d27bc69dbb6d30a6f171ef277408831fe8763fc9043422f4e375e63f4cc190ea,2026-08-25T14:26:29+00:00,Creative Commons Attribution 4.0 International (CC BY 4.0) (https://creativecommons.org/licenses/by/4.0/),The Database of British and Irish Hills v18.5; https://www.hill-bagging.co.uk/dobih,Wales,53.036462,-4.093768,604.9,25.3,source_backed,pending,,pending,,pending,not_imported,warning,duplicate_name
5154,Mwdwl-eithin,,,30C,30C: Llandudno to Wrexham,,,WN06 Eithin-orme,Conwy,"Hu,4",116,018E 255 264S,470.5,1544,SH989469,SH 98951 46981,130.7,SH 9794 4750,339.8,no feature: ground 3m N of trig point,,,,W,,23-Oct-23,,"https://www.streetmap.co.uk/map?X=298948&Y=346978&SV=298948,346978&A=Y&Z=115","https://www.google.com/maps/search/?api=1&query=53.010552,-3.507573",https://www.hill-bagging.co.uk/hill-view/?qu=S&rf=5154,298948,346978,53.010552,-3.507573,SH9894846978,30.3,2042,Mwdwl-eithin,,0,0,1,0,1,0,0,0,0,0,0,0,0,0,0,0,0,0,0,1,0,0,0,0,0,0,0,0,0,0,0,0,0,0,0,0,0,0,0,0,0,0,0,0,0,0,0,0,0,0,0,1,0,0,0,0,0,0,0,0,0,0,0,0,0,dobih:5154,DoBIH,18.5,https://www.hill-bagging.co.uk/dobih-downloads/hillcsv.zip,DoBIH_v18_5.csv,13396947,0c39e13ac59dd3fa172ac21dd56dd0f6fef19a14af47c7a5a444cce691e9f021,d27bc69dbb6d30a6f171ef277408831fe8763fc9043422f4e375e63f4cc190ea,2026-08-25T14:26:29+00:00,Creative Commons Attribution 4.0 International (CC BY 4.0) (https://creativecommons.org/licenses/by/4.0/),The Database of British and Irish Hills v18.5; https://www.hill-bagging.co.uk/dobih,Wales,53.010552,-3.507573,470.5,130.7,source_backed,pending,,pending,,pending,not_imported,warning,duplicate_name
5160,Mwdwl-eithin,,,30C,30C: Llandudno to Wrexham,,,WN06 Eithin-orme,Conwy,"Hu,3",116,017E,389,1276,SH829682,SH 82907 68286,135,SH861707,254,trig point on tumulus,,,,W,,25-Jan-24,,"https://www.streetmap.co.uk/map?X=282904&Y=368283&SV=282904,368283&A=Y&Z=115","https://www.google.com/maps/search/?api=1&query=53.198707,-3.754366",https://www.hill-bagging.co.uk/hill-view/?qu=S&rf=5160,282904,368283,53.198707,-3.754366,SH8290468283,30.3,2042,Mwdwl-eithin,,0,0,1,0,1,0,0,0,0,0,0,0,0,0,0,0,0,0,0,0,1,0,0,0,0,0,0,0,0,0,0,0,0,0,0,0,0,0,0,0,0,0,0,0,0,0,0,0,0,0,0,1,0,0,0,0,0,0,0,0,0,0,0,0,0,dobih:5160,DoBIH,18.5,https://www.hill-bagging.co.uk/dobih-downloads/hillcsv.zip,DoBIH_v18_5.csv,13396947,0c39e13ac59dd3fa172ac21dd56dd0f6fef19a14af47c7a5a444cce691e9f021,d27bc69dbb6d30a6f171ef277408831fe8763fc9043422f4e375e63f4cc190ea,2026-08-25T14:26:29+00:00,Creative Commons Attribution 4.0 International (CC BY 4.0) (https://creativecommons.org/licenses/by/4.0/),The Database of British and Irish Hills v18.5; https://www.hill-bagging.co.uk/dobih,Wales,53.198707,-3.754366,389,135,source_backed,pending,,pending,,pending,not_imported,warning,duplicate_name
5161,Fron Fawr,,,30C,30C: Llandudno to Wrexham,,,WN07 Gamelin-famau,Denbighshire [Sir Ddinbych],"Hu,3",117,255 256,378,1240,SJ208450,SJ 20822 45063,124,SJ216447,254,no feature,,obvious summit,,W,,23-Aug-10,,"https://www.streetmap.co.uk/map?X=320820&Y=345060&SV=320820,345060&A=Y&Z=115","https://www.google.com/maps/search/?api=1&query=52.997,-3.181206",https://www.hill-bagging.co.uk/hill-view/?qu=S&rf=5161,320820,345060,52.997,-3.181206,SJ2082045060,30.3,2040,Cyrn-y-Brain,,0,0,1,0,1,0,0,0,0,0,0,0,0,0,0,0,0,0,0,0,1,0,0,0,0,0,0,0,0,0,0,0,0,0,0,0,0,0,0,0,0,0,0,0,0,0,0,0,0,0,0,1,0,0,0,0,0,0,0,0,0,0,0,0,0,dobih:5161,DoBIH,18.5,https://www.hill-bagging.co.uk/dobih-downloads/hillcsv.zip,DoBIH_v18_5.csv,13396947,0c39e13ac59dd3fa172ac21dd56dd0f6fef19a14af47c7a5a444cce691e9f021,d27bc69dbb6d30a6f171ef277408831fe8763fc9043422f4e375e63f4cc190ea,2026-08-25T14:26:29+00:00,Creative Commons Attribution 4.0 International (CC BY 4.0) (https://creativecommons.org/licenses/by/4.0/),The Database of British and Irish Hills v18.5; https://www.hill-bagging.co.uk/dobih,Wales,52.997,-3.181206,378,124,source_backed,pending,,pending,,pending,not_imported,warning,duplicate_name
5164,Moel y Gaer,,,30C,30C: Llandudno to Wrexham,,,WN07 Gamelin-famau,Flintshire [Sir Fflint],"Hu,3",117,265,303.7,996,SJ210690,SJ 21067 69081,128,SJ119750,176,wall of hollowed tumulus,top of covered reservoir about 50m E is 0.63m higher,Leica NA730/Leica 530,,W,,09-Jul-22,Lower than the Marilyn Mynydd y Cwm (hill 2051),"https://www.streetmap.co.uk/map?X=321065&Y=369078&SV=321065,369078&A=Y&Z=115","https://www.google.com/maps/search/?api=1&query=53.212893,-3.183465",https://www.hill-bagging.co.uk/hill-view/?qu=S&rf=5164,321065,369078,53.212893,-3.183465,SJ2106569078,30.3,2051,Mynydd y Cwm [Coed Cwm],,0,0,1,0,1,0,0,0,0,0,0,0,0,0,0,0,0,0,0,0,1,0,0,0,0,0,0,0,0,0,0,0,0,0,0,0,0,0,0,0,0,0,0,0,0,0,0,0,0,0,0,1,0,0,0,0,0,0,0,0,0,0,0,0,0,dobih:5164,DoBIH,18.5,https://www.hill-bagging.co.uk/dobih-downloads/hillcsv.zip,DoBIH_v18_5.csv,13396947,0c39e13ac59dd3fa172ac21dd56dd0f6fef19a14af47c7a5a444cce691e9f021,d27bc69dbb6d30a6f171ef277408831fe8763fc9043422f4e375e63f4cc190ea,2026-08-25T14:26:29+00:00,Creative Commons Attribution 4.0 International (CC BY 4.0) (https://creativecommons.org/licenses/by/4.0/),The Database of British and Irish Hills v18.5; https://www.hill-bagging.co.uk/dobih,Wales,53.212893,-3.183465,303.7,128,source_backed,pending,,pending,,pending,not_imported,warning,duplicate_name
5178,Mynydd y Glyn,,,30E,30E: Bala to Welshpool,The Berwyns,,WN10 Aran-idris,Powys,"Hu,3",125,239,389,1276,SJ153222,SJ 15358 22244,131,SJ135220,258,no feature: ground 4m E of trig point,40m E of trig point,Abney level,,W,,25-Jan-24,,"https://www.streetmap.co.uk/map?X=315356&Y=322240&SV=315356,322240&A=Y&Z=115","https://www.google.com/maps/search/?api=1&query=52.791081,-3.256652",https://www.hill-bagging.co.uk/hill-view/?qu=S&rf=5178,315356,322240,52.791081,-3.256652,SJ1535622240,30.5,2131,Rhialgwm,,0,0,1,0,1,0,0,0,0,0,0,0,0,0,0,0,0,0,0,0,1,0,0,0,0,0,0,0,0,0,0,0,0,0,0,0,0,0,0,0,0,0,0,0,0,0,0,0,0,0,0,1,0,0,0,0,0,0,0,0,0,0,0,0,0,dobih:5178,DoBIH,18.5,https://www.hill-bagging.co.uk/dobih-downloads/hillcsv.zip,DoBIH_v18_5.csv,13396947,0c39e13ac59dd3fa172ac21dd56dd0f6fef19a14af47c7a5a444cce691e9f021,d27bc69dbb6d30a6f171ef277408831fe8763fc9043422f4e375e63f4cc190ea,2026-08-25T14:26:29+00:00,Creative Commons Attribution 4.0 International (CC BY 4.0) (https://creativecommons.org/licenses/by/4.0/),The Database of British and Irish Hills v18.5; https://www.hill-bagging.co.uk/dobih,Wales,52.791081,-3.256652,389,131,source_backed,pending,,pending,,pending,not_imported,warning,duplicate_name
5186,Yr Allt,,,30E,30E: Bala to Welshpool,,,WM01 Carneddwen-golfa,Powys,"Hu,2",126,240,232,761,SJ242100,SJ 24241 10007,106,SJ 2183 0877,126.1,no feature 250m S of trig point,,,,W,,19-Oct-14,Relocated from northern summit in Sept 2011. Col height determined with Trimble GeoXH 6000.,"https://www.streetmap.co.uk/map?X=324239&Y=310003&SV=324239,310003&A=Y&Z=115","https://www.google.com/maps/search/?api=1&query=52.682416,-3.122122",https://www.hill-bagging.co.uk/hill-view/?qu=S&rf=5186,324239,310003,52.682416,-3.122122,SJ2423910003,30.5,2136,Y Golfa,,0,0,1,0,1,0,0,0,0,0,0,0,0,0,0,0,0,0,0,0,0,1,0,0,0,0,0,0,0,0,0,0,0,0,0,0,0,0,0,0,0,0,0,0,0,0,0,0,0,0,0,1,0,0,0,0,0,0,0,0,0,0,0,0,0,dobih:5186,DoBIH,18.5,https://www.hill-bagging.co.uk/dobih-downloads/hillcsv.zip,DoBIH_v18_5.csv,13396947,0c39e13ac59dd3fa172ac21dd56dd0f6fef19a14af47c7a5a444cce691e9f021,d27bc69dbb6d30a6f171ef277408831fe8763fc9043422f4e375e63f4cc190ea,2026-08-25T14:26:29+00:00,Creative Commons Attribution 4.0 International (CC BY 4.0) (https://creativecommons.org/licenses/by/4.0/),The Database of British and Irish Hills v18.5; https://www.hill-bagging.co.uk/dobih,Wales,52.682416,-3.122122,232,106,source_backed,pending,,pending,,pending,not_imported,warning,duplicate_name
5188,Pen-y-coed,,,30E,30E: Bala to Welshpool,The Berwyns,,WN08 Berwyn-gyrn,Denbighshire [Sir Ddinbych],"Hu,2",117,255 256,220,722,SJ225414,SJ 22566 41475,105,SJ 2241 4100,115.2,no feature: ground by wall,summit in trees,,,W,,09-Feb-20,,"https://www.streetmap.co.uk/map?X=322564&Y=341472&SV=322564,341472&A=Y&Z=115","https://www.google.com/maps/search/?api=1&query=52.965008,-3.154366",https://www.hill-bagging.co.uk/hill-view/?qu=S&rf=5188,322564,341472,52.965008,-3.154366,SJ2256441472,30.5,2087,Cadair Berwyn,,0,0,1,0,1,0,0,0,0,0,0,0,0,0,0,0,0,0,0,0,0,1,0,0,0,0,0,0,0,0,0,0,0,0,0,0,0,0,0,0,0,0,0,0,0,0,0,0,0,0,0,1,0,0,0,0,0,0,0,0,0,0,0,0,0,dobih:5188,DoBIH,18.5,https://www.hill-bagging.co.uk/dobih-downloads/hillcsv.zip,DoBIH_v18_5.csv,13396947,0c39e13ac59dd3fa172ac21dd56dd0f6fef19a14af47c7a5a444cce691e9f021,d27bc69dbb6d30a6f171ef277408831fe8763fc9043422f4e375e63f4cc190ea,2026-08-25T14:26:29+00:00,Creative Commons Attribution 4.0 International (CC BY 4.0) (https://creativecommons.org/licenses/by/4.0/),The Database of British and Irish Hills v18.5; https://www.hill-bagging.co.uk/dobih,Wales,52.965008,-3.154366,220,105,source_backed,pending,,pending,,pending,not_imported,warning,duplicate_name
5190,Foel Ddu,,,30F,30F: Dolgellau to Machynlleth,Cadair Idris,,WN10 Aran-idris,Gwynedd,"Hu,4",124,023W,448,1470,SH697095,SH 69741 09555,129,SH705101,319,no feature,,,,W,,25-Jan-24,,"https://www.streetmap.co.uk/map?X=269738&Y=309551&SV=269738,309551&A=Y&Z=115","https://www.google.com/maps/search/?api=1&query=52.667986,-3.927748",https://www.hill-bagging.co.uk/hill-view/?qu=S&rf=5190,269738,309551,52.667986,-3.927748,SH6973809551,30.6,2137,Cadair Idris - Penygadair,,0,0,1,0,1,0,0,0,0,0,0,0,0,0,0,0,0,0,0,1,0,0,0,0,0,0,0,0,0,0,0,0,0,0,0,0,0,0,0,0,0,0,0,0,0,0,0,0,0,0,0,1,0,0,0,0,0,0,0,0,0,0,0,0,0,dobih:5190,DoBIH,18.5,https://www.hill-bagging.co.uk/dobih-downloads/hillcsv.zip,DoBIH_v18_5.csv,13396947,0c39e13ac59dd3fa172ac21dd56dd0f6fef19a14af47c7a5a444cce691e9f021,d27bc69dbb6d30a6f171ef277408831fe8763fc9043422f4e375e63f4cc190ea,2026-08-25T14:26:29+00:00,Creative Commons Attribution 4.0 International (CC BY 4.0) (https://creativecommons.org/licenses/by/4.0/),The Database of British and Irish Hills v18.5; https://www.hill-bagging.co.uk/dobih,Wales,52.667986,-3.927748,448,129,source_backed,pending,,pending,,pending,not_imported,warning,duplicate_name
5195,Moelfre,,,31A,31A: Aberystwyth to Welshpool,Central Wales - Pumlumon,,WM02 Pumlumon-amlwg,Powys,"Hu,4",135 136,215W,469,1539,SN848983,SN 84820 98358,106,SN849968,363,knoll,,,,W,,21-Dec-12,,"https://www.streetmap.co.uk/map?X=284817&Y=298354&SV=284817,298354&A=Y&Z=115","https://www.google.com/maps/search/?api=1&query=52.570787,-3.700965",https://www.hill-bagging.co.uk/hill-view/?qu=S&rf=5195,284817,298354,52.570787,-3.700965,SN8481798354,31.1,2161,Pumlumon Fawr [Plynlimon],,0,0,1,0,1,0,0,0,0,0,0,0,0,0,0,0,0,0,0,1,0,0,0,0,0,0,0,0,0,0,0,0,0,0,0,0,0,0,0,0,0,0,0,0,0,0,0,0,0,0,0,1,0,0,0,0,0,0,0,0,0,0,0,0,0,dobih:5195,DoBIH,18.5,https://www.hill-bagging.co.uk/dobih-downloads/hillcsv.zip,DoBIH_v18_5.csv,13396947,0c39e13ac59dd3fa172ac21dd56dd0f6fef19a14af47c7a5a444cce691e9f021,d27bc69dbb6d30a6f171ef277408831fe8763fc9043422f4e375e63f4cc190ea,2026-08-25T14:26:29+00:00,Creative Commons Attribution 4.0 International (CC BY 4.0) (https://creativecommons.org/licenses/by/4.0/),The Database of British and Irish Hills v18.5; https://www.hill-bagging.co.uk/dobih,Wales,52.570787,-3.700965,469,106,source_backed,pending,,pending,,pending,not_imported,warning,duplicate_name
5197,Dinas,,,31A,31A: Aberystwyth to Welshpool,Central Wales - Pumlumon,,WM02 Pumlumon-amlwg,Powys,"Hu,4",136,214W,445.3,1461,SN904885,SN 90409 88510,102.4,SN 9037 8941,342.8,no feature,rock 30m N at SN 90412 88542 is probably as high,Trimble GeoXH 6000,,W,,04-Oct-14,,"https://www.streetmap.co.uk/map?X=290406&Y=288506&SV=290406,288506&A=Y&Z=115","https://www.google.com/maps/search/?api=1&query=52.483443,-3.615283",https://www.hill-bagging.co.uk/hill-view/?qu=S&rf=5197,290406,288506,52.483443,-3.615283,SN9040688506,31.1,2170,Bryn Amlwg,,0,0,1,0,1,0,0,0,0,0,0,0,0,0,0,0,0,0,0,1,0,0,0,0,0,0,0,0,0,0,0,0,0,0,0,0,0,0,0,0,0,0,0,0,0,0,0,0,0,0,0,1,0,0,0,0,0,0,0,0,0,0,0,0,0,dobih:5197,DoBIH,18.5,https://www.hill-bagging.co.uk/dobih-downloads/hillcsv.zip,DoBIH_v18_5.csv,13396947,0c39e13ac59dd3fa172ac21dd56dd0f6fef19a14af47c7a5a444cce691e9f021,d27bc69dbb6d30a6f171ef277408831fe8763fc9043422f4e375e63f4cc190ea,2026-08-25T14:26:29+00:00,Creative Commons Attribution 4.0 International (CC BY 4.0) (https://creativecommons.org/licenses/by/4.0/),The Database of British and Irish Hills v18.5; https://www.hill-bagging.co.uk/dobih,Wales,52.483443,-3.615283,445.3,102.4,source_backed,pending,,pending,,pending,not_imported,warning,duplicate_name
5213,Y Foel,,,31B,31B: Welshpool to Hay-on-Wye,,,WM03 Pegwn-beacon,Powys,"Hu,4",136,214E,435,1427,SO018840,SO 01868 84072,116,SO022842,319,cairn,trees hamper GPS accuracy,,,W,,28-Mar-10,,"https://www.streetmap.co.uk/map?X=301866&Y=284068&SV=301866,284068&A=Y&Z=115","https://www.google.com/maps/search/?api=1&query=52.445741,-3.445292",https://www.hill-bagging.co.uk/hill-view/?qu=S&rf=5213,301866,284068,52.445741,-3.445292,SO0186684068,31.2,2182,Pegwn Mawr,,0,0,1,0,1,0,0,0,0,0,0,0,0,0,0,0,0,0,0,1,0,0,0,0,0,0,0,0,0,0,0,0,0,0,0,0,0,0,0,0,0,0,0,0,0,0,0,0,0,0,0,1,0,0,0,0,0,0,0,0,0,0,0,0,0,dobih:5213,DoBIH,18.5,https://www.hill-bagging.co.uk/dobih-downloads/hillcsv.zip,DoBIH_v18_5.csv,13396947,0c39e13ac59dd3fa172ac21dd56dd0f6fef19a14af47c7a5a444cce691e9f021,d27bc69dbb6d30a6f171ef277408831fe8763fc9043422f4e375e63f4cc190ea,2026-08-25T14:26:29+00:00,Creative Commons Attribution 4.0 International (CC BY 4.0) (https://creativecommons.org/licenses/by/4.0/),The Database of British and Irish Hills v18.5; https://www.hill-bagging.co.uk/dobih,Wales,52.445741,-3.445292,435,116,source_backed,pending,,pending,,pending,not_imported,warning,duplicate_name
5214,Moelfre,,,31B,31B: Welshpool to Hay-on-Wye,,,WM03 Pegwn-beacon,Powys,"Hu,4",136,214W,429,1407,SN995829,SN 99547 82921,120,SN994805,309,cairn,,Abney level,,W,,21-Dec-12,,"https://www.streetmap.co.uk/map?X=299544&Y=282916&SV=299544,282916&A=Y&Z=115","https://www.google.com/maps/search/?api=1&query=52.434974,-3.479083",https://www.hill-bagging.co.uk/hill-view/?qu=S&rf=5214,299544,282916,52.434974,-3.479083,SN9954482916,31.2,2182,Pegwn Mawr,,0,0,1,0,1,0,0,0,0,0,0,0,0,0,0,0,0,0,0,1,0,0,0,0,0,0,0,0,0,0,0,0,0,0,0,0,0,0,0,0,0,0,0,0,0,0,0,0,0,0,0,1,0,0,0,0,0,0,0,0,0,0,0,0,0,dobih:5214,DoBIH,18.5,https://www.hill-bagging.co.uk/dobih-downloads/hillcsv.zip,DoBIH_v18_5.csv,13396947,0c39e13ac59dd3fa172ac21dd56dd0f6fef19a14af47c7a5a444cce691e9f021,d27bc69dbb6d30a6f171ef277408831fe8763fc9043422f4e375e63f4cc190ea,2026-08-25T14:26:29+00:00,Creative Commons Attribution 4.0 International (CC BY 4.0) (https://creativecommons.org/licenses/by/4.0/),The Database of British and Irish Hills v18.5; https://www.hill-bagging.co.uk/dobih,Wales,52.434974,-3.479083,429,120,source_backed,pending,,pending,,pending,not_imported,warning,duplicate_name
5220,Bryn Mawr,,,31B,31B: Welshpool to Hay-on-Wye,,,WM03 Pegwn-beacon,Powys,"Hu,4",136,214W,405.1,1329,SN944803,SN 94492 80305,110,SN940797,295,no feature: grassy rise,ground 70m NW at SN 94448 80359 is 0.6m lower; ground 130m NNW at SN 94428 80421 is 1.6m lower,Trimble GeoXH 6000,,W,,03-Jun-24,,"https://www.streetmap.co.uk/map?X=294489&Y=280300&SV=294489,280300&A=Y&Z=115","https://www.google.com/maps/search/?api=1&query=52.410511,-3.552586",https://www.hill-bagging.co.uk/hill-view/?qu=S&rf=5220,294489,280300,52.410511,-3.552586,SN9448980300,31.2,2188,Garreg Lwyd,,0,0,1,0,1,0,0,0,0,0,0,0,0,0,0,0,0,0,0,1,0,0,0,0,0,0,0,0,0,0,0,0,0,0,0,0,0,0,0,0,0,0,0,0,0,0,0,0,0,0,0,1,0,0,0,0,0,0,0,0,0,0,0,0,0,dobih:5220,DoBIH,18.5,https://www.hill-bagging.co.uk/dobih-downloads/hillcsv.zip,DoBIH_v18_5.csv,13396947,0c39e13ac59dd3fa172ac21dd56dd0f6fef19a14af47c7a5a444cce691e9f021,d27bc69dbb6d30a6f171ef277408831fe8763fc9043422f4e375e63f4cc190ea,2026-08-25T14:26:29+00:00,Creative Commons Attribution 4.0 International (CC BY 4.0) (https://creativecommons.org/licenses/by/4.0/),The Database of British and Irish Hills v18.5; https://www.hill-bagging.co.uk/dobih,Wales,52.410511,-3.552586,405.1,110,source_backed,pending,,pending,,pending,not_imported,warning,duplicate_name
5221,Castle Hill,,,31B,31B: Welshpool to Hay-on-Wye,,,WM03 Pegwn-beacon,Powys,"Hu,3",136 147,200E,388,1273,SO007685,SO 00765 68526,125,SO007694,263,mound,,,,W,,14-Aug-11,,"https://www.streetmap.co.uk/map?X=300763&Y=268521&SV=300763,268521&A=Y&Z=115","https://www.google.com/maps/search/?api=1&query=52.305824,-3.456909",https://www.hill-bagging.co.uk/hill-view/?qu=S&rf=5221,300763,268521,52.305824,-3.456909,SO0076368521,31.2,2182,Pegwn Mawr,,0,0,1,0,1,0,0,0,0,0,0,0,0,0,0,0,0,0,0,0,1,0,0,0,0,0,0,0,0,0,0,0,0,0,0,0,0,0,0,0,0,0,0,0,0,0,0,0,0,0,0,1,0,0,0,0,0,0,0,0,0,0,0,0,0,dobih:5221,DoBIH,18.5,https://www.hill-bagging.co.uk/dobih-downloads/hillcsv.zip,DoBIH_v18_5.csv,13396947,0c39e13ac59dd3fa172ac21dd56dd0f6fef19a14af47c7a5a444cce691e9f021,d27bc69dbb6d30a6f171ef277408831fe8763fc9043422f4e375e63f4cc190ea,2026-08-25T14:26:29+00:00,Creative Commons Attribution 4.0 International (CC BY 4.0) (https://creativecommons.org/licenses/by/4.0/),The Database of British and Irish Hills v18.5; https://www.hill-bagging.co.uk/dobih,Wales,52.305824,-3.456909,388,125,source_backed,pending,,pending,,pending,not_imported,warning,duplicate_name
5222,Breidden Hill,,,31B,31B: Welshpool to Hay-on-Wye,,,EC02 Clee-corndon,Powys,"Hu,3",126,240,366.6,1203,SJ295144,SJ 29512 14417,106.7,SJ291130,259.9,rock at base of monument,trig point 5m N is lower,Abney level/Trimble GeoXH 6000,,W,,30-Oct-14,,"https://www.streetmap.co.uk/map?X=329510&Y=314413&SV=329510,314413&A=Y&Z=115","https://www.google.com/maps/search/?api=1&query=52.722767,-3.045111",https://www.hill-bagging.co.uk/hill-view/?qu=S&rf=5222,329510,314413,52.722767,-3.045111,SJ2951014413,31.2,2201,Moel y Golfa,,0,0,1,0,1,0,0,0,0,0,0,0,0,0,0,0,0,0,0,0,1,0,0,0,0,0,0,0,0,0,0,0,0,0,0,0,0,0,0,0,0,0,0,0,0,0,0,0,0,0,0,1,0,0,0,0,0,0,0,0,0,0,0,0,0,dobih:5222,DoBIH,18.5,https://www.hill-bagging.co.uk/dobih-downloads/hillcsv.zip,DoBIH_v18_5.csv,13396947,0c39e13ac59dd3fa172ac21dd56dd0f6fef19a14af47c7a5a444cce691e9f021,d27bc69dbb6d30a6f171ef277408831fe8763fc9043422f4e375e63f4cc190ea,2026-08-25T14:26:29+00:00,Creative Commons Attribution 4.0 International (CC BY 4.0) (https://creativecommons.org/licenses/by/4.0/),The Database of British and Irish Hills v18.5; https://www.hill-bagging.co.uk/dobih,Wales,52.722767,-3.045111,366.6,106.7,source_backed,pending,,pending,,pending,not_imported,warning,england_wales_border_source_signal
5228,Y Garth,,,31C,31C: South-West Wales,Central Wales - Elan Valley,,WM05 Drygarn-epynt,Powys,"Hu,4",147,200W,433,1421,SN934558,SN 93447 55853,105.1,SN 9369 5640,327.8,small rocky outcrop,,Abney level/Trimble GeoXH 6000,,W,,12-Sep-15,Summit height is 433.0m,"https://www.streetmap.co.uk/map?X=293444&Y=255848&SV=293444,255848&A=Y&Z=115","https://www.google.com/maps/search/?api=1&query=52.190557,-3.560199",https://www.hill-bagging.co.uk/hill-view/?qu=S&rf=5228,293444,255848,52.190557,-3.560199,SN9344455848,31.3,2203,Drygarn Fawr,,0,0,1,0,1,0,0,0,0,0,0,0,0,0,0,0,0,0,0,1,0,0,0,0,0,0,0,0,0,0,0,0,0,0,0,0,0,0,0,0,0,0,0,0,0,0,0,0,0,0,0,1,0,0,0,0,0,0,0,0,0,0,0,0,0,dobih:5228,DoBIH,18.5,https://www.hill-bagging.co.uk/dobih-downloads/hillcsv.zip,DoBIH_v18_5.csv,13396947,0c39e13ac59dd3fa172ac21dd56dd0f6fef19a14af47c7a5a444cce691e9f021,d27bc69dbb6d30a6f171ef277408831fe8763fc9043422f4e375e63f4cc190ea,2026-08-25T14:26:29+00:00,Creative Commons Attribution 4.0 International (CC BY 4.0) (https://creativecommons.org/licenses/by/4.0/),The Database of British and Irish Hills v18.5; https://www.hill-bagging.co.uk/dobih,Wales,52.190557,-3.560199,433,105.1,source_backed,pending,,pending,,pending,not_imported,warning,duplicate_name
5231,Mynydd Bach,,,31C,31C: South-West Wales,,,WM05 Drygarn-epynt,Cardiganshire [Ceredigion],"Hu,3",135 147,213,374.1,1227,SN712707,SN 71301 70789,133.8,SN 7278 7044,240.3,ground in felled conifers,ground 50m S at SN 71283 70744 and 65m S at SN 71275 70724 are slightly lower; ground 410m W at SN 70893 70715 is 1.7m lower; all other summits are at least 3m lower,,,W,,30-Aug-20,,"https://www.streetmap.co.uk/map?X=271298&Y=270784&SV=271298,270784&A=Y&Z=115","https://www.google.com/maps/search/?api=1&query=52.320039,-3.889697",https://www.hill-bagging.co.uk/hill-view/?qu=S&rf=5231,271298,270784,52.320039,-3.889697,SN7129870784,31.3,2207,Llan Ddu Fawr [Carnyrhyrddod] [Waun Claerddu],,0,0,1,0,1,0,0,0,0,0,0,0,0,0,0,0,0,0,0,0,1,0,0,0,0,0,0,0,0,0,0,0,0,0,0,0,0,0,0,0,0,0,0,0,0,0,0,0,0,0,0,1,0,0,0,0,0,0,0,0,0,0,0,0,0,dobih:5231,DoBIH,18.5,https://www.hill-bagging.co.uk/dobih-downloads/hillcsv.zip,DoBIH_v18_5.csv,13396947,0c39e13ac59dd3fa172ac21dd56dd0f6fef19a14af47c7a5a444cce691e9f021,d27bc69dbb6d30a6f171ef277408831fe8763fc9043422f4e375e63f4cc190ea,2026-08-25T14:26:29+00:00,Creative Commons Attribution 4.0 International (CC BY 4.0) (https://creativecommons.org/licenses/by/4.0/),The Database of British and Irish Hills v18.5; https://www.hill-bagging.co.uk/dobih,Wales,52.320039,-3.889697,374.1,133.8,source_backed,pending,,pending,,pending,not_imported,warning,duplicate_name
5251,Pen y Fan,,,31C,31C: South-West Wales,,,WM06 Cwmcerwyn-brandy,Pembrokeshire [Sir Benfro],"Hu,1",145 157,0035E,142,466,SN005411,SN 00559 41160,136,SN013399,6,ground within 2m of trig point,,obvious summit,,W,,25-Jan-24,,"https://www.streetmap.co.uk/map?X=200556&Y=241155&SV=200556,241155&A=Y&Z=115","https://www.google.com/maps/search/?api=1&query=52.032855,-4.908995",https://www.hill-bagging.co.uk/hill-view/?qu=S&rf=5251,200556,241155,52.032855,-4.908995,SN0055641155,31.3,2215,Mynydd Carningli,,0,0,1,0,1,0,0,0,0,0,0,0,0,0,0,0,0,0,0,0,0,0,1,0,0,0,0,0,0,0,0,0,0,0,0,0,0,0,0,0,0,0,0,0,0,0,0,0,0,0,0,1,0,0,0,0,0,0,0,0,0,0,0,0,0,dobih:5251,DoBIH,18.5,https://www.hill-bagging.co.uk/dobih-downloads/hillcsv.zip,DoBIH_v18_5.csv,13396947,0c39e13ac59dd3fa172ac21dd56dd0f6fef19a14af47c7a5a444cce691e9f021,d27bc69dbb6d30a6f171ef277408831fe8763fc9043422f4e375e63f4cc190ea,2026-08-25T14:26:29+00:00,Creative Commons Attribution 4.0 International (CC BY 4.0) (https://creativecommons.org/licenses/by/4.0/),The Database of British and Irish Hills v18.5; https://www.hill-bagging.co.uk/dobih,Wales,52.032855,-4.908995,142,136,source_backed,pending,,pending,,pending,not_imported,warning,duplicate_name
5254,Moelfre,,,32A,32A: Llandovery to Monmouth,,,WM05 Drygarn-epynt,Powys,"Hu,4",147,188,442,1450,SO010483,SO 01053 48370,104,SO002480,338,no feature 120m WSW of trig point,ground is 80cm above trig point flush bracket (SO 01168 48411),Abney level,,W,,21-Dec-12,,"https://www.streetmap.co.uk/map?X=301051&Y=248365&SV=301051,248365&A=Y&Z=115","https://www.google.com/maps/search/?api=1&query=52.124720,-3.446788",https://www.hill-bagging.co.uk/hill-view/?qu=S&rf=5254,301051,248365,52.12472,-3.446788,SO0105148365,32.1,2270,Mynydd Epynt [Mynydd Eppynt],,0,0,1,0,1,0,0,0,0,0,0,0,0,0,0,0,0,0,0,1,0,0,0,0,0,0,0,0,0,0,0,0,0,0,0,0,0,0,0,0,0,0,0,0,0,0,0,0,0,0,0,1,0,0,0,0,0,0,0,0,0,0,0,0,0,dobih:5254,DoBIH,18.5,https://www.hill-bagging.co.uk/dobih-downloads/hillcsv.zip,DoBIH_v18_5.csv,13396947,0c39e13ac59dd3fa172ac21dd56dd0f6fef19a14af47c7a5a444cce691e9f021,d27bc69dbb6d30a6f171ef277408831fe8763fc9043422f4e375e63f4cc190ea,2026-08-25T14:26:29+00:00,Creative Commons Attribution 4.0 International (CC BY 4.0) (https://creativecommons.org/licenses/by/4.0/),The Database of British and Irish Hills v18.5; https://www.hill-bagging.co.uk/dobih,Wales,52.12472,-3.446788,442,104,source_backed,pending,,pending,,pending,not_imported,warning,duplicate_name
5260,Yr Allt,,,32A,32A: Llandovery to Monmouth,,,WM05 Drygarn-epynt,Powys,"Hu,3",160,012E,333,1093,SO085307,SO 08595 30732,107,SO082312,226,trig point,,,,W,,21-Dec-12,,"https://www.streetmap.co.uk/map?X=308593&Y=230727&SV=308593,230727&A=Y&Z=115","https://www.google.com/maps/search/?api=1&query=51.967483,-3.331930",https://www.hill-bagging.co.uk/hill-view/?qu=S&rf=5260,308593,230727,51.967483,-3.33193,SO0859330727,32.1,2270,Mynydd Epynt [Mynydd Eppynt],,0,0,1,0,1,0,0,0,0,0,0,0,0,0,0,0,0,0,0,0,1,0,0,0,0,0,0,0,0,0,0,0,0,0,0,0,0,0,0,0,0,0,0,0,0,0,0,0,0,0,0,1,0,0,0,0,0,0,0,0,0,0,0,0,0,dobih:5260,DoBIH,18.5,https://www.hill-bagging.co.uk/dobih-downloads/hillcsv.zip,DoBIH_v18_5.csv,13396947,0c39e13ac59dd3fa172ac21dd56dd0f6fef19a14af47c7a5a444cce691e9f021,d27bc69dbb6d30a6f171ef277408831fe8763fc9043422f4e375e63f4cc190ea,2026-08-25T14:26:29+00:00,Creative Commons Attribution 4.0 International (CC BY 4.0) (https://creativecommons.org/licenses/by/4.0/),The Database of British and Irish Hills v18.5; https://www.hill-bagging.co.uk/dobih,Wales,51.967483,-3.33193,333,107,source_backed,pending,,pending,,pending,not_imported,warning,duplicate_name
5264,Garth,,,32A,32A: Llandovery to Monmouth,,,WM05 Drygarn-epynt,Powys,"Hu,2",147,188 200E,280.4,920,SO053506,SO 05323 50632,109,SO 0437 4973,171,ground within 1m of trig point,ground 7m SSW of trig is slightly lower,Abney level,,W,,24-Mar-25,,"https://www.streetmap.co.uk/map?X=305321&Y=250627&SV=305321,250627&A=Y&Z=115","https://www.google.com/maps/search/?api=1&query=52.1458,-3.385065",https://www.hill-bagging.co.uk/hill-view/?qu=S&rf=5264,305321,250627,52.1458,-3.385065,SO0532150627,32.1,2270,Mynydd Epynt [Mynydd Eppynt],,0,0,1,0,1,0,0,0,0,0,0,0,0,0,0,0,0,0,0,0,0,1,0,0,0,0,0,0,0,0,0,0,0,0,0,0,0,0,0,0,0,0,0,0,0,0,0,0,0,0,0,1,0,0,0,0,0,0,0,0,0,0,0,0,0,dobih:5264,DoBIH,18.5,https://www.hill-bagging.co.uk/dobih-downloads/hillcsv.zip,DoBIH_v18_5.csv,13396947,0c39e13ac59dd3fa172ac21dd56dd0f6fef19a14af47c7a5a444cce691e9f021,d27bc69dbb6d30a6f171ef277408831fe8763fc9043422f4e375e63f4cc190ea,2026-08-25T14:26:29+00:00,Creative Commons Attribution 4.0 International (CC BY 4.0) (https://creativecommons.org/licenses/by/4.0/),The Database of British and Irish Hills v18.5; https://www.hill-bagging.co.uk/dobih,Wales,52.1458,-3.385065,280.4,109,source_backed,pending,,pending,,pending,not_imported,warning,duplicate_name
5266,Long Hill,,,32A,32A: Llandovery to Monmouth,,,WS04 Waunfach-black,Monmouthshire [Sir Fynwy],"Hu,2",161,014W,206.4,677,SO480122,SO 48013 12233,108.8,SO 4685 1384,97.6,ground in trees a few metres N of track,,,,W,,14-Oct-19,,"https://www.streetmap.co.uk/map?X=348011&Y=212228&SV=348011,212228&A=Y&Z=115","https://www.google.com/maps/search/?api=1&query=51.806264,-2.755437",https://www.hill-bagging.co.uk/hill-view/?qu=S&rf=5266,348011,212228,51.806264,-2.755437,SO4801112228,32.1,2272,Craig Syfyrddin - Edmund's Tump,,0,0,1,0,1,0,0,0,0,0,0,0,0,0,0,0,0,0,0,0,0,1,0,0,0,0,0,0,0,0,0,0,0,0,0,0,0,0,0,0,0,0,0,0,0,0,0,0,0,0,0,1,0,0,0,0,0,0,0,0,0,0,0,0,0,dobih:5266,DoBIH,18.5,https://www.hill-bagging.co.uk/dobih-downloads/hillcsv.zip,DoBIH_v18_5.csv,13396947,0c39e13ac59dd3fa172ac21dd56dd0f6fef19a14af47c7a5a444cce691e9f021,d27bc69dbb6d30a6f171ef277408831fe8763fc9043422f4e375e63f4cc190ea,2026-08-25T14:26:29+00:00,Creative Commons Attribution 4.0 International (CC BY 4.0) (https://creativecommons.org/licenses/by/4.0/),The Database of British and Irish Hills v18.5; https://www.hill-bagging.co.uk/dobih,Wales,51.806264,-2.755437,206.4,108.8,source_backed,pending,,pending,,pending,not_imported,warning,duplicate_name
5275,Mynydd Dinas,,,32C,32C: Neath to Chepstow,,,WS02 Fanfawr-fynyddau,Rhondda Cynon Taff,3,170,166W,312,1024,ST007906,ST 00721 90662,86,ST015901,226,outcrop,,,,W,,08-Nov-20,Deleted from Humps in Feb 2010,"https://www.streetmap.co.uk/map?X=300719&Y=190657&SV=300719,190657&A=Y&Z=115","https://www.google.com/maps/search/?api=1&query=51.605968,-3.435032",https://www.hill-bagging.co.uk/hill-view/?qu=S&rf=5275,300719,190657,51.605968,-3.435032,ST0071990657,32.3,2295,Mynydd y Glyn,,0,0,0,0,1,0,0,0,0,0,0,0,0,0,0,0,0,0,0,0,1,0,0,0,0,0,0,0,0,0,0,0,0,0,0,0,0,0,0,0,0,0,0,0,0,0,0,0,0,0,0,1,0,0,0,0,0,0,0,0,0,0,0,0,0,dobih:5275,DoBIH,18.5,https://www.hill-bagging.co.uk/dobih-downloads/hillcsv.zip,DoBIH_v18_5.csv,13396947,0c39e13ac59dd3fa172ac21dd56dd0f6fef19a14af47c7a5a444cce691e9f021,d27bc69dbb6d30a6f171ef277408831fe8763fc9043422f4e375e63f4cc190ea,2026-08-25T14:26:29+00:00,Creative Commons Attribution 4.0 International (CC BY 4.0) (https://creativecommons.org/licenses/by/4.0/),The Database of British and Irish Hills v18.5; https://www.hill-bagging.co.uk/dobih,Wales,51.605968,-3.435032,312,86,source_backed,pending,,pending,,pending,not_imported,warning,duplicate_name
5276,Beacon Hill,,,32C,32C: Neath to Chepstow,,,WS04 Waunfach-black,Monmouthshire [Sir Fynwy],"Hu,3",162,014W,306,1004,SO512053,SO 51219 05381,104,SO 4776 0319,202.3,trig point,,,,W,,09-Feb-20,,"https://www.streetmap.co.uk/map?X=351217&Y=205376&SV=351217,205376&A=Y&Z=115","https://www.google.com/maps/search/?api=1&query=51.744950,-2.707976",https://www.hill-bagging.co.uk/hill-view/?qu=S&rf=5276,351217,205376,51.74495,-2.707976,SO5121705376,32.3,2298,Wentwood,,0,0,1,0,1,0,0,0,0,0,0,0,0,0,0,0,0,0,0,0,1,0,0,0,0,0,0,0,0,0,0,0,0,0,0,0,0,0,0,0,0,0,0,0,0,0,0,0,0,0,0,1,0,0,0,0,0,0,0,0,0,0,0,0,0,dobih:5276,DoBIH,18.5,https://www.hill-bagging.co.uk/dobih-downloads/hillcsv.zip,DoBIH_v18_5.csv,13396947,0c39e13ac59dd3fa172ac21dd56dd0f6fef19a14af47c7a5a444cce691e9f021,d27bc69dbb6d30a6f171ef277408831fe8763fc9043422f4e375e63f4cc190ea,2026-08-25T14:26:29+00:00,Creative Commons Attribution 4.0 International (CC BY 4.0) (https://creativecommons.org/licenses/by/4.0/),The Database of British and Irish Hills v18.5; https://www.hill-bagging.co.uk/dobih,Wales,51.74495,-2.707976,306,104,source_backed,pending,,pending,,pending,not_imported,warning,duplicate_name
5606,Pen y Garn Fawr [North Daren],,,32A,32A: Llandovery to Monmouth,Black Mountains,,WS04 Waunfach-black,"Herefordshire, Monmouthshire [Sir Fynwy]",O,161,013N,610,2001,SO281307,SO 28109 30776,0,SO281307,610,trig point,,,,W,,15-Dec-18,On Bridge list,"https://www.streetmap.co.uk/map?X=328107&Y=230771&SV=328107,230771&A=Y&Z=115","https://www.google.com/maps/search/?api=1&query=51.970749,-3.047949",https://www.hill-bagging.co.uk/hill-view/?qu=S&rf=5606,328107,230771,51.970749,-3.047949,SO2810730771,32.1,2242,Black Mountain,,0,0,0,0,0,0,0,0,0,0,0,0,0,0,0,0,0,0,0,0,0,0,0,0,0,0,0,0,0,0,0,0,0,0,0,0,0,0,0,0,0,0,0,0,0,0,0,0,0,1,0,0,0,0,0,0,0,0,0,0,0,0,0,1,0,dobih:5606,DoBIH,18.5,https://www.hill-bagging.co.uk/dobih-downloads/hillcsv.zip,DoBIH_v18_5.csv,13396947,0c39e13ac59dd3fa172ac21dd56dd0f6fef19a14af47c7a5a444cce691e9f021,d27bc69dbb6d30a6f171ef277408831fe8763fc9043422f4e375e63f4cc190ea,2026-08-25T14:26:29+00:00,Creative Commons Attribution 4.0 International (CC BY 4.0) (https://creativecommons.org/licenses/by/4.0/),The Database of British and Irish Hills v18.5; https://www.hill-bagging.co.uk/dobih,Wales,51.970749,-3.047949,610,0,source_backed,pending,,pending,,pending,not_imported,warning,england_wales_border_source_signal
7499,Mynydd Mawr,,,30A,30A: Anglesey and the Lleyn Peninsula,,,WN01 Hebog-anelog,Gwynedd,"1,sHu",123,253,160,525,SH140258,SH 14026 25875,96,SH149262,64,rock outcrop,embedded rock 55m W at SH 13970 25876 is about as high,Trimble GeoXH 6000,,W,,07-May-12,Height measured as 160.0m,"https://www.streetmap.co.uk/map?X=214022&Y=325871&SV=214022,325871&A=Y&Z=115","https://www.google.com/maps/search/?api=1&query=52.798275,-4.76004",https://www.hill-bagging.co.uk/hill-view/?qu=S&rf=7499,214022,325871,52.798275,-4.76004,SH1402225871,30.1,1960,Mynydd Anelog,,0,0,0,0,1,0,0,0,0,0,0,0,0,0,0,0,0,0,0,0,0,0,1,0,0,0,0,0,0,0,0,0,0,0,0,0,0,0,0,0,0,1,0,0,0,0,0,0,0,0,0,0,0,0,0,0,0,0,0,0,0,0,0,0,0,dobih:7499,DoBIH,18.5,https://www.hill-bagging.co.uk/dobih-downloads/hillcsv.zip,DoBIH_v18_5.csv,13396947,0c39e13ac59dd3fa172ac21dd56dd0f6fef19a14af47c7a5a444cce691e9f021,d27bc69dbb6d30a6f171ef277408831fe8763fc9043422f4e375e63f4cc190ea,2026-08-25T14:26:29+00:00,Creative Commons Attribution 4.0 International (CC BY 4.0) (https://creativecommons.org/licenses/by/4.0/),The Database of British and Irish Hills v18.5; https://www.hill-bagging.co.uk/dobih,Wales,52.798275,-4.76004,160,96,source_backed,pending,,pending,,pending,not_imported,warning,duplicate_name
7513,Foel,,,30A,30A: Anglesey and the Lleyn Peninsula,,,WN01 Hebog-anelog,Gwynedd,"Hu,2",115 123,254,221.3,726,SH450506,SH 45025 50677,101.2,SH 45823 50106,120.1,cairn,,Leica NA730/Leica GS15/Trimble GeoXH 6000,,W,,07-Apr-14,Promoted to Hump Feb 2014,"https://www.streetmap.co.uk/map?X=245022&Y=350674&SV=245022,350674&A=Y&Z=115","https://www.google.com/maps/search/?api=1&query=53.030854,-4.312510",https://www.hill-bagging.co.uk/hill-view/?qu=S&rf=7513,245022,350674,53.030854,-4.31251,SH4502250674,30.1,1999,Craig Cwm Silyn,,0,0,1,0,1,0,0,0,0,0,0,0,0,0,0,0,0,0,0,0,0,1,0,0,0,0,0,0,0,0,0,0,0,0,0,0,0,0,0,0,0,0,0,0,0,0,0,0,0,0,0,1,0,0,0,0,0,0,0,0,0,0,0,0,0,dobih:7513,DoBIH,18.5,https://www.hill-bagging.co.uk/dobih-downloads/hillcsv.zip,DoBIH_v18_5.csv,13396947,0c39e13ac59dd3fa172ac21dd56dd0f6fef19a14af47c7a5a444cce691e9f021,d27bc69dbb6d30a6f171ef277408831fe8763fc9043422f4e375e63f4cc190ea,2026-08-25T14:26:29+00:00,Creative Commons Attribution 4.0 International (CC BY 4.0) (https://creativecommons.org/licenses/by/4.0/),The Database of British and Irish Hills v18.5; https://www.hill-bagging.co.uk/dobih,Wales,53.030854,-4.31251,221.3,101.2,source_backed,pending,,pending,,pending,not_imported,warning,duplicate_name
7523,Pen Coed Mawr,,,30C,30C: Llandudno to Wrexham,,,WN07 Gamelin-famau,Denbighshire [Sir Ddinbych],"3,sHu",125,255 256,313.5,1029,SJ091444,SJ 09129 44419,91,SJ097455,223,low mound,rock on E summit 300m away at SJ 09434 44365 is 0.46m lower,Leica NA730/Leica GS15,,W,,23-Nov-22,,"https://www.streetmap.co.uk/map?X=309127&Y=344416&SV=309127,344416&A=Y&Z=115","https://www.google.com/maps/search/?api=1&query=52.989354,-3.3552",https://www.hill-bagging.co.uk/hill-view/?qu=S&rf=7523,309127,344416,52.989354,-3.3552,SJ0912744416,30.3,2040,Cyrn-y-Brain,,0,0,0,0,1,0,0,0,0,0,0,0,0,0,0,0,0,0,0,0,1,0,0,0,0,0,0,0,0,0,0,0,0,0,0,0,0,0,0,0,0,1,0,0,0,0,0,0,0,0,0,0,0,0,0,0,0,0,0,0,0,0,0,0,0,dobih:7523,DoBIH,18.5,https://www.hill-bagging.co.uk/dobih-downloads/hillcsv.zip,DoBIH_v18_5.csv,13396947,0c39e13ac59dd3fa172ac21dd56dd0f6fef19a14af47c7a5a444cce691e9f021,d27bc69dbb6d30a6f171ef277408831fe8763fc9043422f4e375e63f4cc190ea,2026-08-25T14:26:29+00:00,Creative Commons Attribution 4.0 International (CC BY 4.0) (https://creativecommons.org/licenses/by/4.0/),The Database of British and Irish Hills v18.5; https://www.hill-bagging.co.uk/dobih,Wales,52.989354,-3.3552,313.5,91,source_backed,pending,,pending,,pending,not_imported,warning,duplicate_name
7531,Bryn Bras,,,30D,30D: Barmouth to Betws-y-Coed and Bala,The Arenigs,,WN05 Siabod-arenig,Gwynedd,s5,125,018E,536,1759,SH966419,SH 96605 41944,22,SH964421,514,no feature: ground on large grassy mound,,obvious summit,,W,,27-Nov-11,,"https://www.streetmap.co.uk/map?X=296602&Y=341941&SV=296602,341941&A=Y&Z=115","https://www.google.com/maps/search/?api=1&query=52.964841,-3.540914",https://www.hill-bagging.co.uk/hill-view/?qu=S&rf=7531,296602,341941,52.964841,-3.540914,SH9660241941,30.4,2079,Foel Goch,,0,0,0,0,0,0,0,0,0,0,0,0,0,0,0,0,0,0,0,0,0,0,0,0,0,0,0,0,0,0,0,0,0,0,0,0,0,0,0,0,0,0,0,1,0,0,0,0,0,0,0,0,0,0,0,0,0,0,0,0,0,0,0,0,0,dobih:7531,DoBIH,18.5,https://www.hill-bagging.co.uk/dobih-downloads/hillcsv.zip,DoBIH_v18_5.csv,13396947,0c39e13ac59dd3fa172ac21dd56dd0f6fef19a14af47c7a5a444cce691e9f021,d27bc69dbb6d30a6f171ef277408831fe8763fc9043422f4e375e63f4cc190ea,2026-08-25T14:26:29+00:00,Creative Commons Attribution 4.0 International (CC BY 4.0) (https://creativecommons.org/licenses/by/4.0/),The Database of British and Irish Hills v18.5; https://www.hill-bagging.co.uk/dobih,Wales,52.964841,-3.540914,536,22,source_backed,pending,,pending,,pending,not_imported,warning,duplicate_name
7550,Y Drum,,,30E,30E: Bala to Welshpool,The Berwyns,,WN08 Berwyn-gyrn,Denbighshire [Sir Ddinbych],"5,Dew",125,255,579.1,1900,SJ082378,SJ 08249 37897,30,SJ 0798 3826,549.1,grassy outcrop,,obvious summit//Leica RX1250,,W,,11-Dec-25,,"https://www.streetmap.co.uk/map?X=308247&Y=337894&SV=308247,337894&A=Y&Z=115","https://www.google.com/maps/search/?api=1&query=52.930592,-3.366456",https://www.hill-bagging.co.uk/hill-view/?qu=S&rf=7550,308247,337894,52.930592,-3.366456,SJ0824737894,30.5,2087,Cadair Berwyn,,0,0,0,0,1,0,1,0,0,0,0,0,0,0,0,0,1,0,0,0,0,0,0,0,0,0,0,0,0,0,0,0,0,0,0,0,0,0,0,0,0,0,0,0,0,0,0,0,0,0,0,0,0,0,0,0,0,0,0,0,0,0,0,0,0,dobih:7550,DoBIH,18.5,https://www.hill-bagging.co.uk/dobih-downloads/hillcsv.zip,DoBIH_v18_5.csv,13396947,0c39e13ac59dd3fa172ac21dd56dd0f6fef19a14af47c7a5a444cce691e9f021,d27bc69dbb6d30a6f171ef277408831fe8763fc9043422f4e375e63f4cc190ea,2026-08-25T14:26:29+00:00,Creative Commons Attribution 4.0 International (CC BY 4.0) (https://creativecommons.org/licenses/by/4.0/),The Database of British and Irish Hills v18.5; https://www.hill-bagging.co.uk/dobih,Wales,52.930592,-3.366456,579.1,30,source_backed,pending,,pending,,pending,not_imported,warning,duplicate_name
7551,Foel Ddu,,,30E,30E: Bala to Welshpool,The Arans,,WN10 Aran-idris,Gwynedd,s5,124 125,023E,558,1831,SH840228,SH 84028 22900,21,SH841226,537,no feature,,,,W,,27-Nov-11,,"https://www.streetmap.co.uk/map?X=284025&Y=322896&SV=284025,322896&A=Y&Z=115","https://www.google.com/maps/search/?api=1&query=52.791148,-3.721296",https://www.hill-bagging.co.uk/hill-view/?qu=S&rf=7551,284025,322896,52.791148,-3.721296,SH8402522896,30.5,2083,Aran Fawddwy,,0,0,0,0,0,0,0,0,0,0,0,0,0,0,0,0,0,0,0,0,0,0,0,0,0,0,0,0,0,0,0,0,0,0,0,0,0,0,0,0,0,0,0,1,0,0,0,0,0,0,0,0,0,0,0,0,0,0,0,0,0,0,0,0,0,dobih:7551,DoBIH,18.5,https://www.hill-bagging.co.uk/dobih-downloads/hillcsv.zip,DoBIH_v18_5.csv,13396947,0c39e13ac59dd3fa172ac21dd56dd0f6fef19a14af47c7a5a444cce691e9f021,d27bc69dbb6d30a6f171ef277408831fe8763fc9043422f4e375e63f4cc190ea,2026-08-25T14:26:29+00:00,Creative Commons Attribution 4.0 International (CC BY 4.0) (https://creativecommons.org/licenses/by/4.0/),The Database of British and Irish Hills v18.5; https://www.hill-bagging.co.uk/dobih,Wales,52.791148,-3.721296,558,21,source_backed,pending,,pending,,pending,not_imported,warning,duplicate_name
7557,Bryn Mawr,,,30E,30E: Bala to Welshpool,The Arans,,WN10 Aran-idris,Powys,s5,125,023E 239,534,1752,SH951219,SH 95116 21928,22,SH941219,512,no feature,flat summit area,,,W,,23-Oct-23,,"https://www.streetmap.co.uk/map?X=295113&Y=321924&SV=295113,321924&A=Y&Z=115","https://www.google.com/maps/search/?api=1&query=52.784684,-3.556621",https://www.hill-bagging.co.uk/hill-view/?qu=S&rf=7557,295113,321924,52.784684,-3.556621,SH9511321924,30.5,2104,Esgeiriau Gwynion [Foel Rhudd],,0,0,0,0,0,0,0,0,0,0,0,0,0,0,0,0,0,0,0,0,0,0,0,0,0,0,0,0,0,0,0,0,0,0,0,0,0,0,0,0,0,0,0,1,0,0,0,0,0,0,0,0,0,0,0,0,0,0,0,0,0,0,0,0,0,dobih:7557,DoBIH,18.5,https://www.hill-bagging.co.uk/dobih-downloads/hillcsv.zip,DoBIH_v18_5.csv,13396947,0c39e13ac59dd3fa172ac21dd56dd0f6fef19a14af47c7a5a444cce691e9f021,d27bc69dbb6d30a6f171ef277408831fe8763fc9043422f4e375e63f4cc190ea,2026-08-25T14:26:29+00:00,Creative Commons Attribution 4.0 International (CC BY 4.0) (https://creativecommons.org/licenses/by/4.0/),The Database of British and Irish Hills v18.5; https://www.hill-bagging.co.uk/dobih,Wales,52.784684,-3.556621,534,22,source_backed,pending,,pending,,pending,not_imported,warning,duplicate_name
7558,Y Foel,,,30E,30E: Bala to Welshpool,The Berwyns,,WN08 Berwyn-gyrn,Wrexham,s5,125,255,522,1713,SJ187391,SJ 18794 39104,24,SJ182394,498,ground within 3m of trig point,cairn on remains of Biddulph Tower 20m E at SJ 18816 39105 is 2-3m higher but this is man-made ground,,,W,,23-Oct-23,,"https://www.streetmap.co.uk/map?X=318792&Y=339100&SV=318792,339100&A=Y&Z=115","https://www.google.com/maps/search/?api=1&query=52.94314,-3.209919",https://www.hill-bagging.co.uk/hill-view/?qu=S&rf=7558,318792,339100,52.94314,-3.209919,SJ1879239100,30.5,2087,Cadair Berwyn,,0,0,0,0,0,0,0,0,0,0,0,0,0,0,0,0,0,0,0,0,0,0,0,0,0,0,0,0,0,0,0,0,0,0,0,0,0,0,0,0,0,0,0,1,0,0,0,0,0,0,0,0,0,0,0,0,0,0,0,0,0,0,0,0,0,dobih:7558,DoBIH,18.5,https://www.hill-bagging.co.uk/dobih-downloads/hillcsv.zip,DoBIH_v18_5.csv,13396947,0c39e13ac59dd3fa172ac21dd56dd0f6fef19a14af47c7a5a444cce691e9f021,d27bc69dbb6d30a6f171ef277408831fe8763fc9043422f4e375e63f4cc190ea,2026-08-25T14:26:29+00:00,Creative Commons Attribution 4.0 International (CC BY 4.0) (https://creativecommons.org/licenses/by/4.0/),The Database of British and Irish Hills v18.5; https://www.hill-bagging.co.uk/dobih,Wales,52.94314,-3.209919,522,24,source_backed,pending,,pending,,pending,not_imported,warning,duplicate_name
7562,Foel y Geifr,,,30E,30E: Bala to Welshpool,The Berwyns,,WN10 Aran-idris,Gwynedd,s5,125,023E,504,1654,SH966304,SH 96650 30446,25,SH968301,479,no feature,summit area covered by fallen trees,,,W,,15-Aug-12,,"https://www.streetmap.co.uk/map?X=296648&Y=330442&SV=296648,330442&A=Y&Z=115","https://www.google.com/maps/search/?api=1&query=52.861526,-3.536582",https://www.hill-bagging.co.uk/hill-view/?qu=S&rf=7562,296648,330442,52.861526,-3.536582,SH9664830442,30.5,19413,Foel Cedig,,0,0,0,0,0,0,0,0,0,0,0,0,0,0,0,0,0,0,0,0,0,0,0,0,0,0,0,0,0,0,0,0,0,0,0,0,0,0,0,0,0,0,0,1,0,0,0,0,0,0,0,0,0,0,0,0,0,0,0,0,0,0,0,0,0,dobih:7562,DoBIH,18.5,https://www.hill-bagging.co.uk/dobih-downloads/hillcsv.zip,DoBIH_v18_5.csv,13396947,0c39e13ac59dd3fa172ac21dd56dd0f6fef19a14af47c7a5a444cce691e9f021,d27bc69dbb6d30a6f171ef277408831fe8763fc9043422f4e375e63f4cc190ea,2026-08-25T14:26:29+00:00,Creative Commons Attribution 4.0 International (CC BY 4.0) (https://creativecommons.org/licenses/by/4.0/),The Database of British and Irish Hills v18.5; https://www.hill-bagging.co.uk/dobih,Wales,52.861526,-3.536582,504,25,source_backed,pending,,pending,,pending,not_imported,warning,duplicate_name
7563,Trawsnant,,,30E,30E: Bala to Welshpool,The Berwyns,,WN10 Aran-idris,Powys,s5,125,239,504,1654,SJ013244,SJ 01303 24489,26,SJ007241,478,no feature: ground on N side of fence,level summit area,,,W,,01-Apr-20,,"https://www.streetmap.co.uk/map?X=301301&Y=324485&SV=301301,324485&A=Y&Z=115","https://www.google.com/maps/search/?api=1&query=52.808867,-3.46569",https://www.hill-bagging.co.uk/hill-view/?qu=S&rf=7563,301301,324485,52.808867,-3.46569,SJ0130124485,30.5,19413,Foel Cedig,,0,0,0,0,0,0,0,0,0,0,0,0,0,0,0,0,0,0,0,0,0,0,0,0,0,0,0,0,0,0,0,0,0,0,0,0,0,0,0,0,0,0,0,1,0,0,0,0,0,0,0,0,0,0,0,0,0,0,0,0,0,0,0,0,0,dobih:7563,DoBIH,18.5,https://www.hill-bagging.co.uk/dobih-downloads/hillcsv.zip,DoBIH_v18_5.csv,13396947,0c39e13ac59dd3fa172ac21dd56dd0f6fef19a14af47c7a5a444cce691e9f021,d27bc69dbb6d30a6f171ef277408831fe8763fc9043422f4e375e63f4cc190ea,2026-08-25T14:26:29+00:00,Creative Commons Attribution 4.0 International (CC BY 4.0) (https://creativecommons.org/licenses/by/4.0/),The Database of British and Irish Hills v18.5; https://www.hill-bagging.co.uk/dobih,Wales,52.808867,-3.46569,504,26,source_backed,pending,,pending,,pending,not_imported,warning,duplicate_name
7571,Bryngwyn,,,30E,30E: Bala to Welshpool,The Berwyns,,WN10 Aran-idris,Powys,"2,sHu",125,239,250.5,822,SJ186180,SJ 18653 18085,95.9,SJ 1779 1748,154.5,"no feature, woodland",summit at SJ 18324 17778 is 1.7m lower,,,W,,09-Feb-20,,"https://www.streetmap.co.uk/map?X=318651&Y=318081&SV=318651,318081&A=Y&Z=115","https://www.google.com/maps/search/?api=1&query=52.754209,-3.206766",https://www.hill-bagging.co.uk/hill-view/?qu=S&rf=7571,318651,318081,52.754209,-3.206766,SJ1865118081,30.5,2131,Rhialgwm,,0,0,0,0,1,0,0,0,0,0,0,0,0,0,0,0,0,0,0,0,0,1,0,0,0,0,0,0,0,0,0,0,0,0,0,0,0,0,0,0,0,1,0,0,0,0,0,0,0,0,0,0,0,0,0,0,0,0,0,0,0,0,0,0,0,dobih:7571,DoBIH,18.5,https://www.hill-bagging.co.uk/dobih-downloads/hillcsv.zip,DoBIH_v18_5.csv,13396947,0c39e13ac59dd3fa172ac21dd56dd0f6fef19a14af47c7a5a444cce691e9f021,d27bc69dbb6d30a6f171ef277408831fe8763fc9043422f4e375e63f4cc190ea,2026-08-25T14:26:29+00:00,Creative Commons Attribution 4.0 International (CC BY 4.0) (https://creativecommons.org/licenses/by/4.0/),The Database of British and Irish Hills v18.5; https://www.hill-bagging.co.uk/dobih,Wales,52.754209,-3.206766,250.5,95.9,source_backed,pending,,pending,,pending,not_imported,warning,duplicate_name
7580,Foel Uchaf,,,31A,31A: Aberystwyth to Welshpool,Central Wales - Pumlumon,,WM02 Pumlumon-amlwg,Powys,s5,135,023W 215W,522,1713,SN768925,SN 76848 92523,22.9,SN 7680 9222,499.1,no feature,,Abney level/KR 2x Hand Level/Trimble GeoXH 6000,,W,,19-Oct-14,,"https://www.streetmap.co.uk/map?X=276845&Y=292519&SV=276845,292519&A=Y&Z=115","https://www.google.com/maps/search/?api=1&query=52.516608,-3.816366",https://www.hill-bagging.co.uk/hill-view/?qu=S&rf=7580,276845,292519,52.516608,-3.816366,SN7684592519,31.1,2166,Banc Llechwedd-mawr,,0,0,0,0,0,0,0,0,0,0,0,0,0,0,0,0,0,0,0,0,0,0,0,0,0,0,0,0,0,0,0,0,0,0,0,0,0,0,0,0,0,0,0,1,0,0,0,0,0,0,0,0,0,0,0,0,0,0,0,0,0,0,0,0,0,dobih:7580,DoBIH,18.5,https://www.hill-bagging.co.uk/dobih-downloads/hillcsv.zip,DoBIH_v18_5.csv,13396947,0c39e13ac59dd3fa172ac21dd56dd0f6fef19a14af47c7a5a444cce691e9f021,d27bc69dbb6d30a6f171ef277408831fe8763fc9043422f4e375e63f4cc190ea,2026-08-25T14:26:29+00:00,Creative Commons Attribution 4.0 International (CC BY 4.0) (https://creativecommons.org/licenses/by/4.0/),The Database of British and Irish Hills v18.5; https://www.hill-bagging.co.uk/dobih,Wales,52.516608,-3.816366,522,22.9,source_backed,pending,,pending,,pending,not_imported,warning,duplicate_name
7585,Esgair Fraith,,,31A,31A: Aberystwyth to Welshpool,Central Wales - Pumlumon,,WM02 Pumlumon-amlwg,Cardiganshire [Ceredigion],s4,135,023W,499,1637,SN738918,SN 73896 91822,22,SN737919,477,no feature: grass,,,,W,,02-Feb-13,,"https://www.streetmap.co.uk/map?X=273893&Y=291818&SV=273893,291818&A=Y&Z=115","https://www.google.com/maps/search/?api=1&query=52.509634,-3.85958",https://www.hill-bagging.co.uk/hill-view/?qu=S&rf=7585,273893,291818,52.509634,-3.85958,SN7389391818,31.1,2166,Banc Llechwedd-mawr,,0,0,0,0,0,0,0,0,0,0,0,0,0,0,0,0,0,0,0,0,0,0,0,0,0,0,0,0,0,0,0,0,0,0,0,0,0,0,0,0,0,0,0,0,1,0,0,0,0,0,0,0,0,0,0,0,0,0,0,0,0,0,0,0,0,dobih:7585,DoBIH,18.5,https://www.hill-bagging.co.uk/dobih-downloads/hillcsv.zip,DoBIH_v18_5.csv,13396947,0c39e13ac59dd3fa172ac21dd56dd0f6fef19a14af47c7a5a444cce691e9f021,d27bc69dbb6d30a6f171ef277408831fe8763fc9043422f4e375e63f4cc190ea,2026-08-25T14:26:29+00:00,Creative Commons Attribution 4.0 International (CC BY 4.0) (https://creativecommons.org/licenses/by/4.0/),The Database of British and Irish Hills v18.5; https://www.hill-bagging.co.uk/dobih,Wales,52.509634,-3.85958,499,22,source_backed,pending,,pending,,pending,not_imported,warning,duplicate_name
7593,Bryn Mawr,,,31A,31A: Aberystwyth to Welshpool,Central Wales - Pumlumon,,WM02 Pumlumon-amlwg,Powys,"3,sHu",135,023W 215W,367,1204,SN763964,SN 76395 96489,92,SN766955,275,grassy outcrop,ground 13m N may be as high,,,W,,04-Sep-16,,"https://www.streetmap.co.uk/map?X=276392&Y=296485&SV=276392,296485&A=Y&Z=115","https://www.google.com/maps/search/?api=1&query=52.552142,-3.824516",https://www.hill-bagging.co.uk/hill-view/?qu=S&rf=7593,276392,296485,52.552142,-3.824516,SN7639296485,31.1,2166,Banc Llechwedd-mawr,,0,0,0,0,1,0,0,0,0,0,0,0,0,0,0,0,0,0,0,0,1,0,0,0,0,0,0,0,0,0,0,0,0,0,0,0,0,0,0,0,0,1,0,0,0,0,0,0,0,0,0,0,0,0,0,0,0,0,0,0,0,0,0,0,0,dobih:7593,DoBIH,18.5,https://www.hill-bagging.co.uk/dobih-downloads/hillcsv.zip,DoBIH_v18_5.csv,13396947,0c39e13ac59dd3fa172ac21dd56dd0f6fef19a14af47c7a5a444cce691e9f021,d27bc69dbb6d30a6f171ef277408831fe8763fc9043422f4e375e63f4cc190ea,2026-08-25T14:26:29+00:00,Creative Commons Attribution 4.0 International (CC BY 4.0) (https://creativecommons.org/licenses/by/4.0/),The Database of British and Irish Hills v18.5; https://www.hill-bagging.co.uk/dobih,Wales,52.552142,-3.824516,367,92,source_backed,pending,,pending,,pending,not_imported,warning,duplicate_name
7594,Pen-y-foel,,,31A,31A: Aberystwyth to Welshpool,,,WM01 Carneddwen-golfa,Powys,2,125,215E,283.4,930,SJ179058,SJ 17918 05901,89.2,SJ184058,194.2,ground at woodland edge,,,,W,,23-May-20,,"https://www.streetmap.co.uk/map?X=317916&Y=305897&SV=317916,305897&A=Y&Z=115","https://www.google.com/maps/search/?api=1&query=52.644590,-3.214610",https://www.hill-bagging.co.uk/hill-view/?qu=S&rf=7594,317916,305897,52.64459,-3.21461,SJ1791605897,31.1,2175,Upper Park,,0,0,0,0,1,0,0,0,0,0,0,0,0,0,0,0,0,0,0,0,0,1,0,0,0,0,0,0,0,0,0,0,0,0,0,0,0,0,0,0,0,0,0,0,0,0,0,0,0,0,0,0,0,0,0,0,0,0,0,0,0,0,0,0,0,dobih:7594,DoBIH,18.5,https://www.hill-bagging.co.uk/dobih-downloads/hillcsv.zip,DoBIH_v18_5.csv,13396947,0c39e13ac59dd3fa172ac21dd56dd0f6fef19a14af47c7a5a444cce691e9f021,d27bc69dbb6d30a6f171ef277408831fe8763fc9043422f4e375e63f4cc190ea,2026-08-25T14:26:29+00:00,Creative Commons Attribution 4.0 International (CC BY 4.0) (https://creativecommons.org/licenses/by/4.0/),The Database of British and Irish Hills v18.5; https://www.hill-bagging.co.uk/dobih,Wales,52.64459,-3.21461,283.4,89.2,source_backed,pending,,pending,,pending,not_imported,warning,duplicate_name
7598,Black Hill,,,31B,31B: Welshpool to Hay-on-Wye,,,WM04 Greatrhos-hergest,Powys,s5,148,188 200E,517,1696,SO174523,SO 17415 52327,23,SO172525,494,no feature: heather,,,,W,,02-Feb-13,,"https://www.streetmap.co.uk/map?X=317413&Y=252322&SV=317413,252322&A=Y&Z=115","https://www.google.com/maps/search/?api=1&query=52.162978,-3.208808",https://www.hill-bagging.co.uk/hill-view/?qu=S&rf=7598,317413,252322,52.162978,-3.208808,SO1741352322,31.2,2184,Gwaunceste Hill,,0,0,0,0,0,0,0,0,0,0,0,0,0,0,0,0,0,0,0,0,0,0,0,0,0,0,0,0,0,0,0,0,0,0,0,0,0,0,0,0,0,0,0,1,0,0,0,0,0,0,0,0,0,0,0,0,0,0,0,0,0,0,0,0,0,dobih:7598,DoBIH,18.5,https://www.hill-bagging.co.uk/dobih-downloads/hillcsv.zip,DoBIH_v18_5.csv,13396947,0c39e13ac59dd3fa172ac21dd56dd0f6fef19a14af47c7a5a444cce691e9f021,d27bc69dbb6d30a6f171ef277408831fe8763fc9043422f4e375e63f4cc190ea,2026-08-25T14:26:29+00:00,Creative Commons Attribution 4.0 International (CC BY 4.0) (https://creativecommons.org/licenses/by/4.0/),The Database of British and Irish Hills v18.5; https://www.hill-bagging.co.uk/dobih,Wales,52.162978,-3.208808,517,23,source_backed,pending,,pending,,pending,not_imported,warning,duplicate_name
7604,Garn,,,31B,31B: Welshpool to Hay-on-Wye,,,WM03 Pegwn-beacon,Powys,4,136 147,214E,494,1621,SO019735,SO 01925 73595,87,SO021712,407,no feature: grass,flat summit area,,,W,,23-Nov-15,,"https://www.streetmap.co.uk/map?X=301923&Y=273590&SV=301923,273590&A=Y&Z=115","https://www.google.com/maps/search/?api=1&query=52.35159,-3.441382",https://www.hill-bagging.co.uk/hill-view/?qu=S&rf=7604,301923,273590,52.35159,-3.441382,SO0192373590,31.2,2182,Pegwn Mawr,,0,0,0,0,1,0,0,0,0,0,0,0,0,0,0,0,0,0,0,1,0,0,0,0,0,0,0,0,0,0,0,0,0,0,0,0,0,0,0,0,0,0,0,0,0,0,0,0,0,0,0,0,0,0,0,0,0,0,0,0,0,0,0,0,0,dobih:7604,DoBIH,18.5,https://www.hill-bagging.co.uk/dobih-downloads/hillcsv.zip,DoBIH_v18_5.csv,13396947,0c39e13ac59dd3fa172ac21dd56dd0f6fef19a14af47c7a5a444cce691e9f021,d27bc69dbb6d30a6f171ef277408831fe8763fc9043422f4e375e63f4cc190ea,2026-08-25T14:26:29+00:00,Creative Commons Attribution 4.0 International (CC BY 4.0) (https://creativecommons.org/licenses/by/4.0/),The Database of British and Irish Hills v18.5; https://www.hill-bagging.co.uk/dobih,Wales,52.35159,-3.441382,494,87,source_backed,pending,,pending,,pending,not_imported,warning,duplicate_name
7606,Little Hill,,,31B,31B: Welshpool to Hay-on-Wye,Central Wales - Radnor Forest,,WM04 Greatrhos-hergest,Powys,4,148,200E,490.4,1609,SO142537,SO 14278 53730,43.7,SO 1402 5439,446.6,no feature: heather,flat summit area,Trimble GeoXH 6000,,W,,12-Sep-15,,"https://www.streetmap.co.uk/map?X=314276&Y=253725&SV=314276,253725&A=Y&Z=115","https://www.google.com/maps/search/?api=1&query=52.17511,-3.255013",https://www.hill-bagging.co.uk/hill-view/?qu=S&rf=7606,314276,253725,52.17511,-3.255013,SO1427653725,31.2,2184,Gwaunceste Hill,,0,0,0,0,1,0,0,0,0,0,0,0,0,0,0,0,0,0,0,1,0,0,0,0,0,0,0,0,0,0,0,0,0,0,0,0,0,0,0,0,0,0,0,0,0,0,0,0,0,0,0,0,0,0,0,0,0,0,0,0,0,0,0,0,0,dobih:7606,DoBIH,18.5,https://www.hill-bagging.co.uk/dobih-downloads/hillcsv.zip,DoBIH_v18_5.csv,13396947,0c39e13ac59dd3fa172ac21dd56dd0f6fef19a14af47c7a5a444cce691e9f021,d27bc69dbb6d30a6f171ef277408831fe8763fc9043422f4e375e63f4cc190ea,2026-08-25T14:26:29+00:00,Creative Commons Attribution 4.0 International (CC BY 4.0) (https://creativecommons.org/licenses/by/4.0/),The Database of British and Irish Hills v18.5; https://www.hill-bagging.co.uk/dobih,Wales,52.17511,-3.255013,490.4,43.7,source_backed,pending,,pending,,pending,not_imported,warning,duplicate_name
7607,Wennallt,,,31B,31B: Welshpool to Hay-on-Wye,,,WM03 Pegwn-beacon,Powys,"4,sHu",136 147,200E 214E,471,1545,SO036712,SO 03701 71236,98,SO 0348 7206,372.7,outcrop: beneath earth and undergrowth,,obvious summit,,W,,09-Feb-20,,"https://www.streetmap.co.uk/map?X=303699&Y=271231&SV=303699,271231&A=Y&Z=115","https://www.google.com/maps/search/?api=1&query=52.330703,-3.414638",https://www.hill-bagging.co.uk/hill-view/?qu=S&rf=7607,303699,271231,52.330703,-3.414638,SO0369971231,31.2,2182,Pegwn Mawr,,0,0,0,0,1,0,0,0,0,0,0,0,0,0,0,0,0,0,0,1,0,0,0,0,0,0,0,0,0,0,0,0,0,0,0,0,0,0,0,0,0,1,0,0,0,0,0,0,0,0,0,1,0,0,0,0,0,0,0,0,0,0,0,0,0,dobih:7607,DoBIH,18.5,https://www.hill-bagging.co.uk/dobih-downloads/hillcsv.zip,DoBIH_v18_5.csv,13396947,0c39e13ac59dd3fa172ac21dd56dd0f6fef19a14af47c7a5a444cce691e9f021,d27bc69dbb6d30a6f171ef277408831fe8763fc9043422f4e375e63f4cc190ea,2026-08-25T14:26:29+00:00,Creative Commons Attribution 4.0 International (CC BY 4.0) (https://creativecommons.org/licenses/by/4.0/),The Database of British and Irish Hills v18.5; https://www.hill-bagging.co.uk/dobih,Wales,52.330703,-3.414638,471,98,source_backed,pending,,pending,,pending,not_imported,warning,duplicate_name
7609,Bailey Hill,,,31B,31B: Welshpool to Hay-on-Wye,,,WM03 Pegwn-beacon,Powys,"4,sHu",137 148,201N,425,1394,SO242720,SO 24211 72020,95.1,SO 2076 7382,329.9,no feature,ground 30m WSW of hedge,,,W,,12-Jul-26,,"https://www.streetmap.co.uk/map?X=324209&Y=272015&SV=324209,272015&A=Y&Z=115","https://www.google.com/maps/search/?api=1&query=52.340971,-3.113898",https://www.hill-bagging.co.uk/hill-view/?qu=S&rf=7609,324209,272015,52.340971,-3.113898,SO2420972015,31.2,2183,Beacon Hill,,0,0,0,0,1,0,0,0,0,0,0,0,0,0,0,0,0,0,0,1,0,0,0,0,0,0,0,0,0,0,0,0,0,0,0,0,0,0,0,0,0,1,0,0,0,0,0,0,0,0,0,1,0,0,0,0,0,0,0,0,0,0,0,0,0,dobih:7609,DoBIH,18.5,https://www.hill-bagging.co.uk/dobih-downloads/hillcsv.zip,DoBIH_v18_5.csv,13396947,0c39e13ac59dd3fa172ac21dd56dd0f6fef19a14af47c7a5a444cce691e9f021,d27bc69dbb6d30a6f171ef277408831fe8763fc9043422f4e375e63f4cc190ea,2026-08-25T14:26:29+00:00,Creative Commons Attribution 4.0 International (CC BY 4.0) (https://creativecommons.org/licenses/by/4.0/),The Database of British and Irish Hills v18.5; https://www.hill-bagging.co.uk/dobih,Wales,52.340971,-3.113898,425,95.1,source_backed,pending,,pending,,pending,not_imported,warning,duplicate_name
7610,Middletown Hill,,,31B,31B: Welshpool to Hay-on-Wye,,,EC02 Clee-corndon,Powys,"3,sHu",126,240,367.7,1206,SJ305133,SJ 30527 13338,96.5,SJ296130,271.3,small embedded rock,,Abney level/Trimble GeoXH 6000,,W,,30-Oct-14,,"https://www.streetmap.co.uk/map?X=330525&Y=313334&SV=330525,313334&A=Y&Z=115","https://www.google.com/maps/search/?api=1&query=52.7132,-3.029857",https://www.hill-bagging.co.uk/hill-view/?qu=S&rf=7610,330525,313334,52.7132,-3.029857,SJ3052513334,31.2,2201,Moel y Golfa,,0,0,0,0,1,0,0,0,0,0,0,0,0,0,0,0,0,0,0,0,1,0,0,0,0,0,0,0,0,0,0,0,0,0,0,0,0,0,0,0,0,1,0,0,0,0,0,0,0,0,0,0,0,0,0,0,0,0,0,0,0,0,0,0,0,dobih:7610,DoBIH,18.5,https://www.hill-bagging.co.uk/dobih-downloads/hillcsv.zip,DoBIH_v18_5.csv,13396947,0c39e13ac59dd3fa172ac21dd56dd0f6fef19a14af47c7a5a444cce691e9f021,d27bc69dbb6d30a6f171ef277408831fe8763fc9043422f4e375e63f4cc190ea,2026-08-25T14:26:29+00:00,Creative Commons Attribution 4.0 International (CC BY 4.0) (https://creativecommons.org/licenses/by/4.0/),The Database of British and Irish Hills v18.5; https://www.hill-bagging.co.uk/dobih,Wales,52.7132,-3.029857,367.7,96.5,source_backed,pending,,pending,,pending,not_imported,warning,england_wales_border_source_signal
7617,Bryn Du,,,31C,31C: South-West Wales,Central Wales - Elan Valley,,WM05 Drygarn-epynt,Powys,s5,147,187N 200W,555,1821,SN839569,SN 83908 56934,22,SN840572,533,no feature: grass,ground 20m SE at SN 83923 56923 may be as high; very flat summit area,,,W,,23-Oct-23,,"https://www.streetmap.co.uk/map?X=283905&Y=256929&SV=283905,256929&A=Y&Z=115","https://www.google.com/maps/search/?api=1&query=52.198344,-3.700052",https://www.hill-bagging.co.uk/hill-view/?qu=S&rf=7617,283905,256929,52.198344,-3.700052,SN8390556929,31.3,2203,Drygarn Fawr,,0,0,0,0,0,0,0,0,0,0,0,0,0,0,0,0,0,0,0,0,0,0,0,0,0,0,0,0,0,0,0,0,0,0,0,0,0,0,0,0,0,0,0,1,0,0,0,0,0,0,0,0,0,0,0,0,0,0,0,0,0,0,0,0,0,dobih:7617,DoBIH,18.5,https://www.hill-bagging.co.uk/dobih-downloads/hillcsv.zip,DoBIH_v18_5.csv,13396947,0c39e13ac59dd3fa172ac21dd56dd0f6fef19a14af47c7a5a444cce691e9f021,d27bc69dbb6d30a6f171ef277408831fe8763fc9043422f4e375e63f4cc190ea,2026-08-25T14:26:29+00:00,Creative Commons Attribution 4.0 International (CC BY 4.0) (https://creativecommons.org/licenses/by/4.0/),The Database of British and Irish Hills v18.5; https://www.hill-bagging.co.uk/dobih,Wales,52.198344,-3.700052,555,22,source_backed,pending,,pending,,pending,not_imported,warning,duplicate_name
7628,Llethr Llwyd,,,31C,31C: South-West Wales,,,WM05 Drygarn-epynt,Cardiganshire [Ceredigion],s5,146 147,187N,513,1683,SN737599,SN 73783 59968,25,SN741602,488,no feature: grass,this top is in larger NE 510m ring contour; ground 160m SW at SN 73642 5990 may be as high,,,W,,27-Nov-11,,"https://www.streetmap.co.uk/map?X=273780&Y=259963&SV=273780,259963&A=Y&Z=115","https://www.google.com/maps/search/?api=1&query=52.223381,-3.84925",https://www.hill-bagging.co.uk/hill-view/?qu=S&rf=7628,273780,259963,52.223381,-3.84925,SN7378059963,31.3,2203,Drygarn Fawr,,0,0,0,0,0,0,0,0,0,0,0,0,0,0,0,0,0,0,0,0,0,0,0,0,0,0,0,0,0,0,0,0,0,0,0,0,0,0,0,0,0,0,0,1,0,0,0,0,0,0,0,0,0,0,0,0,0,0,0,0,0,0,0,0,0,dobih:7628,DoBIH,18.5,https://www.hill-bagging.co.uk/dobih-downloads/hillcsv.zip,DoBIH_v18_5.csv,13396947,0c39e13ac59dd3fa172ac21dd56dd0f6fef19a14af47c7a5a444cce691e9f021,d27bc69dbb6d30a6f171ef277408831fe8763fc9043422f4e375e63f4cc190ea,2026-08-25T14:26:29+00:00,Creative Commons Attribution 4.0 International (CC BY 4.0) (https://creativecommons.org/licenses/by/4.0/),The Database of British and Irish Hills v18.5; https://www.hill-bagging.co.uk/dobih,Wales,52.223381,-3.84925,513,25,source_backed,pending,,pending,,pending,not_imported,warning,duplicate_name
7633,Pen-y-bwlch,,,31C,31C: South-West Wales,,,WM05 Drygarn-epynt,Cardiganshire [Ceredigion],s5,146 147,187N,503,1650,SN780637,SN 78038 63741,22,SN775628,481,ground 1m from cairn,,,,W,,27-Nov-11,,"https://www.streetmap.co.uk/map?X=278035&Y=263736&SV=278035,263736&A=Y&Z=115","https://www.google.com/maps/search/?api=1&query=52.258245,-3.788353",https://www.hill-bagging.co.uk/hill-view/?qu=S&rf=7633,278035,263736,52.258245,-3.788353,SN7803563736,31.3,2203,Drygarn Fawr,,0,0,0,0,0,0,0,0,0,0,0,0,0,0,0,0,0,0,0,0,0,0,0,0,0,0,0,0,0,0,0,0,0,0,0,0,0,0,0,0,0,0,0,1,0,0,0,0,0,0,0,0,0,0,0,0,0,0,0,0,0,0,0,0,0,dobih:7633,DoBIH,18.5,https://www.hill-bagging.co.uk/dobih-downloads/hillcsv.zip,DoBIH_v18_5.csv,13396947,0c39e13ac59dd3fa172ac21dd56dd0f6fef19a14af47c7a5a444cce691e9f021,d27bc69dbb6d30a6f171ef277408831fe8763fc9043422f4e375e63f4cc190ea,2026-08-25T14:26:29+00:00,Creative Commons Attribution 4.0 International (CC BY 4.0) (https://creativecommons.org/licenses/by/4.0/),The Database of British and Irish Hills v18.5; https://www.hill-bagging.co.uk/dobih,Wales,52.258245,-3.788353,503,22,source_backed,pending,,pending,,pending,not_imported,warning,duplicate_name
7635,Y Drum,,,31C,31C: South-West Wales,,,WM05 Drygarn-epynt,Cardiganshire [Ceredigion],s4,146 147,187N,499,1637,SN719589,SN 71973 58943,24,SN722590,475,not recorded,,,,W,,27-Nov-11,,"https://www.streetmap.co.uk/map?X=271970&Y=258938&SV=271970,258938&A=Y&Z=115","https://www.google.com/maps/search/?api=1&query=52.213752,-3.875345",https://www.hill-bagging.co.uk/hill-view/?qu=S&rf=7635,271970,258938,52.213752,-3.875345,SN7197058938,31.3,2203,Drygarn Fawr,,0,0,0,0,0,0,0,0,0,0,0,0,0,0,0,0,0,0,0,0,0,0,0,0,0,0,0,0,0,0,0,0,0,0,0,0,0,0,0,0,0,0,0,0,1,0,0,0,0,0,0,0,0,0,0,0,0,0,0,0,0,0,0,0,0,dobih:7635,DoBIH,18.5,https://www.hill-bagging.co.uk/dobih-downloads/hillcsv.zip,DoBIH_v18_5.csv,13396947,0c39e13ac59dd3fa172ac21dd56dd0f6fef19a14af47c7a5a444cce691e9f021,d27bc69dbb6d30a6f171ef277408831fe8763fc9043422f4e375e63f4cc190ea,2026-08-25T14:26:29+00:00,Creative Commons Attribution 4.0 International (CC BY 4.0) (https://creativecommons.org/licenses/by/4.0/),The Database of British and Irish Hills v18.5; https://www.hill-bagging.co.uk/dobih,Wales,52.213752,-3.875345,499,24,source_backed,pending,,pending,,pending,not_imported,warning,duplicate_name
7637,Esgair Fawr,,,31C,31C: South-West Wales,,,WM05 Drygarn-epynt,Cardiganshire [Ceredigion],4,146 147,187N,496,1627,SN739586,SN 73951 58608,34,SN736589,462,no feature: ground in N-S firebreak,,,,W,,08-May-25,,"https://www.streetmap.co.uk/map?X=273948&Y=258603&SV=273948,258603&A=Y&Z=115","https://www.google.com/maps/search/?api=1&query=52.211198,-3.846285",https://www.hill-bagging.co.uk/hill-view/?qu=S&rf=7637,273948,258603,52.211198,-3.846285,SN7394858603,31.3,2203,Drygarn Fawr,,0,0,0,0,1,0,0,0,0,0,0,0,0,0,0,0,0,0,0,1,0,0,0,0,0,0,0,0,0,0,0,0,0,0,0,0,0,0,0,0,0,0,0,0,0,0,0,0,0,0,0,0,0,0,0,0,0,0,0,0,0,0,0,0,0,dobih:7637,DoBIH,18.5,https://www.hill-bagging.co.uk/dobih-downloads/hillcsv.zip,DoBIH_v18_5.csv,13396947,0c39e13ac59dd3fa172ac21dd56dd0f6fef19a14af47c7a5a444cce691e9f021,d27bc69dbb6d30a6f171ef277408831fe8763fc9043422f4e375e63f4cc190ea,2026-08-25T14:26:29+00:00,Creative Commons Attribution 4.0 International (CC BY 4.0) (https://creativecommons.org/licenses/by/4.0/),The Database of British and Irish Hills v18.5; https://www.hill-bagging.co.uk/dobih,Wales,52.211198,-3.846285,496,34,source_backed,pending,,pending,,pending,not_imported,warning,duplicate_name
7639,Gamallt,,,31C,31C: South-West Wales,,,WM05 Drygarn-epynt,Cardiganshire [Ceredigion],s4,146 147,187N,495,1624,SN782572,SN 78288 57234,29,SN781576,466,no feature: tussocks,,,,W,,27-Nov-11,,"https://www.streetmap.co.uk/map?X=278285&Y=257229&SV=278285,257229&A=Y&Z=115","https://www.google.com/maps/search/?api=1&query=52.199827,-3.782348",https://www.hill-bagging.co.uk/hill-view/?qu=S&rf=7639,278285,257229,52.199827,-3.782348,SN7828557229,31.3,2203,Drygarn Fawr,,0,0,0,0,0,0,0,0,0,0,0,0,0,0,0,0,0,0,0,0,0,0,0,0,0,0,0,0,0,0,0,0,0,0,0,0,0,0,0,0,0,0,0,0,1,0,0,0,0,0,0,0,0,0,0,0,0,0,0,0,0,0,0,0,0,dobih:7639,DoBIH,18.5,https://www.hill-bagging.co.uk/dobih-downloads/hillcsv.zip,DoBIH_v18_5.csv,13396947,0c39e13ac59dd3fa172ac21dd56dd0f6fef19a14af47c7a5a444cce691e9f021,d27bc69dbb6d30a6f171ef277408831fe8763fc9043422f4e375e63f4cc190ea,2026-08-25T14:26:29+00:00,Creative Commons Attribution 4.0 International (CC BY 4.0) (https://creativecommons.org/licenses/by/4.0/),The Database of British and Irish Hills v18.5; https://www.hill-bagging.co.uk/dobih,Wales,52.199827,-3.782348,495,29,source_backed,pending,,pending,,pending,not_imported,warning,duplicate_name
7643,Garn Wen,,,31C,31C: South-West Wales,Central Wales - Elan Valley,,WM05 Drygarn-epynt,Powys,"4,sHu",147,200W,454,1490,SN903532,SN 90332 53212,96,SN895539,358,trig point inside large hollowed cairn,,,,W,,02-Feb-13,,"https://www.streetmap.co.uk/map?X=290329&Y=253207&SV=290329,253207&A=Y&Z=115","https://www.google.com/maps/search/?api=1&query=52.166211,-3.604895",https://www.hill-bagging.co.uk/hill-view/?qu=S&rf=7643,290329,253207,52.166211,-3.604895,SN9032953207,31.3,2203,Drygarn Fawr,,0,0,0,0,1,0,0,0,0,0,0,0,0,0,0,0,0,0,0,1,0,0,0,0,0,0,0,0,0,0,0,0,0,0,0,0,0,0,0,0,0,1,0,0,0,0,0,0,0,0,0,1,0,0,0,0,0,0,0,0,0,0,0,0,0,dobih:7643,DoBIH,18.5,https://www.hill-bagging.co.uk/dobih-downloads/hillcsv.zip,DoBIH_v18_5.csv,13396947,0c39e13ac59dd3fa172ac21dd56dd0f6fef19a14af47c7a5a444cce691e9f021,d27bc69dbb6d30a6f171ef277408831fe8763fc9043422f4e375e63f4cc190ea,2026-08-25T14:26:29+00:00,Creative Commons Attribution 4.0 International (CC BY 4.0) (https://creativecommons.org/licenses/by/4.0/),The Database of British and Irish Hills v18.5; https://www.hill-bagging.co.uk/dobih,Wales,52.166211,-3.604895,454,96,source_backed,pending,,pending,,pending,not_imported,warning,duplicate_name
7649,Gaer Fawr,,,31C,31C: South-West Wales,,,WM05 Drygarn-epynt,Cardiganshire [Ceredigion],"2,sHu",135,213,282.1,926,SN649719,SN 64940 71961,94.3,SN6496 7158,187.8,ground on ramparts,ground within ramparts 70m WSW at SN 64901 71898 is a possible candidate for the original summit position despite being 2.5m lower,,,W,,12-Jul-26,,"https://www.streetmap.co.uk/map?X=264937&Y=271956&SV=264937,271956&A=Y&Z=115","https://www.google.com/maps/search/?api=1&query=52.32904,-3.983437",https://www.hill-bagging.co.uk/hill-view/?qu=S&rf=7649,264937,271956,52.32904,-3.983437,SN6493771956,31.3,2207,Llan Ddu Fawr [Carnyrhyrddod] [Waun Claerddu],,0,0,0,0,1,0,0,0,0,0,0,0,0,0,0,0,0,0,0,0,0,1,0,0,0,0,0,0,0,0,0,0,0,0,0,0,0,0,0,0,0,1,0,0,0,0,0,0,0,0,0,1,0,0,0,0,0,0,0,0,0,0,0,0,0,dobih:7649,DoBIH,18.5,https://www.hill-bagging.co.uk/dobih-downloads/hillcsv.zip,DoBIH_v18_5.csv,13396947,0c39e13ac59dd3fa172ac21dd56dd0f6fef19a14af47c7a5a444cce691e9f021,d27bc69dbb6d30a6f171ef277408831fe8763fc9043422f4e375e63f4cc190ea,2026-08-25T14:26:29+00:00,Creative Commons Attribution 4.0 International (CC BY 4.0) (https://creativecommons.org/licenses/by/4.0/),The Database of British and Irish Hills v18.5; https://www.hill-bagging.co.uk/dobih,Wales,52.32904,-3.983437,282.1,94.3,source_backed,pending,,pending,,pending,not_imported,warning,duplicate_name
7666,Yr Allt,,,32A,32A: Llandovery to Monmouth,,,WM05 Drygarn-epynt,Powys,"Hu,3",160,012E,352.6,1157,SN914294,SN 91458 29501,100.5,SN 9089 2980,252.1,no feature: ground c.8m NE of track,ground SW of track at SN 91440 29479 is 0.5m lower,,,W,,19-May-19,,"https://www.streetmap.co.uk/map?X=291456&Y=229496&SV=291456,229496&A=Y&Z=115","https://www.google.com/maps/search/?api=1&query=51.953335,-3.580896",https://www.hill-bagging.co.uk/hill-view/?qu=S&rf=7666,291456,229496,51.953335,-3.580896,SN9145629496,32.1,2270,Mynydd Epynt [Mynydd Eppynt],,0,0,1,0,1,0,0,0,0,0,0,0,0,0,0,0,0,0,0,0,1,0,0,0,0,0,0,0,0,0,0,0,0,0,0,0,0,0,0,0,0,0,0,0,0,0,0,0,0,0,0,1,0,0,0,0,0,0,0,0,0,0,0,0,0,dobih:7666,DoBIH,18.5,https://www.hill-bagging.co.uk/dobih-downloads/hillcsv.zip,DoBIH_v18_5.csv,13396947,0c39e13ac59dd3fa172ac21dd56dd0f6fef19a14af47c7a5a444cce691e9f021,d27bc69dbb6d30a6f171ef277408831fe8763fc9043422f4e375e63f4cc190ea,2026-08-25T14:26:29+00:00,Creative Commons Attribution 4.0 International (CC BY 4.0) (https://creativecommons.org/licenses/by/4.0/),The Database of British and Irish Hills v18.5; https://www.hill-bagging.co.uk/dobih,Wales,51.953335,-3.580896,352.6,100.5,source_backed,pending,,pending,,pending,not_imported,warning,duplicate_name
7675,Garth Hill,,,32C,32C: Neath to Chepstow,,,WS02 Fanfawr-fynyddau,Bridgend,"2,sHu",170,166W,257.3,844,SS872903,SS 87293 90322,99.2,SS873910,158.1,no feature,,,,W,,20-Dec-18,,"https://www.streetmap.co.uk/map?X=287291&Y=190317&SV=287291,190317&A=Y&Z=115","https://www.google.com/maps/search/?api=1&query=51.600382,-3.628747",https://www.hill-bagging.co.uk/hill-view/?qu=S&rf=7675,287291,190317,51.600382,-3.628747,SS8729190317,32.3,2288,Craig y Llyn,,0,0,0,0,1,0,0,0,0,0,0,0,0,0,0,0,0,0,0,0,0,1,0,0,0,0,0,0,0,0,0,0,0,0,0,0,0,0,0,0,0,1,0,0,0,0,0,0,0,0,0,1,0,0,0,0,0,0,0,0,0,0,0,0,0,dobih:7675,DoBIH,18.5,https://www.hill-bagging.co.uk/dobih-downloads/hillcsv.zip,DoBIH_v18_5.csv,13396947,0c39e13ac59dd3fa172ac21dd56dd0f6fef19a14af47c7a5a444cce691e9f021,d27bc69dbb6d30a6f171ef277408831fe8763fc9043422f4e375e63f4cc190ea,2026-08-25T14:26:29+00:00,Creative Commons Attribution 4.0 International (CC BY 4.0) (https://creativecommons.org/licenses/by/4.0/),The Database of British and Irish Hills v18.5; https://www.hill-bagging.co.uk/dobih,Wales,51.600382,-3.628747,257.3,99.2,source_backed,pending,,pending,,pending,not_imported,warning,duplicate_name
7870,Foel Ddu,,,30B,30B: Snowdonia,The Moelwyns,,WN05 Siabod-arenig,Gwynedd,s5,115,017W,590.5,1937,SH669460,SH 66974 46032,24.1,SH 6696 4573,566.4,grassy knoll,rock outcrop 80m S at SH 66962 45948 and outcrop 100m S at SH 66981 45926 could be as high,,,W,,31-Mar-20,,"https://www.streetmap.co.uk/map?X=266971&Y=346029&SV=266971,346029&A=Y&Z=115","https://www.google.com/maps/search/?api=1&query=52.995032,-3.983518",https://www.hill-bagging.co.uk/hill-view/?qu=S&rf=7870,266971,346029,52.995032,-3.983518,SH6697146029,30.2,1994,Moelwyn Mawr,,0,0,0,0,0,0,0,0,0,0,0,0,0,0,0,0,0,0,0,0,0,0,0,0,0,0,0,0,0,0,0,0,0,0,0,0,0,0,0,0,0,0,0,1,0,0,0,0,0,0,0,0,0,0,0,0,0,0,0,0,0,0,0,0,0,dobih:7870,DoBIH,18.5,https://www.hill-bagging.co.uk/dobih-downloads/hillcsv.zip,DoBIH_v18_5.csv,13396947,0c39e13ac59dd3fa172ac21dd56dd0f6fef19a14af47c7a5a444cce691e9f021,d27bc69dbb6d30a6f171ef277408831fe8763fc9043422f4e375e63f4cc190ea,2026-08-25T14:26:29+00:00,Creative Commons Attribution 4.0 International (CC BY 4.0) (https://creativecommons.org/licenses/by/4.0/),The Database of British and Irish Hills v18.5; https://www.hill-bagging.co.uk/dobih,Wales,52.995032,-3.983518,590.5,24.1,source_backed,pending,,pending,,pending,not_imported,warning,duplicate_name
7881,Fan,,,31C,31C: South-West Wales,,,WM05 Drygarn-epynt,Carmarthenshire [Sir Gaerfyrddin],"2,sHu",146,012W 186,267,876,SN672315,SN 67224 31604,91,SN670319,176,knoll,outcrop 20m SE at SN 67240 31593 may be as high,,,W,,25-Jan-24,,"https://www.streetmap.co.uk/map?X=267221&Y=231599&SV=267221,231599&A=Y&Z=115","https://www.google.com/maps/search/?api=1&query=51.966971,-3.934158",https://www.hill-bagging.co.uk/hill-view/?qu=S&rf=7881,267221,231599,51.966971,-3.934158,SN6722131599,31.3,2211,Mynydd Mallaen,,0,0,0,0,1,0,0,0,0,0,0,0,0,0,0,0,0,0,0,0,0,1,0,0,0,0,0,0,0,0,0,0,0,0,0,0,0,0,0,0,0,1,0,0,0,0,0,0,0,0,0,0,0,0,0,0,0,0,0,0,0,0,0,0,0,dobih:7881,DoBIH,18.5,https://www.hill-bagging.co.uk/dobih-downloads/hillcsv.zip,DoBIH_v18_5.csv,13396947,0c39e13ac59dd3fa172ac21dd56dd0f6fef19a14af47c7a5a444cce691e9f021,d27bc69dbb6d30a6f171ef277408831fe8763fc9043422f4e375e63f4cc190ea,2026-08-25T14:26:29+00:00,Creative Commons Attribution 4.0 International (CC BY 4.0) (https://creativecommons.org/licenses/by/4.0/),The Database of British and Irish Hills v18.5; https://www.hill-bagging.co.uk/dobih,Wales,51.966971,-3.934158,267,91,source_backed,pending,,pending,,pending,not_imported,warning,duplicate_name
8033,Foel Frech,,,30D,30D: Barmouth to Betws-y-Coed and Bala,The Arenigs,,WN05 Siabod-arenig,Conwy,s4,116,018E,494.5,1622,SH873470,SH 87385 47037,20.9,SH 8767 4739,473.5,no feature: grass,flat summit area,,,W,,03-Aug-24,,"https://www.streetmap.co.uk/map?X=287382&Y=347034&SV=287382,347034&A=Y&Z=115","https://www.google.com/maps/search/?api=1&query=53.008746,-3.679905",https://www.hill-bagging.co.uk/hill-view/?qu=S&rf=8033,287382,347034,53.008746,-3.679905,SH8738247034,30.4,2065,Carnedd y Filiast,,0,0,0,0,0,0,0,0,0,0,0,0,0,0,0,0,0,0,0,0,0,0,0,0,0,0,0,0,0,0,0,0,0,0,0,0,0,0,0,0,0,0,0,0,1,0,0,0,0,0,0,0,0,0,0,0,0,0,0,0,0,0,0,0,0,dobih:8033,DoBIH,18.5,https://www.hill-bagging.co.uk/dobih-downloads/hillcsv.zip,DoBIH_v18_5.csv,13396947,0c39e13ac59dd3fa172ac21dd56dd0f6fef19a14af47c7a5a444cce691e9f021,d27bc69dbb6d30a6f171ef277408831fe8763fc9043422f4e375e63f4cc190ea,2026-08-25T14:26:29+00:00,Creative Commons Attribution 4.0 International (CC BY 4.0) (https://creativecommons.org/licenses/by/4.0/),The Database of British and Irish Hills v18.5; https://www.hill-bagging.co.uk/dobih,Wales,53.008746,-3.679905,494.5,20.9,source_backed,pending,,pending,,pending,not_imported,warning,duplicate_name
14351,Mynydd Bach,,,30E,30E: Bala to Welshpool,The Berwyns,,WN08 Berwyn-gyrn,Wrexham,4,125,255,482.5,1583,SJ150341,SJ 15026 34107,49.6,SJ 1518 3441,432.9,quartz outcrop,,obvious summit,,W,,23-Feb-25,,"https://www.streetmap.co.uk/map?X=315024&Y=334103&SV=315024,334103&A=Y&Z=115","https://www.google.com/maps/search/?api=1&query=52.897646,-3.264668",https://www.hill-bagging.co.uk/hill-view/?qu=S&rf=14351,315024,334103,52.897646,-3.264668,SJ1502434103,30.5,2087,Cadair Berwyn,,0,0,0,0,1,0,0,0,0,0,0,0,0,0,0,0,0,0,0,1,0,0,0,0,0,0,0,0,0,0,0,0,0,0,0,0,0,0,0,0,0,0,0,0,0,0,0,0,0,0,0,0,0,0,0,0,0,0,0,0,0,0,0,0,0,dobih:14351,DoBIH,18.5,https://www.hill-bagging.co.uk/dobih-downloads/hillcsv.zip,DoBIH_v18_5.csv,13396947,0c39e13ac59dd3fa172ac21dd56dd0f6fef19a14af47c7a5a444cce691e9f021,d27bc69dbb6d30a6f171ef277408831fe8763fc9043422f4e375e63f4cc190ea,2026-08-25T14:26:29+00:00,Creative Commons Attribution 4.0 International (CC BY 4.0) (https://creativecommons.org/licenses/by/4.0/),The Database of British and Irish Hills v18.5; https://www.hill-bagging.co.uk/dobih,Wales,52.897646,-3.264668,482.5,49.6,source_backed,pending,,pending,,pending,not_imported,warning,duplicate_name
14354,Foel Ddu,,,30D,30D: Barmouth to Betws-y-Coed and Bala,The Rhinogs,,WN09 Llethr-rhinog,Gwynedd,4,124,018W,477,1565,SH634283,SH 63426 28386,36,SH638287,441,tiny cairn on outcrop,,obvious summit,,W,,25-Jan-24,,"https://www.streetmap.co.uk/map?X=263423&Y=328382&SV=263423,328382&A=Y&Z=115","https://www.google.com/maps/search/?api=1&query=52.835611,-4.028922",https://www.hill-bagging.co.uk/hill-view/?qu=S&rf=14354,263423,328382,52.835611,-4.028922,SH6342328382,30.4,2060,Rhinog Fawr,,0,0,0,0,1,0,0,0,0,0,0,0,0,0,0,0,0,0,0,1,0,0,0,0,0,0,0,0,0,0,0,0,0,0,0,0,0,0,0,0,0,0,0,0,0,0,0,0,0,0,0,0,0,0,0,0,0,0,0,0,0,0,0,0,0,dobih:14354,DoBIH,18.5,https://www.hill-bagging.co.uk/dobih-downloads/hillcsv.zip,DoBIH_v18_5.csv,13396947,0c39e13ac59dd3fa172ac21dd56dd0f6fef19a14af47c7a5a444cce691e9f021,d27bc69dbb6d30a6f171ef277408831fe8763fc9043422f4e375e63f4cc190ea,2026-08-25T14:26:29+00:00,Creative Commons Attribution 4.0 International (CC BY 4.0) (https://creativecommons.org/licenses/by/4.0/),The Database of British and Irish Hills v18.5; https://www.hill-bagging.co.uk/dobih,Wales,52.835611,-4.028922,477,36,source_backed,pending,,pending,,pending,not_imported,warning,duplicate_name
14355,Y Garn,,,30D,30D: Barmouth to Betws-y-Coed and Bala,,,WN05 Siabod-arenig,Gwynedd,4,124,018E 018W,477,1565,SH759379,SH 75909 37972,41,SH757381,436,small rock,,Trimble GeoXH 6000,,W,,30-Oct-14,,"https://www.streetmap.co.uk/map?X=275906&Y=337969&SV=275906,337969&A=Y&Z=115","https://www.google.com/maps/search/?api=1&query=52.924761,-3.847377",https://www.hill-bagging.co.uk/hill-view/?qu=S&rf=14355,275906,337969,52.924761,-3.847377,SH7590637969,30.4,2068,Manod Mawr,,0,0,0,0,1,0,0,0,0,0,0,0,0,0,0,0,0,0,0,1,0,0,0,0,0,0,0,0,0,0,0,0,0,0,0,0,0,0,0,0,0,0,0,0,0,0,0,0,0,0,0,0,0,0,0,0,0,0,0,0,0,0,0,0,0,dobih:14355,DoBIH,18.5,https://www.hill-bagging.co.uk/dobih-downloads/hillcsv.zip,DoBIH_v18_5.csv,13396947,0c39e13ac59dd3fa172ac21dd56dd0f6fef19a14af47c7a5a444cce691e9f021,d27bc69dbb6d30a6f171ef277408831fe8763fc9043422f4e375e63f4cc190ea,2026-08-25T14:26:29+00:00,Creative Commons Attribution 4.0 International (CC BY 4.0) (https://creativecommons.org/licenses/by/4.0/),The Database of British and Irish Hills v18.5; https://www.hill-bagging.co.uk/dobih,Wales,52.924761,-3.847377,477,41,source_backed,pending,,pending,,pending,not_imported,warning,duplicate_name
14363,Y Graig,,,30E,30E: Bala to Welshpool,The Berwyns,,WN10 Aran-idris,Gwynedd,4,125,018E 023E,469,1539,SH962337,SH 96289 33732,46,SH972332,423,small upright stone,,Abney level,,W,,25-Jan-24,,"https://www.streetmap.co.uk/map?X=296286&Y=333728&SV=296286,333728&A=Y&Z=115","https://www.google.com/maps/search/?api=1&query=52.890985,-3.54299",https://www.hill-bagging.co.uk/hill-view/?qu=S&rf=14363,296286,333728,52.890985,-3.54299,SH9628633728,30.5,19413,Foel Cedig,,0,0,0,0,1,0,0,0,0,0,0,0,0,0,0,0,0,0,0,1,0,0,0,0,0,0,0,0,0,0,0,0,0,0,0,0,0,0,0,0,0,0,0,0,0,0,0,0,0,0,0,0,0,0,0,0,0,0,0,0,0,0,0,0,0,dobih:14363,DoBIH,18.5,https://www.hill-bagging.co.uk/dobih-downloads/hillcsv.zip,DoBIH_v18_5.csv,13396947,0c39e13ac59dd3fa172ac21dd56dd0f6fef19a14af47c7a5a444cce691e9f021,d27bc69dbb6d30a6f171ef277408831fe8763fc9043422f4e375e63f4cc190ea,2026-08-25T14:26:29+00:00,Creative Commons Attribution 4.0 International (CC BY 4.0) (https://creativecommons.org/licenses/by/4.0/),The Database of British and Irish Hills v18.5; https://www.hill-bagging.co.uk/dobih,Wales,52.890985,-3.54299,469,46,source_backed,pending,,pending,,pending,not_imported,warning,duplicate_name
14366,Foel Ddu,,,30D,30D: Barmouth to Betws-y-Coed and Bala,The Arenigs,,WN05 Siabod-arenig,Gwynedd,4,124 125,023E,465.5,1527,SH818245,SH 81876 24556,86.6,SH 8166 2508,378.9,no feature,ground 35m N at SH 81878 24592 is 1.5m lower; ground 200m S at SH 81855 24353 and SH 81934 24368 is 4m lower,,,W,,23-Feb-25,,"https://www.streetmap.co.uk/map?X=281873&Y=324552&SV=281873,324552&A=Y&Z=115","https://www.google.com/maps/search/?api=1&query=52.80556,-3.753792",https://www.hill-bagging.co.uk/hill-view/?qu=S&rf=14366,281873,324552,52.80556,-3.753792,SH8187324552,30.4,2059,Rhobell Fawr,,0,0,0,0,1,0,0,0,0,0,0,0,0,0,0,0,0,0,0,1,0,0,0,0,0,0,0,0,0,0,0,0,0,0,0,0,0,0,0,0,0,0,0,0,0,0,0,0,0,0,0,0,0,0,0,0,0,0,0,0,0,0,0,0,0,dobih:14366,DoBIH,18.5,https://www.hill-bagging.co.uk/dobih-downloads/hillcsv.zip,DoBIH_v18_5.csv,13396947,0c39e13ac59dd3fa172ac21dd56dd0f6fef19a14af47c7a5a444cce691e9f021,d27bc69dbb6d30a6f171ef277408831fe8763fc9043422f4e375e63f4cc190ea,2026-08-25T14:26:29+00:00,Creative Commons Attribution 4.0 International (CC BY 4.0) (https://creativecommons.org/licenses/by/4.0/),The Database of British and Irish Hills v18.5; https://www.hill-bagging.co.uk/dobih,Wales,52.80556,-3.753792,465.5,86.6,source_backed,pending,,pending,,pending,not_imported,warning,duplicate_name
14373,Pen y Garn,,,30F,30F: Dolgellau to Machynlleth,,,WN10 Aran-idris,Gwynedd,4,124,023W,460,1509,SH626108,SH 62655 10812,69,SH633114,391,trig point within stone wall,,obvious summit,,W,,11-Sep-14,,"https://www.streetmap.co.uk/map?X=262652&Y=310808&SV=262652,310808&A=Y&Z=115","https://www.google.com/maps/search/?api=1&query=52.677529,-4.032992",https://www.hill-bagging.co.uk/hill-view/?qu=S&rf=14373,262652,310808,52.677529,-4.032992,SH6265210808,30.6,2137,Cadair Idris - Penygadair,,0,0,0,0,1,0,0,0,0,0,0,0,0,0,0,0,0,0,0,1,0,0,0,0,0,0,0,0,0,0,0,0,0,0,0,0,0,0,0,0,0,0,0,0,0,0,0,0,0,0,0,0,0,0,0,0,0,0,0,0,0,0,0,0,0,dobih:14373,DoBIH,18.5,https://www.hill-bagging.co.uk/dobih-downloads/hillcsv.zip,DoBIH_v18_5.csv,13396947,0c39e13ac59dd3fa172ac21dd56dd0f6fef19a14af47c7a5a444cce691e9f021,d27bc69dbb6d30a6f171ef277408831fe8763fc9043422f4e375e63f4cc190ea,2026-08-25T14:26:29+00:00,Creative Commons Attribution 4.0 International (CC BY 4.0) (https://creativecommons.org/licenses/by/4.0/),The Database of British and Irish Hills v18.5; https://www.hill-bagging.co.uk/dobih,Wales,52.677529,-4.032992,460,69,source_backed,pending,,pending,,pending,not_imported,warning,duplicate_name
14374,Foel Ddu,,,30D,30D: Barmouth to Betws-y-Coed and Bala,,,WN05 Siabod-arenig,Conwy,4,116,018E,460,1509,SH819474,SH 81991 47497,43,SH812472,417,knoll,outcrop 80m N at SH 81979 47575 is of similar height,,,W,,05-Feb-23,LIDAR suggests 460.0m at summit,"https://www.streetmap.co.uk/map?X=281988&Y=347494&SV=281988,347494&A=Y&Z=115","https://www.google.com/maps/search/?api=1&query=53.011717,-3.760426",https://www.hill-bagging.co.uk/hill-view/?qu=S&rf=14374,281988,347494,53.011717,-3.760426,SH8198847494,30.4,2068,Manod Mawr,,0,0,0,0,1,0,0,0,0,0,0,0,0,0,0,0,0,0,0,1,0,0,0,0,0,0,0,0,0,0,0,0,0,0,0,0,0,0,0,0,0,0,0,0,0,0,0,0,0,0,0,0,0,0,0,0,0,0,0,0,0,0,0,0,0,dobih:14374,DoBIH,18.5,https://www.hill-bagging.co.uk/dobih-downloads/hillcsv.zip,DoBIH_v18_5.csv,13396947,0c39e13ac59dd3fa172ac21dd56dd0f6fef19a14af47c7a5a444cce691e9f021,d27bc69dbb6d30a6f171ef277408831fe8763fc9043422f4e375e63f4cc190ea,2026-08-25T14:26:29+00:00,Creative Commons Attribution 4.0 International (CC BY 4.0) (https://creativecommons.org/licenses/by/4.0/),The Database of British and Irish Hills v18.5; https://www.hill-bagging.co.uk/dobih,Wales,53.011717,-3.760426,460,43,source_backed,pending,,pending,,pending,not_imported,warning,duplicate_name
14383,Foel Frech,,,30C,30C: Llandudno to Wrexham,,,WN06 Eithin-orme,Denbighshire [Sir Ddinbych],Un,116,264S,453.2,1487,SJ012540,SJ 01225 54030,29.5,SJ 0056 5474,423.7,no feature,ground 10m S at SJ 01227 54018 is of similar height,,,W,,14-Jul-26,Deleted from Tumps list Feb 2014,"https://www.streetmap.co.uk/map?X=301223&Y=354027&SV=301223,354027&A=Y&Z=115","https://www.google.com/maps/search/?api=1&query=53.074322,-3.475854",https://www.hill-bagging.co.uk/hill-view/?qu=S&rf=14383,301223,354027,53.074322,-3.475854,SJ0122354027,30.3,2042,Mwdwl-eithin,,0,0,0,0,0,0,0,0,0,0,0,0,0,0,0,0,0,0,0,0,0,0,0,0,0,0,0,0,0,0,0,0,0,0,0,0,0,0,0,0,0,0,0,0,0,0,0,0,0,0,0,0,0,0,0,0,0,0,0,0,0,0,0,0,1,dobih:14383,DoBIH,18.5,https://www.hill-bagging.co.uk/dobih-downloads/hillcsv.zip,DoBIH_v18_5.csv,13396947,0c39e13ac59dd3fa172ac21dd56dd0f6fef19a14af47c7a5a444cce691e9f021,d27bc69dbb6d30a6f171ef277408831fe8763fc9043422f4e375e63f4cc190ea,2026-08-25T14:26:29+00:00,Creative Commons Attribution 4.0 International (CC BY 4.0) (https://creativecommons.org/licenses/by/4.0/),The Database of British and Irish Hills v18.5; https://www.hill-bagging.co.uk/dobih,Wales,53.074322,-3.475854,453.2,29.5,source_backed,pending,,pending,,pending,not_imported,warning,duplicate_name
14386,Y Gyrn,,,30B,30B: Snowdonia,Moel Hebog,,WN01 Hebog-anelog,Gwynedd,4,115,017W 254,459,1506,SH552500,SH 55265 50094,54,SH553504,405,outcrop,,obvious summit,,W,,25-Jan-24,,"https://www.streetmap.co.uk/map?X=255262&Y=350091&SV=255262,350091&A=Y&Z=115","https://www.google.com/maps/search/?api=1&query=53.028484,-4.159672",https://www.hill-bagging.co.uk/hill-view/?qu=S&rf=14386,255262,350091,53.028484,-4.159672,SH5526250091,30.2,2004,Trum y Ddysgl,,0,0,0,0,1,0,0,0,0,0,0,0,0,0,0,0,0,0,0,1,0,0,0,0,0,0,0,0,0,0,0,0,0,0,0,0,0,0,0,0,0,0,0,0,0,0,0,0,0,0,0,0,0,0,0,0,0,0,0,0,0,0,0,0,0,dobih:14386,DoBIH,18.5,https://www.hill-bagging.co.uk/dobih-downloads/hillcsv.zip,DoBIH_v18_5.csv,13396947,0c39e13ac59dd3fa172ac21dd56dd0f6fef19a14af47c7a5a444cce691e9f021,d27bc69dbb6d30a6f171ef277408831fe8763fc9043422f4e375e63f4cc190ea,2026-08-25T14:26:29+00:00,Creative Commons Attribution 4.0 International (CC BY 4.0) (https://creativecommons.org/licenses/by/4.0/),The Database of British and Irish Hills v18.5; https://www.hill-bagging.co.uk/dobih,Wales,53.028484,-4.159672,459,54,source_backed,pending,,pending,,pending,not_imported,warning,duplicate_name
14394,Cefn Coch,,,30E,30E: Bala to Welshpool,The Berwyns,,WN10 Aran-idris,Gwynedd,4,125,255,447,1467,SJ001354,SJ 00143 35421,56,SJ002343,391,heathery mound by track,embedded rock 50m E at SJ 00194 35423 is as high,Abney level,,W,,20-Jan-12,,"https://www.streetmap.co.uk/map?X=300141&Y=335418&SV=300141,335418&A=Y&Z=115","https://www.google.com/maps/search/?api=1&query=52.906894,-3.486246",https://www.hill-bagging.co.uk/hill-view/?qu=S&rf=14394,300141,335418,52.906894,-3.486246,SJ0014135418,30.5,19413,Foel Cedig,,0,0,0,0,1,0,0,0,0,0,0,0,0,0,0,0,0,0,0,1,0,0,0,0,0,0,0,0,0,0,0,0,0,0,0,0,0,0,0,0,0,0,0,0,0,0,0,0,0,0,0,0,0,0,0,0,0,0,0,0,0,0,0,0,0,dobih:14394,DoBIH,18.5,https://www.hill-bagging.co.uk/dobih-downloads/hillcsv.zip,DoBIH_v18_5.csv,13396947,0c39e13ac59dd3fa172ac21dd56dd0f6fef19a14af47c7a5a444cce691e9f021,d27bc69dbb6d30a6f171ef277408831fe8763fc9043422f4e375e63f4cc190ea,2026-08-25T14:26:29+00:00,Creative Commons Attribution 4.0 International (CC BY 4.0) (https://creativecommons.org/licenses/by/4.0/),The Database of British and Irish Hills v18.5; https://www.hill-bagging.co.uk/dobih,Wales,52.906894,-3.486246,447,56,source_backed,pending,,pending,,pending,not_imported,warning,duplicate_name
14402,Moel Ddu,,,30D,30D: Barmouth to Betws-y-Coed and Bala,The Arenigs,,WN05 Siabod-arenig,Gwynedd,4,124,018W,438,1437,SH729327,SH 72918 32742,37,SH731329,401,no feature,,,,W,,05-Jun-21,,"https://www.streetmap.co.uk/map?X=272915&Y=332738&SV=272915,332738&A=Y&Z=115","https://www.google.com/maps/search/?api=1&query=52.877072,-3.889797",https://www.hill-bagging.co.uk/hill-view/?qu=S&rf=14402,272915,332738,52.877072,-3.889797,SH7291532738,30.4,2057,Moel Llyfnant,,0,0,0,0,1,0,0,0,0,0,0,0,0,0,0,0,0,0,0,1,0,0,0,0,0,0,0,0,0,0,0,0,0,0,0,0,0,0,0,0,0,0,0,0,0,0,0,0,0,0,0,0,0,0,0,0,0,0,0,0,0,0,0,0,0,dobih:14402,DoBIH,18.5,https://www.hill-bagging.co.uk/dobih-downloads/hillcsv.zip,DoBIH_v18_5.csv,13396947,0c39e13ac59dd3fa172ac21dd56dd0f6fef19a14af47c7a5a444cce691e9f021,d27bc69dbb6d30a6f171ef277408831fe8763fc9043422f4e375e63f4cc190ea,2026-08-25T14:26:29+00:00,Creative Commons Attribution 4.0 International (CC BY 4.0) (https://creativecommons.org/licenses/by/4.0/),The Database of British and Irish Hills v18.5; https://www.hill-bagging.co.uk/dobih,Wales,52.877072,-3.889797,438,37,source_backed,pending,,pending,,pending,not_imported,warning,duplicate_name
14407,Foel,,,30C,30C: Llandudno to Wrexham,,,WN07 Gamelin-famau,Denbighshire [Sir Ddinbych],4,117,255 256,433,1421,SJ208468,SJ 20816 46824,47,SJ213477,386,small pile of stones,,Abney level,,W,,25-Jan-24,,"https://www.streetmap.co.uk/map?X=320814&Y=346821&SV=320814,346821&A=Y&Z=115","https://www.google.com/maps/search/?api=1&query=53.012826,-3.181727",https://www.hill-bagging.co.uk/hill-view/?qu=S&rf=14407,320814,346821,53.012826,-3.181727,SJ2081446821,30.3,2040,Cyrn-y-Brain,,0,0,0,0,1,0,0,0,0,0,0,0,0,0,0,0,0,0,0,1,0,0,0,0,0,0,0,0,0,0,0,0,0,0,0,0,0,0,0,0,0,0,0,0,0,0,0,0,0,0,0,0,0,0,0,0,0,0,0,0,0,0,0,0,0,dobih:14407,DoBIH,18.5,https://www.hill-bagging.co.uk/dobih-downloads/hillcsv.zip,DoBIH_v18_5.csv,13396947,0c39e13ac59dd3fa172ac21dd56dd0f6fef19a14af47c7a5a444cce691e9f021,d27bc69dbb6d30a6f171ef277408831fe8763fc9043422f4e375e63f4cc190ea,2026-08-25T14:26:29+00:00,Creative Commons Attribution 4.0 International (CC BY 4.0) (https://creativecommons.org/licenses/by/4.0/),The Database of British and Irish Hills v18.5; https://www.hill-bagging.co.uk/dobih,Wales,53.012826,-3.181727,433,47,source_backed,pending,,pending,,pending,not_imported,warning,duplicate_name
14421,Cefn Du,,,30C,30C: Llandudno to Wrexham,,,WN06 Eithin-orme,Denbighshire [Sir Ddinbych],4,116,264S,422,1384,SJ051544,SJ 05195 54464,63,SJ032535,359,no feature,,,,W,,13-Dec-14,,"https://www.streetmap.co.uk/map?X=305193&Y=354461&SV=305193,354461&A=Y&Z=115","https://www.google.com/maps/search/?api=1&query=53.078942,-3.416743",https://www.hill-bagging.co.uk/hill-view/?qu=S&rf=14421,305193,354461,53.078942,-3.416743,SJ0519354461,30.3,2042,Mwdwl-eithin,,0,0,0,0,1,0,0,0,0,0,0,0,0,0,0,0,0,0,0,1,0,0,0,0,0,0,0,0,0,0,0,0,0,0,0,0,0,0,0,0,0,0,0,0,0,0,0,0,0,0,0,0,0,0,0,0,0,0,0,0,0,0,0,0,0,dobih:14421,DoBIH,18.5,https://www.hill-bagging.co.uk/dobih-downloads/hillcsv.zip,DoBIH_v18_5.csv,13396947,0c39e13ac59dd3fa172ac21dd56dd0f6fef19a14af47c7a5a444cce691e9f021,d27bc69dbb6d30a6f171ef277408831fe8763fc9043422f4e375e63f4cc190ea,2026-08-25T14:26:29+00:00,Creative Commons Attribution 4.0 International (CC BY 4.0) (https://creativecommons.org/licenses/by/4.0/),The Database of British and Irish Hills v18.5; https://www.hill-bagging.co.uk/dobih,Wales,53.078942,-3.416743,422,63,source_backed,pending,,pending,,pending,not_imported,warning,duplicate_name
14426,Ffridd Ddu,,,30E,30E: Bala to Welshpool,,,WN10 Aran-idris,Gwynedd,4,124 125,023E,421,1381,SH892158,SH 89207 15826,32,SH890155,389,no feature,ground 65m SW at SH 89151 15793 may be as high,,,W,,20-Jan-12,,"https://www.streetmap.co.uk/map?X=289204&Y=315822&SV=289204,315822&A=Y&Z=115","https://www.google.com/maps/search/?api=1&query=52.72867,-3.642134",https://www.hill-bagging.co.uk/hill-view/?qu=S&rf=14426,289204,315822,52.72867,-3.642134,SH8920415822,30.5,2104,Esgeiriau Gwynion [Foel Rhudd],,0,0,0,0,1,0,0,0,0,0,0,0,0,0,0,0,0,0,0,1,0,0,0,0,0,0,0,0,0,0,0,0,0,0,0,0,0,0,0,0,0,0,0,0,0,0,0,0,0,0,0,0,0,0,0,0,0,0,0,0,0,0,0,0,0,dobih:14426,DoBIH,18.5,https://www.hill-bagging.co.uk/dobih-downloads/hillcsv.zip,DoBIH_v18_5.csv,13396947,0c39e13ac59dd3fa172ac21dd56dd0f6fef19a14af47c7a5a444cce691e9f021,d27bc69dbb6d30a6f171ef277408831fe8763fc9043422f4e375e63f4cc190ea,2026-08-25T14:26:29+00:00,Creative Commons Attribution 4.0 International (CC BY 4.0) (https://creativecommons.org/licenses/by/4.0/),The Database of British and Irish Hills v18.5; https://www.hill-bagging.co.uk/dobih,Wales,52.72867,-3.642134,421,32,source_backed,pending,,pending,,pending,not_imported,warning,duplicate_name
14429,Y Drum,,,30C,30C: Llandudno to Wrexham,,,WN06 Eithin-orme,Conwy,4,116,018E 264S,416.8,1367,SH975480,SH 97538 48083,76.8,SH 9765 4930,340,no feature,,,,W,,23-Oct-23,,"https://www.streetmap.co.uk/map?X=297535&Y=348080&SV=297535,348080&A=Y&Z=115","https://www.google.com/maps/search/?api=1&query=53.020186,-3.528976",https://www.hill-bagging.co.uk/hill-view/?qu=S&rf=14429,297535,348080,53.020186,-3.528976,SH9753548080,30.3,2042,Mwdwl-eithin,,0,0,0,0,1,0,0,0,0,0,0,0,0,0,0,0,0,0,0,1,0,0,0,0,0,0,0,0,0,0,0,0,0,0,0,0,0,0,0,0,0,0,0,0,0,0,0,0,0,0,0,0,0,0,0,0,0,0,0,0,0,0,0,0,0,dobih:14429,DoBIH,18.5,https://www.hill-bagging.co.uk/dobih-downloads/hillcsv.zip,DoBIH_v18_5.csv,13396947,0c39e13ac59dd3fa172ac21dd56dd0f6fef19a14af47c7a5a444cce691e9f021,d27bc69dbb6d30a6f171ef277408831fe8763fc9043422f4e375e63f4cc190ea,2026-08-25T14:26:29+00:00,Creative Commons Attribution 4.0 International (CC BY 4.0) (https://creativecommons.org/licenses/by/4.0/),The Database of British and Irish Hills v18.5; https://www.hill-bagging.co.uk/dobih,Wales,53.020186,-3.528976,416.8,76.8,source_backed,pending,,pending,,pending,not_imported,warning,duplicate_name
14442,Y Glog,,,30E,30E: Bala to Welshpool,,,WN10 Aran-idris,Powys,4,125,239,408,1339,SJ089207,SJ 08923 20752,62,SJ078201,346,no feature: pasture,,,,W,,31-Jul-15,,"https://www.streetmap.co.uk/map?X=308921&Y=320748&SV=308921,320748&A=Y&Z=115","https://www.google.com/maps/search/?api=1&query=52.776623,-3.351636",https://www.hill-bagging.co.uk/hill-view/?qu=S&rf=14442,308921,320748,52.776623,-3.351636,SJ0892120748,30.5,2131,Rhialgwm,,0,0,0,0,1,0,0,0,0,0,0,0,0,0,0,0,0,0,0,1,0,0,0,0,0,0,0,0,0,0,0,0,0,0,0,0,0,0,0,0,0,0,0,0,0,0,0,0,0,0,0,0,0,0,0,0,0,0,0,0,0,0,0,0,0,dobih:14442,DoBIH,18.5,https://www.hill-bagging.co.uk/dobih-downloads/hillcsv.zip,DoBIH_v18_5.csv,13396947,0c39e13ac59dd3fa172ac21dd56dd0f6fef19a14af47c7a5a444cce691e9f021,d27bc69dbb6d30a6f171ef277408831fe8763fc9043422f4e375e63f4cc190ea,2026-08-25T14:26:29+00:00,Creative Commons Attribution 4.0 International (CC BY 4.0) (https://creativecommons.org/licenses/by/4.0/),The Database of British and Irish Hills v18.5; https://www.hill-bagging.co.uk/dobih,Wales,52.776623,-3.351636,408,62,source_backed,pending,,pending,,pending,not_imported,warning,duplicate_name
14456,Bryn Mawr,,,30D,30D: Barmouth to Betws-y-Coed and Bala,The Arenigs,,WN05 Siabod-arenig,Gwynedd,4,124 125,023E,401,1316,SH830259,SH 83089 25922,40,SH826260,361,not recorded,,,,W,,25-Jan-24,,"https://www.streetmap.co.uk/map?X=283086&Y=325918&SV=283086,325918&A=Y&Z=115","https://www.google.com/maps/search/?api=1&query=52.818099,-3.736296",https://www.hill-bagging.co.uk/hill-view/?qu=S&rf=14456,283086,325918,52.818099,-3.736296,SH8308625918,30.4,2059,Rhobell Fawr,,0,0,0,0,1,0,0,0,0,0,0,0,0,0,0,0,0,0,0,1,0,0,0,0,0,0,0,0,0,0,0,0,0,0,0,0,0,0,0,0,0,0,0,0,0,0,0,0,0,0,0,0,0,0,0,0,0,0,0,0,0,0,0,0,0,dobih:14456,DoBIH,18.5,https://www.hill-bagging.co.uk/dobih-downloads/hillcsv.zip,DoBIH_v18_5.csv,13396947,0c39e13ac59dd3fa172ac21dd56dd0f6fef19a14af47c7a5a444cce691e9f021,d27bc69dbb6d30a6f171ef277408831fe8763fc9043422f4e375e63f4cc190ea,2026-08-25T14:26:29+00:00,Creative Commons Attribution 4.0 International (CC BY 4.0) (https://creativecommons.org/licenses/by/4.0/),The Database of British and Irish Hills v18.5; https://www.hill-bagging.co.uk/dobih,Wales,52.818099,-3.736296,401,40,source_backed,pending,,pending,,pending,not_imported,warning,duplicate_name
14462,Penmaen,,,30D,30D: Barmouth to Betws-y-Coed and Bala,The Arenigs,,WN05 Siabod-arenig,Gwynedd,3,124 125,023E,397,1302,SH844266,SH 84412 26612,60,SH833258,337,knoll by fallen pine,,,,W,,20-Jan-12,,"https://www.streetmap.co.uk/map?X=284409&Y=326608&SV=284409,326608&A=Y&Z=115","https://www.google.com/maps/search/?api=1&query=52.824585,-3.716918",https://www.hill-bagging.co.uk/hill-view/?qu=S&rf=14462,284409,326608,52.824585,-3.716918,SH8440926608,30.4,2059,Rhobell Fawr,,0,0,0,0,1,0,0,0,0,0,0,0,0,0,0,0,0,0,0,0,1,0,0,0,0,0,0,0,0,0,0,0,0,0,0,0,0,0,0,0,0,0,0,0,0,0,0,0,0,0,0,0,0,0,0,0,0,0,0,0,0,0,0,0,0,dobih:14462,DoBIH,18.5,https://www.hill-bagging.co.uk/dobih-downloads/hillcsv.zip,DoBIH_v18_5.csv,13396947,0c39e13ac59dd3fa172ac21dd56dd0f6fef19a14af47c7a5a444cce691e9f021,d27bc69dbb6d30a6f171ef277408831fe8763fc9043422f4e375e63f4cc190ea,2026-08-25T14:26:29+00:00,Creative Commons Attribution 4.0 International (CC BY 4.0) (https://creativecommons.org/licenses/by/4.0/),The Database of British and Irish Hills v18.5; https://www.hill-bagging.co.uk/dobih,Wales,52.824585,-3.716918,397,60,source_backed,pending,,pending,,pending,not_imported,warning,duplicate_name
14467,Y Foel,,,30E,30E: Bala to Welshpool,The Berwyns,,WN05 Siabod-arenig,Denbighshire [Sir Ddinbych],3,125,255,392,1286,SJ025407,SJ 02551 40757,65,SJ018407,327,trig point,,,,W,,20-Jan-12,,"https://www.streetmap.co.uk/map?X=302549&Y=340753&SV=302549,340753&A=Y&Z=115","https://www.google.com/maps/search/?api=1&query=52.955288,-3.452058",https://www.hill-bagging.co.uk/hill-view/?qu=S&rf=14467,302549,340753,52.955288,-3.452058,SJ0254940753,30.5,2079,Foel Goch,,0,0,0,0,1,0,0,0,0,0,0,0,0,0,0,0,0,0,0,0,1,0,0,0,0,0,0,0,0,0,0,0,0,0,0,0,0,0,0,0,0,0,0,0,0,0,0,0,0,0,0,0,0,0,0,0,0,0,0,0,0,0,0,0,0,dobih:14467,DoBIH,18.5,https://www.hill-bagging.co.uk/dobih-downloads/hillcsv.zip,DoBIH_v18_5.csv,13396947,0c39e13ac59dd3fa172ac21dd56dd0f6fef19a14af47c7a5a444cce691e9f021,d27bc69dbb6d30a6f171ef277408831fe8763fc9043422f4e375e63f4cc190ea,2026-08-25T14:26:29+00:00,Creative Commons Attribution 4.0 International (CC BY 4.0) (https://creativecommons.org/licenses/by/4.0/),The Database of British and Irish Hills v18.5; https://www.hill-bagging.co.uk/dobih,Wales,52.955288,-3.452058,392,65,source_backed,pending,,pending,,pending,not_imported,warning,duplicate_name
14472,Pen y Gaer,,,30A,30A: Anglesey and the Lleyn Peninsula,,,WN01 Hebog-anelog,Gwynedd,3,115 123,254,389,1276,SH429455,SH 42903 45551,53,SH428457,336,outcrop,,obvious summit,,W,,19-Oct-14,,"https://www.streetmap.co.uk/map?X=242900&Y=345548&SV=242900,345548&A=Y&Z=115","https://www.google.com/maps/search/?api=1&query=52.984191,-4.341636",https://www.hill-bagging.co.uk/hill-view/?qu=S&rf=14472,242900,345548,52.984191,-4.341636,SH4290045548,30.1,1952,Gyrn Ddu,,0,0,0,0,1,0,0,0,0,0,0,0,0,0,0,0,0,0,0,0,1,0,0,0,0,0,0,0,0,0,0,0,0,0,0,0,0,0,0,0,0,0,0,0,0,0,0,0,0,0,0,0,0,0,0,0,0,0,0,0,0,0,0,0,0,dobih:14472,DoBIH,18.5,https://www.hill-bagging.co.uk/dobih-downloads/hillcsv.zip,DoBIH_v18_5.csv,13396947,0c39e13ac59dd3fa172ac21dd56dd0f6fef19a14af47c7a5a444cce691e9f021,d27bc69dbb6d30a6f171ef277408831fe8763fc9043422f4e375e63f4cc190ea,2026-08-25T14:26:29+00:00,Creative Commons Attribution 4.0 International (CC BY 4.0) (https://creativecommons.org/licenses/by/4.0/),The Database of British and Irish Hills v18.5; https://www.hill-bagging.co.uk/dobih,Wales,52.984191,-4.341636,389,53,source_backed,pending,,pending,,pending,not_imported,warning,duplicate_name
14476,Pen y Gaer,,,30B,30B: Snowdonia,The Carneddau,,WN04 Llewelyn-elen,Conwy,3,115,017E,385,1263,SH749693,SH 74990 69319,35,SH746692,350,large cairn,,,,W,,25-Jan-24,,"https://www.streetmap.co.uk/map?X=274987&Y=369316&SV=274987,369316&A=Y&Z=115","https://www.google.com/maps/search/?api=1&query=53.206184,-3.873223",https://www.hill-bagging.co.uk/hill-view/?qu=S&rf=14476,274987,369316,53.206184,-3.873223,SH7498769316,30.2,1965,Carnedd Llewelyn,,0,0,0,0,1,0,0,0,0,0,0,0,0,0,0,0,0,0,0,0,1,0,0,0,0,0,0,0,0,0,0,0,0,0,0,0,0,0,0,0,0,0,0,0,0,0,0,0,0,0,0,0,0,0,0,0,0,0,0,0,0,0,0,0,0,dobih:14476,DoBIH,18.5,https://www.hill-bagging.co.uk/dobih-downloads/hillcsv.zip,DoBIH_v18_5.csv,13396947,0c39e13ac59dd3fa172ac21dd56dd0f6fef19a14af47c7a5a444cce691e9f021,d27bc69dbb6d30a6f171ef277408831fe8763fc9043422f4e375e63f4cc190ea,2026-08-25T14:26:29+00:00,Creative Commons Attribution 4.0 International (CC BY 4.0) (https://creativecommons.org/licenses/by/4.0/),The Database of British and Irish Hills v18.5; https://www.hill-bagging.co.uk/dobih,Wales,53.206184,-3.873223,385,35,source_backed,pending,,pending,,pending,not_imported,warning,duplicate_name
14492,Foel Uchaf,,,30C,30C: Llandudno to Wrexham,,,WN06 Eithin-orme,Denbighshire [Sir Ddinbych],3,116,264S,372,1220,SJ046590,SJ 04697 59012,86,SJ038595,286,no feature: pasture,knoll at SJ 04722 59072 lower,,,W,,25-Jan-24,,"https://www.streetmap.co.uk/map?X=304695&Y=359009&SV=304695,359009&A=Y&Z=115","https://www.google.com/maps/search/?api=1&query=53.119723,-3.425526",https://www.hill-bagging.co.uk/hill-view/?qu=S&rf=14492,304695,359009,53.119723,-3.425526,SJ0469559009,30.3,2042,Mwdwl-eithin,,0,0,0,0,1,0,0,0,0,0,0,0,0,0,0,0,0,0,0,0,1,0,0,0,0,0,0,0,0,0,0,0,0,0,0,0,0,0,0,0,0,0,0,0,0,0,0,0,0,0,0,0,0,0,0,0,0,0,0,0,0,0,0,0,0,dobih:14492,DoBIH,18.5,https://www.hill-bagging.co.uk/dobih-downloads/hillcsv.zip,DoBIH_v18_5.csv,13396947,0c39e13ac59dd3fa172ac21dd56dd0f6fef19a14af47c7a5a444cce691e9f021,d27bc69dbb6d30a6f171ef277408831fe8763fc9043422f4e375e63f4cc190ea,2026-08-25T14:26:29+00:00,Creative Commons Attribution 4.0 International (CC BY 4.0) (https://creativecommons.org/licenses/by/4.0/),The Database of British and Irish Hills v18.5; https://www.hill-bagging.co.uk/dobih,Wales,53.119723,-3.425526,372,86,source_backed,pending,,pending,,pending,not_imported,warning,duplicate_name
14507,Iwerddon,,,30D,30D: Barmouth to Betws-y-Coed and Bala,,,WN05 Siabod-arenig,Conwy,3,115,018E,363.1,1191,SH788525,SH 78881 52531,32,SH780516,331,ground 10m S of trig point,,,,W,,21-Mar-21,,"https://www.streetmap.co.uk/map?X=278878&Y=352528&SV=278878,352528&A=Y&Z=115","https://www.google.com/maps/search/?api=1&query=53.056251,-3.808649",https://www.hill-bagging.co.uk/hill-view/?qu=S&rf=14507,278878,352528,53.056251,-3.808649,SH7887852528,30.4,2068,Manod Mawr,,0,0,0,0,1,0,0,0,0,0,0,0,0,0,0,0,0,0,0,0,1,0,0,0,0,0,0,0,0,0,0,0,0,0,0,0,0,0,0,0,0,0,0,0,0,0,0,0,0,0,0,0,0,0,0,0,0,0,0,0,0,0,0,0,0,dobih:14507,DoBIH,18.5,https://www.hill-bagging.co.uk/dobih-downloads/hillcsv.zip,DoBIH_v18_5.csv,13396947,0c39e13ac59dd3fa172ac21dd56dd0f6fef19a14af47c7a5a444cce691e9f021,d27bc69dbb6d30a6f171ef277408831fe8763fc9043422f4e375e63f4cc190ea,2026-08-25T14:26:29+00:00,Creative Commons Attribution 4.0 International (CC BY 4.0) (https://creativecommons.org/licenses/by/4.0/),The Database of British and Irish Hills v18.5; https://www.hill-bagging.co.uk/dobih,Wales,53.056251,-3.808649,363.1,32,source_backed,pending,,pending,,pending,not_imported,warning,duplicate_name
14514,Cefn Mawr,,,30C,30C: Llandudno to Wrexham,,,WN06 Eithin-orme,Denbighshire [Sir Ddinbych],3,116,264S,354,1161,SJ059504,SJ 05965 50428,48,SJ053502,306,no feature: pasture,,,,W,,25-Jan-24,,"https://www.streetmap.co.uk/map?X=305963&Y=350425&SV=305963,350425&A=Y&Z=115","https://www.google.com/maps/search/?api=1&query=53.042808,-3.404072",https://www.hill-bagging.co.uk/hill-view/?qu=S&rf=14514,305963,350425,53.042808,-3.404072,SJ0596350425,30.3,2042,Mwdwl-eithin,,0,0,0,0,1,0,0,0,0,0,0,0,0,0,0,0,0,0,0,0,1,0,0,0,0,0,0,0,0,0,0,0,0,0,0,0,0,0,0,0,0,0,0,0,0,0,0,0,0,0,0,0,0,0,0,0,0,0,0,0,0,0,0,0,0,dobih:14514,DoBIH,18.5,https://www.hill-bagging.co.uk/dobih-downloads/hillcsv.zip,DoBIH_v18_5.csv,13396947,0c39e13ac59dd3fa172ac21dd56dd0f6fef19a14af47c7a5a444cce691e9f021,d27bc69dbb6d30a6f171ef277408831fe8763fc9043422f4e375e63f4cc190ea,2026-08-25T14:26:29+00:00,Creative Commons Attribution 4.0 International (CC BY 4.0) (https://creativecommons.org/licenses/by/4.0/),The Database of British and Irish Hills v18.5; https://www.hill-bagging.co.uk/dobih,Wales,53.042808,-3.404072,354,48,source_backed,pending,,pending,,pending,not_imported,warning,duplicate_name
14516,Foel Gron,,,30B,30B: Snowdonia,,,WN03 Glyder-tryfan,Gwynedd,3,114 115,017W 263S,353,1158,SH583622,SH 58392 62228,34,SH586621,319,ground by wall,knoll 60m WSW at SH 58364 62175 is lower,,,W,,25-Jan-24,,"https://www.streetmap.co.uk/map?X=258389&Y=362225&SV=258389,362225&A=Y&Z=115","https://www.google.com/maps/search/?api=1&query=53.138322,-4.118426",https://www.hill-bagging.co.uk/hill-view/?qu=S&rf=14516,258389,362225,53.138322,-4.118426,SH5838962225,30.2,1975,Elidir Fawr,,0,0,0,0,1,0,0,0,0,0,0,0,0,0,0,0,0,0,0,0,1,0,0,0,0,0,0,0,0,0,0,0,0,0,0,0,0,0,0,0,0,0,0,0,0,0,0,0,0,0,0,0,0,0,0,0,0,0,0,0,0,0,0,0,0,dobih:14516,DoBIH,18.5,https://www.hill-bagging.co.uk/dobih-downloads/hillcsv.zip,DoBIH_v18_5.csv,13396947,0c39e13ac59dd3fa172ac21dd56dd0f6fef19a14af47c7a5a444cce691e9f021,d27bc69dbb6d30a6f171ef277408831fe8763fc9043422f4e375e63f4cc190ea,2026-08-25T14:26:29+00:00,Creative Commons Attribution 4.0 International (CC BY 4.0) (https://creativecommons.org/licenses/by/4.0/),The Database of British and Irish Hills v18.5; https://www.hill-bagging.co.uk/dobih,Wales,53.138322,-4.118426,353,34,source_backed,pending,,pending,,pending,not_imported,warning,duplicate_name
14520,Cefn Du,,,30C,30C: Llandudno to Wrexham,,,WN06 Eithin-orme,Conwy,3,116,017E,347.6,1140,SH835730,SH 83594 73007,70.9,SH 8385 7248,276.7,ground south of transmitter,ground 300m N at SH 83625 73306 is 0.3m lower,,,W,,24-Mar-25,,"https://www.streetmap.co.uk/map?X=283591&Y=373004&SV=283591,373004&A=Y&Z=115","https://www.google.com/maps/search/?api=1&query=53.241275,-3.745812",https://www.hill-bagging.co.uk/hill-view/?qu=S&rf=14520,283591,373004,53.241275,-3.745812,SH8359173004,30.3,2042,Mwdwl-eithin,,0,0,0,0,1,0,0,0,0,0,0,0,0,0,0,0,0,0,0,0,1,0,0,0,0,0,0,0,0,0,0,0,0,0,0,0,0,0,0,0,0,0,0,0,0,0,0,0,0,0,0,1,0,0,0,0,0,0,0,0,0,0,0,0,0,dobih:14520,DoBIH,18.5,https://www.hill-bagging.co.uk/dobih-downloads/hillcsv.zip,DoBIH_v18_5.csv,13396947,0c39e13ac59dd3fa172ac21dd56dd0f6fef19a14af47c7a5a444cce691e9f021,d27bc69dbb6d30a6f171ef277408831fe8763fc9043422f4e375e63f4cc190ea,2026-08-25T14:26:29+00:00,Creative Commons Attribution 4.0 International (CC BY 4.0) (https://creativecommons.org/licenses/by/4.0/),The Database of British and Irish Hills v18.5; https://www.hill-bagging.co.uk/dobih,Wales,53.241275,-3.745812,347.6,70.9,source_backed,pending,,pending,,pending,not_imported,warning,duplicate_name
14522,Llechwedd Llwyd,,,30E,30E: Bala to Welshpool,,,WN10 Aran-idris,Powys,3,125,239,350,1148,SJ119232,SJ 11997 23284,68,SJ095228,282,no feature: ground W of hedge,outcrop 160m E at SJ 12162 23302 and rocky bluff 120m W SJ 11881 23317 are probably lower,,,W,,11-Sep-14,,"https://www.streetmap.co.uk/map?X=311995&Y=323280&SV=311995,323280&A=Y&Z=115","https://www.google.com/maps/search/?api=1&query=52.799890,-3.306760",https://www.hill-bagging.co.uk/hill-view/?qu=S&rf=14522,311995,323280,52.79989,-3.30676,SJ1199523280,30.5,2131,Rhialgwm,,0,0,0,0,1,0,0,0,0,0,0,0,0,0,0,0,0,0,0,0,1,0,0,0,0,0,0,0,0,0,0,0,0,0,0,0,0,0,0,0,0,0,0,0,0,0,0,0,0,0,0,0,0,0,0,0,0,0,0,0,0,0,0,0,0,dobih:14522,DoBIH,18.5,https://www.hill-bagging.co.uk/dobih-downloads/hillcsv.zip,DoBIH_v18_5.csv,13396947,0c39e13ac59dd3fa172ac21dd56dd0f6fef19a14af47c7a5a444cce691e9f021,d27bc69dbb6d30a6f171ef277408831fe8763fc9043422f4e375e63f4cc190ea,2026-08-25T14:26:29+00:00,Creative Commons Attribution 4.0 International (CC BY 4.0) (https://creativecommons.org/licenses/by/4.0/),The Database of British and Irish Hills v18.5; https://www.hill-bagging.co.uk/dobih,Wales,52.79989,-3.30676,350,68,source_backed,pending,,pending,,pending,not_imported,warning,duplicate_name
14523,Allt Goch,,,30E,30E: Bala to Welshpool,,,WN10 Aran-idris,Powys,3,125,239,349,1145,SJ131176,SJ 13154 17619,35,SJ125174,314,knoll,,,,W,,20-Jan-12,,"https://www.streetmap.co.uk/map?X=313152&Y=317615&SV=313152,317615&A=Y&Z=115","https://www.google.com/maps/search/?api=1&query=52.749164,-3.288099",https://www.hill-bagging.co.uk/hill-view/?qu=S&rf=14523,313152,317615,52.749164,-3.288099,SJ1315217615,30.5,2131,Rhialgwm,,0,0,0,0,1,0,0,0,0,0,0,0,0,0,0,0,0,0,0,0,1,0,0,0,0,0,0,0,0,0,0,0,0,0,0,0,0,0,0,0,0,0,0,0,0,0,0,0,0,0,0,0,0,0,0,0,0,0,0,0,0,0,0,0,0,dobih:14523,DoBIH,18.5,https://www.hill-bagging.co.uk/dobih-downloads/hillcsv.zip,DoBIH_v18_5.csv,13396947,0c39e13ac59dd3fa172ac21dd56dd0f6fef19a14af47c7a5a444cce691e9f021,d27bc69dbb6d30a6f171ef277408831fe8763fc9043422f4e375e63f4cc190ea,2026-08-25T14:26:29+00:00,Creative Commons Attribution 4.0 International (CC BY 4.0) (https://creativecommons.org/licenses/by/4.0/),The Database of British and Irish Hills v18.5; https://www.hill-bagging.co.uk/dobih,Wales,52.749164,-3.288099,349,35,source_backed,pending,,pending,,pending,not_imported,warning,duplicate_name
14524,Foel Fawr,,,30F,30F: Dolgellau to Machynlleth,,,WN10 Aran-idris,Gwynedd,3,124,023W,343.9,1128,SH679058,SH 67975 05852,57.4,SH 6765 0553,286.5,no feature: conifer,ground 90m S at SH 67985 05747 and 20m ESE at SH 67995 05842 are both of equal height,,,W,,21-Jul-26,,"https://www.streetmap.co.uk/map?X=267972&Y=305848&SV=267972,305848&A=Y&Z=115","https://www.google.com/maps/search/?api=1&query=52.634288,-3.952365",https://www.hill-bagging.co.uk/hill-view/?qu=S&rf=14524,267972,305848,52.634288,-3.952365,SH6797205848,30.6,2151,Tarrenhendre,,0,0,0,0,1,0,0,0,0,0,0,0,0,0,0,0,0,0,0,0,1,0,0,0,0,0,0,0,0,0,0,0,0,0,0,0,0,0,0,0,0,0,0,0,0,0,0,0,0,0,0,0,0,0,0,0,0,0,0,0,0,0,0,0,0,dobih:14524,DoBIH,18.5,https://www.hill-bagging.co.uk/dobih-downloads/hillcsv.zip,DoBIH_v18_5.csv,13396947,0c39e13ac59dd3fa172ac21dd56dd0f6fef19a14af47c7a5a444cce691e9f021,d27bc69dbb6d30a6f171ef277408831fe8763fc9043422f4e375e63f4cc190ea,2026-08-25T14:26:29+00:00,Creative Commons Attribution 4.0 International (CC BY 4.0) (https://creativecommons.org/licenses/by/4.0/),The Database of British and Irish Hills v18.5; https://www.hill-bagging.co.uk/dobih,Wales,52.634288,-3.952365,343.9,57.4,source_backed,pending,,pending,,pending,not_imported,warning,duplicate_name
14527,Bryn,,,30E,30E: Bala to Welshpool,,,WN10 Aran-idris,Powys,3,125,239,346.6,1137,SJ089167,SJ 08999 16755,69.6,SJ 1031 1744,277,no feature,ground 500m WSW at SJ 08505 16882 is lower,,,W,,15-May-18,relocated May 2018,"https://www.streetmap.co.uk/map?X=308997&Y=316751&SV=308997,316751&A=Y&Z=115","https://www.google.com/maps/search/?api=1&query=52.740714,-3.349399",https://www.hill-bagging.co.uk/hill-view/?qu=S&rf=14527,308997,316751,52.740714,-3.349399,SJ0899716751,30.5,2131,Rhialgwm,,0,0,0,0,1,0,0,0,0,0,0,0,0,0,0,0,0,0,0,0,1,0,0,0,0,0,0,0,0,0,0,0,0,0,0,0,0,0,0,0,0,0,0,0,0,0,0,0,0,0,0,0,0,0,0,0,0,0,0,0,0,0,0,0,0,dobih:14527,DoBIH,18.5,https://www.hill-bagging.co.uk/dobih-downloads/hillcsv.zip,DoBIH_v18_5.csv,13396947,0c39e13ac59dd3fa172ac21dd56dd0f6fef19a14af47c7a5a444cce691e9f021,d27bc69dbb6d30a6f171ef277408831fe8763fc9043422f4e375e63f4cc190ea,2026-08-25T14:26:29+00:00,Creative Commons Attribution 4.0 International (CC BY 4.0) (https://creativecommons.org/licenses/by/4.0/),The Database of British and Irish Hills v18.5; https://www.hill-bagging.co.uk/dobih,Wales,52.740714,-3.349399,346.6,69.6,source_backed,pending,,pending,,pending,not_imported,warning,duplicate_name
14533,Ffridd Fawr,,,30C,30C: Llandudno to Wrexham,,,WN06 Eithin-orme,Denbighshire [Sir Ddinbych],3,116,264S 265,344,1129,SJ055601,SJ 05544 60180,50,SJ056597,294,trig point,,,,W,,25-Jan-24,,"https://www.streetmap.co.uk/map?X=305542&Y=360177&SV=305542,360177&A=Y&Z=115","https://www.google.com/maps/search/?api=1&query=53.13037,-3.413218",https://www.hill-bagging.co.uk/hill-view/?qu=S&rf=14533,305542,360177,53.13037,-3.413218,SJ0554260177,30.3,2042,Mwdwl-eithin,,0,0,0,0,1,0,0,0,0,0,0,0,0,0,0,0,0,0,0,0,1,0,0,0,0,0,0,0,0,0,0,0,0,0,0,0,0,0,0,0,0,0,0,0,0,0,0,0,0,0,0,0,0,0,0,0,0,0,0,0,0,0,0,0,0,dobih:14533,DoBIH,18.5,https://www.hill-bagging.co.uk/dobih-downloads/hillcsv.zip,DoBIH_v18_5.csv,13396947,0c39e13ac59dd3fa172ac21dd56dd0f6fef19a14af47c7a5a444cce691e9f021,d27bc69dbb6d30a6f171ef277408831fe8763fc9043422f4e375e63f4cc190ea,2026-08-25T14:26:29+00:00,Creative Commons Attribution 4.0 International (CC BY 4.0) (https://creativecommons.org/licenses/by/4.0/),The Database of British and Irish Hills v18.5; https://www.hill-bagging.co.uk/dobih,Wales,53.13037,-3.413218,344,50,source_backed,pending,,pending,,pending,not_imported,warning,duplicate_name
14534,Y Foel,,,30E,30E: Bala to Welshpool,The Arans,,WN10 Aran-idris,Gwynedd,3,124,023E 023W,343,1125,SH772179,SH 77266 18003,39,SH784180,304,grassy outcrop,cairn a few m W is lower,,,W,,25-Jan-24,,"https://www.streetmap.co.uk/map?X=277263&Y=317999&SV=277263,317999&A=Y&Z=115","https://www.google.com/maps/search/?api=1&query=52.745651,-3.819686",https://www.hill-bagging.co.uk/hill-view/?qu=S&rf=14534,277263,317999,52.745651,-3.819686,SH7726317999,30.5,2091,Glasgwm,,0,0,0,0,1,0,0,0,0,0,0,0,0,0,0,0,0,0,0,0,1,0,0,0,0,0,0,0,0,0,0,0,0,0,0,0,0,0,0,0,0,0,0,0,0,0,0,0,0,0,0,0,0,0,0,0,0,0,0,0,0,0,0,0,0,dobih:14534,DoBIH,18.5,https://www.hill-bagging.co.uk/dobih-downloads/hillcsv.zip,DoBIH_v18_5.csv,13396947,0c39e13ac59dd3fa172ac21dd56dd0f6fef19a14af47c7a5a444cce691e9f021,d27bc69dbb6d30a6f171ef277408831fe8763fc9043422f4e375e63f4cc190ea,2026-08-25T14:26:29+00:00,Creative Commons Attribution 4.0 International (CC BY 4.0) (https://creativecommons.org/licenses/by/4.0/),The Database of British and Irish Hills v18.5; https://www.hill-bagging.co.uk/dobih,Wales,52.745651,-3.819686,343,39,source_backed,pending,,pending,,pending,not_imported,warning,duplicate_name
14547,Bryngwyn,,,30C,30C: Llandudno to Wrexham,,,WN07 Gamelin-famau,Flintshire [Sir Fflint],3,117,265,336,1102,SJ213617,SJ 21355 61733,33,SJ211614,303,knoll,,,,W,,20-Jan-12,,"https://www.streetmap.co.uk/map?X=321353&Y=361730&SV=321353,361730&A=Y&Z=115","https://www.google.com/maps/search/?api=1&query=53.146897,-3.177345",https://www.hill-bagging.co.uk/hill-view/?qu=S&rf=14547,321353,361730,53.146897,-3.177345,SJ2135361730,30.3,2040,Cyrn-y-Brain,,0,0,0,0,1,0,0,0,0,0,0,0,0,0,0,0,0,0,0,0,1,0,0,0,0,0,0,0,0,0,0,0,0,0,0,0,0,0,0,0,0,0,0,0,0,0,0,0,0,0,0,0,0,0,0,0,0,0,0,0,0,0,0,0,0,dobih:14547,DoBIH,18.5,https://www.hill-bagging.co.uk/dobih-downloads/hillcsv.zip,DoBIH_v18_5.csv,13396947,0c39e13ac59dd3fa172ac21dd56dd0f6fef19a14af47c7a5a444cce691e9f021,d27bc69dbb6d30a6f171ef277408831fe8763fc9043422f4e375e63f4cc190ea,2026-08-25T14:26:29+00:00,Creative Commons Attribution 4.0 International (CC BY 4.0) (https://creativecommons.org/licenses/by/4.0/),The Database of British and Irish Hills v18.5; https://www.hill-bagging.co.uk/dobih,Wales,53.146897,-3.177345,336,33,source_backed,pending,,pending,,pending,not_imported,warning,duplicate_name
14581,Cefn Coch,,,30E,30E: Bala to Welshpool,,,WN10 Aran-idris,Gwynedd,3,124 125,023E,314,1030,SH868142,SH 86841 14267,59,SH870145,255,no feature,,,,W,,11-Sep-14,,"https://www.streetmap.co.uk/map?X=286838&Y=314263&SV=286838,314263&A=Y&Z=115","https://www.google.com/maps/search/?api=1&query=52.714170,-3.676618",https://www.hill-bagging.co.uk/hill-view/?qu=S&rf=14581,286838,314263,52.71417,-3.676618,SH8683814263,30.5,2104,Esgeiriau Gwynion [Foel Rhudd],,0,0,0,0,1,0,0,0,0,0,0,0,0,0,0,0,0,0,0,0,1,0,0,0,0,0,0,0,0,0,0,0,0,0,0,0,0,0,0,0,0,0,0,0,0,0,0,0,0,0,0,0,0,0,0,0,0,0,0,0,0,0,0,0,0,dobih:14581,DoBIH,18.5,https://www.hill-bagging.co.uk/dobih-downloads/hillcsv.zip,DoBIH_v18_5.csv,13396947,0c39e13ac59dd3fa172ac21dd56dd0f6fef19a14af47c7a5a444cce691e9f021,d27bc69dbb6d30a6f171ef277408831fe8763fc9043422f4e375e63f4cc190ea,2026-08-25T14:26:29+00:00,Creative Commons Attribution 4.0 International (CC BY 4.0) (https://creativecommons.org/licenses/by/4.0/),The Database of British and Irish Hills v18.5; https://www.hill-bagging.co.uk/dobih,Wales,52.71417,-3.676618,314,59,source_backed,pending,,pending,,pending,not_imported,warning,duplicate_name
14593,Pen y Bryn,,,30D,30D: Barmouth to Betws-y-Coed and Bala,,,WN05 Siabod-arenig,Gwynedd,3,125,255,309,1014,SJ013427,SJ 01307 42731,46,SJ007423,263,outcrop,,,,W,,15-Mar-15,,"https://www.streetmap.co.uk/map?X=301304&Y=342728&SV=301304,342728&A=Y&Z=115","https://www.google.com/maps/search/?api=1&query=52.972800,-3.471172",https://www.hill-bagging.co.uk/hill-view/?qu=S&rf=14593,301304,342728,52.9728,-3.471172,SJ0130442728,30.4,2079,Foel Goch,,0,0,0,0,1,0,0,0,0,0,0,0,0,0,0,0,0,0,0,0,1,0,0,0,0,0,0,0,0,0,0,0,0,0,0,0,0,0,0,0,0,0,0,0,0,0,0,0,0,0,0,0,0,0,0,0,0,0,0,0,0,0,0,0,0,dobih:14593,DoBIH,18.5,https://www.hill-bagging.co.uk/dobih-downloads/hillcsv.zip,DoBIH_v18_5.csv,13396947,0c39e13ac59dd3fa172ac21dd56dd0f6fef19a14af47c7a5a444cce691e9f021,d27bc69dbb6d30a6f171ef277408831fe8763fc9043422f4e375e63f4cc190ea,2026-08-25T14:26:29+00:00,Creative Commons Attribution 4.0 International (CC BY 4.0) (https://creativecommons.org/licenses/by/4.0/),The Database of British and Irish Hills v18.5; https://www.hill-bagging.co.uk/dobih,Wales,52.9728,-3.471172,309,46,source_backed,pending,,pending,,pending,not_imported,warning,duplicate_name
14598,Garth,,,30E,30E: Bala to Welshpool,,,WN05 Siabod-arenig,Gwynedd,3,125,018E 255,309,1014,SH980392,SH 98086 39261,30,SH977388,279,outcrop at edge of wood,,,,W,,11-Nov-14,,"https://www.streetmap.co.uk/map?X=298083&Y=339258&SV=298083,339258&A=Y&Z=115","https://www.google.com/maps/search/?api=1&query=52.941015,-3.518027",https://www.hill-bagging.co.uk/hill-view/?qu=S&rf=14598,298083,339258,52.941015,-3.518027,SH9808339258,30.5,2079,Foel Goch,,0,0,0,0,1,0,0,0,0,0,0,0,0,0,0,0,0,0,0,0,1,0,0,0,0,0,0,0,0,0,0,0,0,0,0,0,0,0,0,0,0,0,0,0,0,0,0,0,0,0,0,0,0,0,0,0,0,0,0,0,0,0,0,0,0,dobih:14598,DoBIH,18.5,https://www.hill-bagging.co.uk/dobih-downloads/hillcsv.zip,DoBIH_v18_5.csv,13396947,0c39e13ac59dd3fa172ac21dd56dd0f6fef19a14af47c7a5a444cce691e9f021,d27bc69dbb6d30a6f171ef277408831fe8763fc9043422f4e375e63f4cc190ea,2026-08-25T14:26:29+00:00,Creative Commons Attribution 4.0 International (CC BY 4.0) (https://creativecommons.org/licenses/by/4.0/),The Database of British and Irish Hills v18.5; https://www.hill-bagging.co.uk/dobih,Wales,52.941015,-3.518027,309,30,source_backed,pending,,pending,,pending,not_imported,warning,duplicate_name
14603,Ffridd Ddu,,,30E,30E: Bala to Welshpool,,,WN05 Siabod-arenig,Gwynedd,3,125,018E,304,997,SH970369,SH 97010 37001,40,SH973373,264,stony knoll,,,,W,,25-Jan-24,,"https://www.streetmap.co.uk/map?X=297007&Y=336997&SV=297007,336997&A=Y&Z=115","https://www.google.com/maps/search/?api=1&query=52.920500,-3.533315",https://www.hill-bagging.co.uk/hill-view/?qu=S&rf=14603,297007,336997,52.9205,-3.533315,SH9700736997,30.5,2079,Foel Goch,,0,0,0,0,1,0,0,0,0,0,0,0,0,0,0,0,0,0,0,0,1,0,0,0,0,0,0,0,0,0,0,0,0,0,0,0,0,0,0,0,0,0,0,0,0,0,0,0,0,0,0,0,0,0,0,0,0,0,0,0,0,0,0,0,0,dobih:14603,DoBIH,18.5,https://www.hill-bagging.co.uk/dobih-downloads/hillcsv.zip,DoBIH_v18_5.csv,13396947,0c39e13ac59dd3fa172ac21dd56dd0f6fef19a14af47c7a5a444cce691e9f021,d27bc69dbb6d30a6f171ef277408831fe8763fc9043422f4e375e63f4cc190ea,2026-08-25T14:26:29+00:00,Creative Commons Attribution 4.0 International (CC BY 4.0) (https://creativecommons.org/licenses/by/4.0/),The Database of British and Irish Hills v18.5; https://www.hill-bagging.co.uk/dobih,Wales,52.9205,-3.533315,304,40,source_backed,pending,,pending,,pending,not_imported,warning,duplicate_name
14608,Pen Coedmawr,,,30B,30B: Snowdonia,The Carneddau,,WN04 Llewelyn-elen,Conwy,2,115,017E,298,978,SH784587,SH 78428 58726,59,SH 7785 5921,239,mossy lump in dense conifers,bilberry knoll 45m S at SH 78447 58681 is probably lower,,,W,,21-Jul-26,LIDAR data compromised by dense tree canopy. It suggests the summit 240m N at SH 78470 58965 is 3.6m lower,"https://www.streetmap.co.uk/map?X=278425&Y=358723&SV=278425,358723&A=Y&Z=115","https://www.google.com/maps/search/?api=1&query=53.111808,-3.817749",https://www.hill-bagging.co.uk/hill-view/?qu=S&rf=14608,278425,358723,53.111808,-3.817749,SH7842558723,30.2,2013,Creigiau Gleision,,0,0,0,0,1,0,0,0,0,0,0,0,0,0,0,0,0,0,0,0,0,1,0,0,0,0,0,0,0,0,0,0,0,0,0,0,0,0,0,0,0,0,0,0,0,0,0,0,0,0,0,0,0,0,0,0,0,0,0,0,0,0,0,0,0,dobih:14608,DoBIH,18.5,https://www.hill-bagging.co.uk/dobih-downloads/hillcsv.zip,DoBIH_v18_5.csv,13396947,0c39e13ac59dd3fa172ac21dd56dd0f6fef19a14af47c7a5a444cce691e9f021,d27bc69dbb6d30a6f171ef277408831fe8763fc9043422f4e375e63f4cc190ea,2026-08-25T14:26:29+00:00,Creative Commons Attribution 4.0 International (CC BY 4.0) (https://creativecommons.org/licenses/by/4.0/),The Database of British and Irish Hills v18.5; https://www.hill-bagging.co.uk/dobih,Wales,53.111808,-3.817749,298,59,source_backed,pending,,pending,,pending,not_imported,warning,duplicate_name
14614,Bryn Gwyn,,,30B,30B: Snowdonia,Moel Hebog,,WN01 Hebog-anelog,Gwynedd,2,115,017W 254,291.3,956,SH556534,SH 55656 53438,34.5,SH556535,256.9,no feature: grass,ground 6m N is as high,Trimble GeoXH 6000,,W,,30-Oct-14,,"https://www.streetmap.co.uk/map?X=255653&Y=353435&SV=255653,353435&A=Y&Z=115","https://www.google.com/maps/search/?api=1&query=53.058629,-4.155345",https://www.hill-bagging.co.uk/hill-view/?qu=S&rf=14614,255653,353435,53.058629,-4.155345,SH5565353435,30.2,2004,Trum y Ddysgl,,0,0,0,0,1,0,0,0,0,0,0,0,0,0,0,0,0,0,0,0,0,1,0,0,0,0,0,0,0,0,0,0,0,0,0,0,0,0,0,0,0,0,0,0,0,0,0,0,0,0,0,0,0,0,0,0,0,0,0,0,0,0,0,0,0,dobih:14614,DoBIH,18.5,https://www.hill-bagging.co.uk/dobih-downloads/hillcsv.zip,DoBIH_v18_5.csv,13396947,0c39e13ac59dd3fa172ac21dd56dd0f6fef19a14af47c7a5a444cce691e9f021,d27bc69dbb6d30a6f171ef277408831fe8763fc9043422f4e375e63f4cc190ea,2026-08-25T14:26:29+00:00,Creative Commons Attribution 4.0 International (CC BY 4.0) (https://creativecommons.org/licenses/by/4.0/),The Database of British and Irish Hills v18.5; https://www.hill-bagging.co.uk/dobih,Wales,53.058629,-4.155345,291.3,34.5,source_backed,pending,,pending,,pending,not_imported,warning,duplicate_name
14616,Craig Fawr,,,30E,30E: Bala to Welshpool,,,WN08 Berwyn-gyrn,Powys,2,125,239,291,955,SJ182264,SJ 18273 26475,39,SJ178265,252,no feature: pasture,,,,W,,05-Dec-12,,"https://www.streetmap.co.uk/map?X=318271&Y=326471&SV=318271,326471&A=Y&Z=115","https://www.google.com/maps/search/?api=1&query=52.829558,-3.214494",https://www.hill-bagging.co.uk/hill-view/?qu=S&rf=14616,318271,326471,52.829558,-3.214494,SJ1827126471,30.5,2135,Mynydd-y-briw,,0,0,0,0,1,0,0,0,0,0,0,0,0,0,0,0,0,0,0,0,0,1,0,0,0,0,0,0,0,0,0,0,0,0,0,0,0,0,0,0,0,0,0,0,0,0,0,0,0,0,0,0,0,0,0,0,0,0,0,0,0,0,0,0,0,dobih:14616,DoBIH,18.5,https://www.hill-bagging.co.uk/dobih-downloads/hillcsv.zip,DoBIH_v18_5.csv,13396947,0c39e13ac59dd3fa172ac21dd56dd0f6fef19a14af47c7a5a444cce691e9f021,d27bc69dbb6d30a6f171ef277408831fe8763fc9043422f4e375e63f4cc190ea,2026-08-25T14:26:29+00:00,Creative Commons Attribution 4.0 International (CC BY 4.0) (https://creativecommons.org/licenses/by/4.0/),The Database of British and Irish Hills v18.5; https://www.hill-bagging.co.uk/dobih,Wales,52.829558,-3.214494,291,39,source_backed,pending,,pending,,pending,not_imported,warning,duplicate_name
14626,Pen-y-garth,,,30C,30C: Llandudno to Wrexham,,,WN06 Eithin-orme,Denbighshire [Sir Ddinbych],2,116,264S 265,282,925,SJ077593,SJ 07786 59331,46,SJ068592,236,no feature,ground by fence 25m N at SJ 07785 59353 and 160m NE at SJ 07903 59442 are both lower,Abney level/Seco 2x Hand Level,,W,,11-Nov-14,,"https://www.streetmap.co.uk/map?X=307784&Y=359328&SV=307784,359328&A=Y&Z=115","https://www.google.com/maps/search/?api=1&query=53.123134,-3.379475",https://www.hill-bagging.co.uk/hill-view/?qu=S&rf=14626,307784,359328,53.123134,-3.379475,SJ0778459328,30.3,2042,Mwdwl-eithin,,0,0,0,0,1,0,0,0,0,0,0,0,0,0,0,0,0,0,0,0,0,1,0,0,0,0,0,0,0,0,0,0,0,0,0,0,0,0,0,0,0,0,0,0,0,0,0,0,0,0,0,0,0,0,0,0,0,0,0,0,0,0,0,0,0,dobih:14626,DoBIH,18.5,https://www.hill-bagging.co.uk/dobih-downloads/hillcsv.zip,DoBIH_v18_5.csv,13396947,0c39e13ac59dd3fa172ac21dd56dd0f6fef19a14af47c7a5a444cce691e9f021,d27bc69dbb6d30a6f171ef277408831fe8763fc9043422f4e375e63f4cc190ea,2026-08-25T14:26:29+00:00,Creative Commons Attribution 4.0 International (CC BY 4.0) (https://creativecommons.org/licenses/by/4.0/),The Database of British and Irish Hills v18.5; https://www.hill-bagging.co.uk/dobih,Wales,53.123134,-3.379475,282,46,source_backed,pending,,pending,,pending,not_imported,warning,duplicate_name
14627,Bryn Mawr,,,30F,30F: Dolgellau to Machynlleth,,,WN10 Aran-idris,Powys,2,124,215W,282,925,SH791055,SH 79119 05531,69,SH789058,213,no feature: pasture,,,,W,,25-Jan-24,,"https://www.streetmap.co.uk/map?X=279116&Y=305527&SV=279116,305527&A=Y&Z=115","https://www.google.com/maps/search/?api=1&query=52.634002,-3.787665",https://www.hill-bagging.co.uk/hill-view/?qu=S&rf=14627,279116,305527,52.634002,-3.787665,SH7911605527,30.6,2155,Craig Goch [Mynydd Cwmcelli],,0,0,0,0,1,0,0,0,0,0,0,0,0,0,0,0,0,0,0,0,0,1,0,0,0,0,0,0,0,0,0,0,0,0,0,0,0,0,0,0,0,0,0,0,0,0,0,0,0,0,0,0,0,0,0,0,0,0,0,0,0,0,0,0,0,dobih:14627,DoBIH,18.5,https://www.hill-bagging.co.uk/dobih-downloads/hillcsv.zip,DoBIH_v18_5.csv,13396947,0c39e13ac59dd3fa172ac21dd56dd0f6fef19a14af47c7a5a444cce691e9f021,d27bc69dbb6d30a6f171ef277408831fe8763fc9043422f4e375e63f4cc190ea,2026-08-25T14:26:29+00:00,Creative Commons Attribution 4.0 International (CC BY 4.0) (https://creativecommons.org/licenses/by/4.0/),The Database of British and Irish Hills v18.5; https://www.hill-bagging.co.uk/dobih,Wales,52.634002,-3.787665,282,69,source_backed,pending,,pending,,pending,not_imported,warning,duplicate_name
14631,Mynydd y Gaer,,,30C,30C: Llandudno to Wrexham,,,WN06 Eithin-orme,Conwy,"2,sHu",116,264N,280.2,919,SH972717,SH 97295 71782,90.2,SH 9752 7109,190,outcrop,,,,W,,23-May-20,,"https://www.streetmap.co.uk/map?X=297293&Y=371779&SV=297293,371779&A=Y&Z=115","https://www.google.com/maps/search/?api=1&query=53.233097,-3.540193",https://www.hill-bagging.co.uk/hill-view/?qu=S&rf=14631,297293,371779,53.233097,-3.540193,SH9729371779,30.3,2042,Mwdwl-eithin,,0,0,0,0,1,0,0,0,0,0,0,0,0,0,0,0,0,0,0,0,0,1,0,0,0,0,0,0,0,0,0,0,0,0,0,0,0,0,0,0,0,1,0,0,0,0,0,0,0,0,0,0,0,0,0,0,0,0,0,0,0,0,0,0,0,dobih:14631,DoBIH,18.5,https://www.hill-bagging.co.uk/dobih-downloads/hillcsv.zip,DoBIH_v18_5.csv,13396947,0c39e13ac59dd3fa172ac21dd56dd0f6fef19a14af47c7a5a444cce691e9f021,d27bc69dbb6d30a6f171ef277408831fe8763fc9043422f4e375e63f4cc190ea,2026-08-25T14:26:29+00:00,Creative Commons Attribution 4.0 International (CC BY 4.0) (https://creativecommons.org/licenses/by/4.0/),The Database of British and Irish Hills v18.5; https://www.hill-bagging.co.uk/dobih,Wales,53.233097,-3.540193,280.2,90.2,source_backed,pending,,pending,,pending,not_imported,warning,duplicate_name
14634,Cefn Mawr,,,30C,30C: Llandudno to Wrexham,,,WN07 Gamelin-famau,"Denbighshire [Sir Ddinbych], Flintshire [Sir Fflint]",2,117,265,279,915,SJ200630,SJ 20056 63083,52,SJ206632,227,no feature,summit in trees,,,W,,05-Dec-12,quarried,"https://www.streetmap.co.uk/map?X=320054&Y=363080&SV=320054,363080&A=Y&Z=115","https://www.google.com/maps/search/?api=1&query=53.158836,-3.197101",https://www.hill-bagging.co.uk/hill-view/?qu=S&rf=14634,320054,363080,53.158836,-3.197101,SJ2005463080,30.3,2040,Cyrn-y-Brain,,0,0,0,0,1,0,0,0,0,0,0,0,0,0,0,0,0,0,0,0,0,1,0,0,0,0,0,0,0,0,0,0,0,0,0,0,0,0,0,0,0,0,0,0,0,0,0,0,0,0,0,0,0,0,0,0,0,0,0,0,0,0,0,0,0,dobih:14634,DoBIH,18.5,https://www.hill-bagging.co.uk/dobih-downloads/hillcsv.zip,DoBIH_v18_5.csv,13396947,0c39e13ac59dd3fa172ac21dd56dd0f6fef19a14af47c7a5a444cce691e9f021,d27bc69dbb6d30a6f171ef277408831fe8763fc9043422f4e375e63f4cc190ea,2026-08-25T14:26:29+00:00,Creative Commons Attribution 4.0 International (CC BY 4.0) (https://creativecommons.org/licenses/by/4.0/),The Database of British and Irish Hills v18.5; https://www.hill-bagging.co.uk/dobih,Wales,53.158836,-3.197101,279,52,source_backed,pending,,pending,,pending,not_imported,warning,duplicate_name
14639,Moelfryn,,,30B,30B: Snowdonia,Moel Hebog,,WN01 Hebog-anelog,Gwynedd,2,115,017W 254,277,909,SH568511,SH 56895 51166,31,SH564513,246,Rocky ground close to fallen tree,,,,W,,27-Jan-24,,"https://www.streetmap.co.uk/map?X=256892&Y=351163&SV=256892,351163&A=Y&Z=115","https://www.google.com/maps/search/?api=1&query=53.038552,-4.135861",https://www.hill-bagging.co.uk/hill-view/?qu=S&rf=14639,256892,351163,53.038552,-4.135861,SH5689251163,30.2,2004,Trum y Ddysgl,,0,0,0,0,1,0,0,0,0,0,0,0,0,0,0,0,0,0,0,0,0,1,0,0,0,0,0,0,0,0,0,0,0,0,0,0,0,0,0,0,0,0,0,0,0,0,0,0,0,0,0,0,0,0,0,0,0,0,0,0,0,0,0,0,0,dobih:14639,DoBIH,18.5,https://www.hill-bagging.co.uk/dobih-downloads/hillcsv.zip,DoBIH_v18_5.csv,13396947,0c39e13ac59dd3fa172ac21dd56dd0f6fef19a14af47c7a5a444cce691e9f021,d27bc69dbb6d30a6f171ef277408831fe8763fc9043422f4e375e63f4cc190ea,2026-08-25T14:26:29+00:00,Creative Commons Attribution 4.0 International (CC BY 4.0) (https://creativecommons.org/licenses/by/4.0/),The Database of British and Irish Hills v18.5; https://www.hill-bagging.co.uk/dobih,Wales,53.038552,-4.135861,277,31,source_backed,pending,,pending,,pending,not_imported,warning,duplicate_name
14640,Foel Goch,,,30F,30F: Dolgellau to Machynlleth,,,WN10 Aran-idris,Gwynedd,2,135,023W,276,906,SH728028,SH 72892 02861,62,SH729032,214,no feature: just E of ride in spruce plantation,east summit is a knoll at SH 73139 02592,,,W,,21-Mar-15,alternative summit at SH 73139 02592,"https://www.streetmap.co.uk/map?X=272889&Y=302857&SV=272889,302857&A=Y&Z=115","https://www.google.com/maps/search/?api=1&query=52.608589,-3.878599",https://www.hill-bagging.co.uk/hill-view/?qu=S&rf=14640,272889,302857,52.608589,-3.878599,SH7288902857,30.6,2148,Tarren y Gesail,,0,0,0,0,1,0,0,0,0,0,0,0,0,0,0,0,0,0,0,0,0,1,0,0,0,0,0,0,0,0,0,0,0,0,0,0,0,0,0,0,0,0,0,0,0,0,0,0,0,0,0,0,0,0,0,0,0,0,0,0,0,0,0,0,0,dobih:14640,DoBIH,18.5,https://www.hill-bagging.co.uk/dobih-downloads/hillcsv.zip,DoBIH_v18_5.csv,13396947,0c39e13ac59dd3fa172ac21dd56dd0f6fef19a14af47c7a5a444cce691e9f021,d27bc69dbb6d30a6f171ef277408831fe8763fc9043422f4e375e63f4cc190ea,2026-08-25T14:26:29+00:00,Creative Commons Attribution 4.0 International (CC BY 4.0) (https://creativecommons.org/licenses/by/4.0/),The Database of British and Irish Hills v18.5; https://www.hill-bagging.co.uk/dobih,Wales,52.608589,-3.878599,276,62,source_backed,pending,,pending,,pending,not_imported,warning,duplicate_name
14652,Cefn Du,,,30C,30C: Llandudno to Wrexham,,,WN07 Gamelin-famau,Denbighshire [Sir Ddinbych],2,116,264N 265,267.1,876,SJ096726,SJ 09629 72679,59,SJ 0915 7330,208.1,no feature,ground 130m NW at SJ 09547 72777 is of similar height,,,W,,11-Jul-23,,"https://www.streetmap.co.uk/map?X=309627&Y=372676&SV=309627,372676&A=Y&Z=115","https://www.google.com/maps/search/?api=1&query=53.243402,-3.35572",https://www.hill-bagging.co.uk/hill-view/?qu=S&rf=14652,309627,372676,53.243402,-3.35572,SJ0962772676,30.3,2051,Mynydd y Cwm [Coed Cwm],,0,0,0,0,1,0,0,0,0,0,0,0,0,0,0,0,0,0,0,0,0,1,0,0,0,0,0,0,0,0,0,0,0,0,0,0,0,0,0,0,0,0,0,0,0,0,0,0,0,0,0,0,0,0,0,0,0,0,0,0,0,0,0,0,0,dobih:14652,DoBIH,18.5,https://www.hill-bagging.co.uk/dobih-downloads/hillcsv.zip,DoBIH_v18_5.csv,13396947,0c39e13ac59dd3fa172ac21dd56dd0f6fef19a14af47c7a5a444cce691e9f021,d27bc69dbb6d30a6f171ef277408831fe8763fc9043422f4e375e63f4cc190ea,2026-08-25T14:26:29+00:00,Creative Commons Attribution 4.0 International (CC BY 4.0) (https://creativecommons.org/licenses/by/4.0/),The Database of British and Irish Hills v18.5; https://www.hill-bagging.co.uk/dobih,Wales,53.243402,-3.35572,267.1,59,source_backed,pending,,pending,,pending,not_imported,warning,duplicate_name
14654,Pen y Garth,,,30C,30C: Llandudno to Wrexham,,,WN08 Berwyn-gyrn,Denbighshire [Sir Ddinbych],2,125,255 256,267,876,SJ164427,,84,SJ160424,183,,,,,W,,20-Jan-12,,"https://www.streetmap.co.uk/map?X=316400&Y=342700&SV=316400,342700&A=Y&Z=115","https://www.google.com/maps/search/?api=1&query=52.975122,-3.246433",https://www.hill-bagging.co.uk/hill-view/?qu=S&rf=14654,316400,342700,52.975122,-3.246433,SJ1640042700,30.3,2087,Cadair Berwyn,,0,0,0,0,1,0,0,0,0,0,0,0,0,0,0,0,0,0,0,0,0,1,0,0,0,0,0,0,0,0,0,0,0,0,0,0,0,0,0,0,0,0,0,0,0,0,0,0,0,0,0,0,0,0,0,0,0,0,0,0,0,0,0,0,0,dobih:14654,DoBIH,18.5,https://www.hill-bagging.co.uk/dobih-downloads/hillcsv.zip,DoBIH_v18_5.csv,13396947,0c39e13ac59dd3fa172ac21dd56dd0f6fef19a14af47c7a5a444cce691e9f021,d27bc69dbb6d30a6f171ef277408831fe8763fc9043422f4e375e63f4cc190ea,2026-08-25T14:26:29+00:00,Creative Commons Attribution 4.0 International (CC BY 4.0) (https://creativecommons.org/licenses/by/4.0/),The Database of British and Irish Hills v18.5; https://www.hill-bagging.co.uk/dobih,Wales,52.975122,-3.246433,267,84,source_backed,pending,,pending,,pending,not_imported,warning,duplicate_name
14655,Y Foel,,,30C,30C: Llandudno to Wrexham,,,WN07 Gamelin-famau,Denbighshire [Sir Ddinbych],2,116,264N 265,265,869,SJ063782,SJ 06372 78207,78,SJ066778,187,no feature: grass,outcrop 15m WNW may be as high,,,W,,20-Jan-12,,"https://www.streetmap.co.uk/map?X=306370&Y=378204&SV=306370,378204&A=Y&Z=115","https://www.google.com/maps/search/?api=1&query=53.292513,-3.406141",https://www.hill-bagging.co.uk/hill-view/?qu=S&rf=14655,306370,378204,53.292513,-3.406141,SJ0637078204,30.3,2051,Mynydd y Cwm [Coed Cwm],,0,0,0,0,1,0,0,0,0,0,0,0,0,0,0,0,0,0,0,0,0,1,0,0,0,0,0,0,0,0,0,0,0,0,0,0,0,0,0,0,0,0,0,0,0,0,0,0,0,0,0,0,0,0,0,0,0,0,0,0,0,0,0,0,0,dobih:14655,DoBIH,18.5,https://www.hill-bagging.co.uk/dobih-downloads/hillcsv.zip,DoBIH_v18_5.csv,13396947,0c39e13ac59dd3fa172ac21dd56dd0f6fef19a14af47c7a5a444cce691e9f021,d27bc69dbb6d30a6f171ef277408831fe8763fc9043422f4e375e63f4cc190ea,2026-08-25T14:26:29+00:00,Creative Commons Attribution 4.0 International (CC BY 4.0) (https://creativecommons.org/licenses/by/4.0/),The Database of British and Irish Hills v18.5; https://www.hill-bagging.co.uk/dobih,Wales,53.292513,-3.406141,265,78,source_backed,pending,,pending,,pending,not_imported,warning,duplicate_name
14656,Pen y Garth,,,30E,30E: Bala to Welshpool,,,WN10 Aran-idris,Powys,2,125,239,265,869,SJ122135,SJ 12202 13560,44,SJ124138,221,no feature,flat summit area,,,W,,11-Sep-14,,"https://www.streetmap.co.uk/map?X=312200&Y=313556&SV=312200,313556&A=Y&Z=115","https://www.google.com/maps/search/?api=1&query=52.71253,-3.301113",https://www.hill-bagging.co.uk/hill-view/?qu=S&rf=14656,312200,313556,52.71253,-3.301113,SJ1220013556,30.5,2131,Rhialgwm,,0,0,0,0,1,0,0,0,0,0,0,0,0,0,0,0,0,0,0,0,0,1,0,0,0,0,0,0,0,0,0,0,0,0,0,0,0,0,0,0,0,0,0,0,0,0,0,0,0,0,0,0,0,0,0,0,0,0,0,0,0,0,0,0,0,dobih:14656,DoBIH,18.5,https://www.hill-bagging.co.uk/dobih-downloads/hillcsv.zip,DoBIH_v18_5.csv,13396947,0c39e13ac59dd3fa172ac21dd56dd0f6fef19a14af47c7a5a444cce691e9f021,d27bc69dbb6d30a6f171ef277408831fe8763fc9043422f4e375e63f4cc190ea,2026-08-25T14:26:29+00:00,Creative Commons Attribution 4.0 International (CC BY 4.0) (https://creativecommons.org/licenses/by/4.0/),The Database of British and Irish Hills v18.5; https://www.hill-bagging.co.uk/dobih,Wales,52.71253,-3.301113,265,44,source_backed,pending,,pending,,pending,not_imported,warning,duplicate_name
14657,Garn,,,30D,30D: Barmouth to Betws-y-Coed and Bala,,,WN09 Llethr-rhinog,Gwynedd,2,124,018W 023W,265,869,SH617164,SH 61769 16466,44,SH619165,221,rock outcrop,,obvious summit,,W,,15-Mar-15,,"https://www.streetmap.co.uk/map?X=261766&Y=316462&SV=261766,316462&A=Y&Z=115","https://www.google.com/maps/search/?api=1&query=52.728099,-4.048466",https://www.hill-bagging.co.uk/hill-view/?qu=S&rf=14657,261766,316462,52.728099,-4.048466,SH6176616462,30.4,2056,Y Llethr,,0,0,0,0,1,0,0,0,0,0,0,0,0,0,0,0,0,0,0,0,0,1,0,0,0,0,0,0,0,0,0,0,0,0,0,0,0,0,0,0,0,0,0,0,0,0,0,0,0,0,0,0,0,0,0,0,0,0,0,0,0,0,0,0,0,dobih:14657,DoBIH,18.5,https://www.hill-bagging.co.uk/dobih-downloads/hillcsv.zip,DoBIH_v18_5.csv,13396947,0c39e13ac59dd3fa172ac21dd56dd0f6fef19a14af47c7a5a444cce691e9f021,d27bc69dbb6d30a6f171ef277408831fe8763fc9043422f4e375e63f4cc190ea,2026-08-25T14:26:29+00:00,Creative Commons Attribution 4.0 International (CC BY 4.0) (https://creativecommons.org/licenses/by/4.0/),The Database of British and Irish Hills v18.5; https://www.hill-bagging.co.uk/dobih,Wales,52.728099,-4.048466,265,44,source_backed,pending,,pending,,pending,not_imported,warning,duplicate_name
14660,Y Foel,,,30B,30B: Snowdonia,Moel Hebog,,WN01 Hebog-anelog,Gwynedd,2,115,017W 254,261,856,SH522455,SH 52285 45554,32,SH519459,229,knoll on N side of fence,,,,W,,19-Oct-14,,"https://www.streetmap.co.uk/map?X=252282&Y=345551&SV=252282,345551&A=Y&Z=115","https://www.google.com/maps/search/?api=1&query=52.986888,-4.201995",https://www.hill-bagging.co.uk/hill-view/?qu=S&rf=14660,252282,345551,52.986888,-4.201995,SH5228245551,30.2,1999,Craig Cwm Silyn,,0,0,0,0,1,0,0,0,0,0,0,0,0,0,0,0,0,0,0,0,0,1,0,0,0,0,0,0,0,0,0,0,0,0,0,0,0,0,0,0,0,0,0,0,0,0,0,0,0,0,0,0,0,0,0,0,0,0,0,0,0,0,0,0,0,dobih:14660,DoBIH,18.5,https://www.hill-bagging.co.uk/dobih-downloads/hillcsv.zip,DoBIH_v18_5.csv,13396947,0c39e13ac59dd3fa172ac21dd56dd0f6fef19a14af47c7a5a444cce691e9f021,d27bc69dbb6d30a6f171ef277408831fe8763fc9043422f4e375e63f4cc190ea,2026-08-25T14:26:29+00:00,Creative Commons Attribution 4.0 International (CC BY 4.0) (https://creativecommons.org/licenses/by/4.0/),The Database of British and Irish Hills v18.5; https://www.hill-bagging.co.uk/dobih,Wales,52.986888,-4.201995,261,32,source_backed,pending,,pending,,pending,not_imported,warning,duplicate_name
14661,Foel,,,30F,30F: Dolgellau to Machynlleth,,,WN10 Aran-idris,Powys,2,124 125,215W,261,856,SH804060,SH 80457 06103,41,SH803063,220,fence corner,,,,W,,25-Jan-24,,"https://www.streetmap.co.uk/map?X=280454&Y=306099&SV=280454,306099&A=Y&Z=115","https://www.google.com/maps/search/?api=1&query=52.639439,-3.768111",https://www.hill-bagging.co.uk/hill-view/?qu=S&rf=14661,280454,306099,52.639439,-3.768111,SH8045406099,30.6,2155,Craig Goch [Mynydd Cwmcelli],,0,0,0,0,1,0,0,0,0,0,0,0,0,0,0,0,0,0,0,0,0,1,0,0,0,0,0,0,0,0,0,0,0,0,0,0,0,0,0,0,0,0,0,0,0,0,0,0,0,0,0,0,0,0,0,0,0,0,0,0,0,0,0,0,0,dobih:14661,DoBIH,18.5,https://www.hill-bagging.co.uk/dobih-downloads/hillcsv.zip,DoBIH_v18_5.csv,13396947,0c39e13ac59dd3fa172ac21dd56dd0f6fef19a14af47c7a5a444cce691e9f021,d27bc69dbb6d30a6f171ef277408831fe8763fc9043422f4e375e63f4cc190ea,2026-08-25T14:26:29+00:00,Creative Commons Attribution 4.0 International (CC BY 4.0) (https://creativecommons.org/licenses/by/4.0/),The Database of British and Irish Hills v18.5; https://www.hill-bagging.co.uk/dobih,Wales,52.639439,-3.768111,261,41,source_backed,pending,,pending,,pending,not_imported,warning,duplicate_name
14662,Foel Lwyd,,,30F,30F: Dolgellau to Machynlleth,,,WN10 Aran-idris,Gwynedd,2,135,023W,261,856,SN628974,SN 62811 97468,37,SN630977,224,protruding rock,pasture at SN 62677 97334 is about as high,,,W,,20-Jan-12,,"https://www.streetmap.co.uk/map?X=262808&Y=297464&SV=262808,297464&A=Y&Z=115","https://www.google.com/maps/search/?api=1&query=52.557682,-4.025144",https://www.hill-bagging.co.uk/hill-view/?qu=S&rf=14662,262808,297464,52.557682,-4.025144,SN6280897464,30.6,2151,Tarrenhendre,,0,0,0,0,1,0,0,0,0,0,0,0,0,0,0,0,0,0,0,0,0,1,0,0,0,0,0,0,0,0,0,0,0,0,0,0,0,0,0,0,0,0,0,0,0,0,0,0,0,0,0,0,0,0,0,0,0,0,0,0,0,0,0,0,0,dobih:14662,DoBIH,18.5,https://www.hill-bagging.co.uk/dobih-downloads/hillcsv.zip,DoBIH_v18_5.csv,13396947,0c39e13ac59dd3fa172ac21dd56dd0f6fef19a14af47c7a5a444cce691e9f021,d27bc69dbb6d30a6f171ef277408831fe8763fc9043422f4e375e63f4cc190ea,2026-08-25T14:26:29+00:00,Creative Commons Attribution 4.0 International (CC BY 4.0) (https://creativecommons.org/licenses/by/4.0/),The Database of British and Irish Hills v18.5; https://www.hill-bagging.co.uk/dobih,Wales,52.557682,-4.025144,261,37,source_backed,pending,,pending,,pending,not_imported,warning,duplicate_name
14664,Foel,,,30E,30E: Bala to Welshpool,,,WN10 Aran-idris,Powys,2,125,239,258,846,SH993117,SH 99346 11755,33,SH993119,225,no feature,,Abney level,,W,,05-Dec-12,,"https://www.streetmap.co.uk/map?X=299343&Y=311751&SV=299343,311751&A=Y&Z=115","https://www.google.com/maps/search/?api=1&query=52.694068,-3.490801",https://www.hill-bagging.co.uk/hill-view/?qu=S&rf=14664,299343,311751,52.694068,-3.490801,SH9934311751,30.5,2104,Esgeiriau Gwynion [Foel Rhudd],,0,0,0,0,1,0,0,0,0,0,0,0,0,0,0,0,0,0,0,0,0,1,0,0,0,0,0,0,0,0,0,0,0,0,0,0,0,0,0,0,0,0,0,0,0,0,0,0,0,0,0,0,0,0,0,0,0,0,0,0,0,0,0,0,0,dobih:14664,DoBIH,18.5,https://www.hill-bagging.co.uk/dobih-downloads/hillcsv.zip,DoBIH_v18_5.csv,13396947,0c39e13ac59dd3fa172ac21dd56dd0f6fef19a14af47c7a5a444cce691e9f021,d27bc69dbb6d30a6f171ef277408831fe8763fc9043422f4e375e63f4cc190ea,2026-08-25T14:26:29+00:00,Creative Commons Attribution 4.0 International (CC BY 4.0) (https://creativecommons.org/licenses/by/4.0/),The Database of British and Irish Hills v18.5; https://www.hill-bagging.co.uk/dobih,Wales,52.694068,-3.490801,258,33,source_backed,pending,,pending,,pending,not_imported,warning,duplicate_name
14666,Dinas Mawr,,,30C,30C: Llandudno to Wrexham,,,WN06 Eithin-orme,Conwy,Un,116,018E,257.3,844,SH810544,SH 81035 54482,28.9,SH 8153 5433,228.4,no feature,outcrop 235m SSE at SH 81124 54266 and gorsy knoll 25m W are slightly lower,,,W,,28-Jun-20,Tump deleted June 2020,"https://www.streetmap.co.uk/map?X=281032&Y=354479&SV=281032,354479&A=Y&Z=115","https://www.google.com/maps/search/?api=1&query=53.074265,-3.777249",https://www.hill-bagging.co.uk/hill-view/?qu=S&rf=14666,281032,354479,53.074265,-3.777249,SH8103254479,30.3,2042,Mwdwl-eithin,,0,0,0,0,0,0,0,0,0,0,0,0,0,0,0,0,0,0,0,0,0,0,0,0,0,0,0,0,0,0,0,0,0,0,0,0,0,0,0,0,0,0,0,0,0,0,0,0,0,0,0,0,0,0,0,0,0,0,0,0,0,0,0,0,1,dobih:14666,DoBIH,18.5,https://www.hill-bagging.co.uk/dobih-downloads/hillcsv.zip,DoBIH_v18_5.csv,13396947,0c39e13ac59dd3fa172ac21dd56dd0f6fef19a14af47c7a5a444cce691e9f021,d27bc69dbb6d30a6f171ef277408831fe8763fc9043422f4e375e63f4cc190ea,2026-08-25T14:26:29+00:00,Creative Commons Attribution 4.0 International (CC BY 4.0) (https://creativecommons.org/licenses/by/4.0/),The Database of British and Irish Hills v18.5; https://www.hill-bagging.co.uk/dobih,Wales,53.074265,-3.777249,257.3,28.9,source_backed,pending,,pending,,pending,not_imported,warning,duplicate_name
14679,Y Garnedd,,,30B,30B: Snowdonia,The Moelwyns,,WN05 Siabod-arenig,Gwynedd,Un,124,018W,248.9,817,SH660418,SH 66021 41851,28.2,SH 6560 4190,220.7,outcrop,,,,W,,07-Jun-20,Tump deleted June 2020,"https://www.streetmap.co.uk/map?X=266018&Y=341848&SV=266018,341848&A=Y&Z=115","https://www.google.com/maps/search/?api=1&query=52.957233,-3.995976",https://www.hill-bagging.co.uk/hill-view/?qu=S&rf=14679,266018,341848,52.957233,-3.995976,SH6601841848,30.2,1994,Moelwyn Mawr,,0,0,0,0,0,0,0,0,0,0,0,0,0,0,0,0,0,0,0,0,0,0,0,0,0,0,0,0,0,0,0,0,0,0,0,0,0,0,0,0,0,0,0,0,0,0,0,0,0,0,0,0,0,0,0,0,0,0,0,0,0,0,0,0,1,dobih:14679,DoBIH,18.5,https://www.hill-bagging.co.uk/dobih-downloads/hillcsv.zip,DoBIH_v18_5.csv,13396947,0c39e13ac59dd3fa172ac21dd56dd0f6fef19a14af47c7a5a444cce691e9f021,d27bc69dbb6d30a6f171ef277408831fe8763fc9043422f4e375e63f4cc190ea,2026-08-25T14:26:29+00:00,Creative Commons Attribution 4.0 International (CC BY 4.0) (https://creativecommons.org/licenses/by/4.0/),The Database of British and Irish Hills v18.5; https://www.hill-bagging.co.uk/dobih,Wales,52.957233,-3.995976,248.9,28.2,source_backed,pending,,pending,,pending,not_imported,warning,duplicate_name
14680,Bryniau,,,30D,30D: Barmouth to Betws-y-Coed and Bala,,,WN05 Siabod-arenig,Gwynedd,Un,124 125,023E,248,814,SH884321,SH 88452 32121,28,SH 8807 3232,219.7,ground by hedgebank,cairn 80m NW at SH 88407 32198 is lower,,,W,,21-Jun-20,Tump deletion June 2020,"https://www.streetmap.co.uk/map?X=288449&Y=332117&SV=288449,332117&A=Y&Z=115","https://www.google.com/maps/search/?api=1&query=52.874939,-3.658874",https://www.hill-bagging.co.uk/hill-view/?qu=S&rf=14680,288449,332117,52.874939,-3.658874,SH8844932117,30.4,2053,Arenig Fawr,,0,0,0,0,0,0,0,0,0,0,0,0,0,0,0,0,0,0,0,0,0,0,0,0,0,0,0,0,0,0,0,0,0,0,0,0,0,0,0,0,0,0,0,0,0,0,0,0,0,0,0,0,0,0,0,0,0,0,0,0,0,0,0,0,1,dobih:14680,DoBIH,18.5,https://www.hill-bagging.co.uk/dobih-downloads/hillcsv.zip,DoBIH_v18_5.csv,13396947,0c39e13ac59dd3fa172ac21dd56dd0f6fef19a14af47c7a5a444cce691e9f021,d27bc69dbb6d30a6f171ef277408831fe8763fc9043422f4e375e63f4cc190ea,2026-08-25T14:26:29+00:00,Creative Commons Attribution 4.0 International (CC BY 4.0) (https://creativecommons.org/licenses/by/4.0/),The Database of British and Irish Hills v18.5; https://www.hill-bagging.co.uk/dobih,Wales,52.874939,-3.658874,248,28,source_backed,pending,,pending,,pending,not_imported,warning,duplicate_name
14682,Pen-y-parc,,,30E,30E: Bala to Welshpool,,,WN10 Aran-idris,Powys,2,125,239,249,817,SJ028108,SJ 02846 10880,50,SJ 0224 1124,199,no feature: ground 50m ENE of gate,ground 140m W at SJ 02707 10862 is 0.6m lower,,,W,,25-Jan-24,,"https://www.streetmap.co.uk/map?X=302844&Y=310876&SV=302844,310876&A=Y&Z=115","https://www.google.com/maps/search/?api=1&query=52.686844,-3.438771",https://www.hill-bagging.co.uk/hill-view/?qu=S&rf=14682,302844,310876,52.686844,-3.438771,SJ0284410876,30.5,2104,Esgeiriau Gwynion [Foel Rhudd],,0,0,0,0,1,0,0,0,0,0,0,0,0,0,0,0,0,0,0,0,0,1,0,0,0,0,0,0,0,0,0,0,0,0,0,0,0,0,0,0,0,0,0,0,0,0,0,0,0,0,0,0,0,0,0,0,0,0,0,0,0,0,0,0,0,dobih:14682,DoBIH,18.5,https://www.hill-bagging.co.uk/dobih-downloads/hillcsv.zip,DoBIH_v18_5.csv,13396947,0c39e13ac59dd3fa172ac21dd56dd0f6fef19a14af47c7a5a444cce691e9f021,d27bc69dbb6d30a6f171ef277408831fe8763fc9043422f4e375e63f4cc190ea,2026-08-25T14:26:29+00:00,Creative Commons Attribution 4.0 International (CC BY 4.0) (https://creativecommons.org/licenses/by/4.0/),The Database of British and Irish Hills v18.5; https://www.hill-bagging.co.uk/dobih,Wales,52.686844,-3.438771,249,50,source_backed,pending,,pending,,pending,not_imported,warning,duplicate_name
14683,Bryn Coch,,,30D,30D: Barmouth to Betws-y-Coed and Bala,The Arenigs,,WN05 Siabod-arenig,Gwynedd,2,124,018W,242,794,SH739244,SH 73999 24490,34,SH741246,208,no feature,summit in spruce plantation,,,W,,04-Feb-18,,"https://www.streetmap.co.uk/map?X=273996&Y=324486&SV=273996,324486&A=Y&Z=115","https://www.google.com/maps/search/?api=1&query=52.803184,-3.870554",https://www.hill-bagging.co.uk/hill-view/?qu=S&rf=14683,273996,324486,52.803184,-3.870554,SH7399624486,30.4,2059,Rhobell Fawr,,0,0,0,0,1,0,0,0,0,0,0,0,0,0,0,0,0,0,0,0,0,1,0,0,0,0,0,0,0,0,0,0,0,0,0,0,0,0,0,0,0,0,0,0,0,0,0,0,0,0,0,0,0,0,0,0,0,0,0,0,0,0,0,0,0,dobih:14683,DoBIH,18.5,https://www.hill-bagging.co.uk/dobih-downloads/hillcsv.zip,DoBIH_v18_5.csv,13396947,0c39e13ac59dd3fa172ac21dd56dd0f6fef19a14af47c7a5a444cce691e9f021,d27bc69dbb6d30a6f171ef277408831fe8763fc9043422f4e375e63f4cc190ea,2026-08-25T14:26:29+00:00,Creative Commons Attribution 4.0 International (CC BY 4.0) (https://creativecommons.org/licenses/by/4.0/),The Database of British and Irish Hills v18.5; https://www.hill-bagging.co.uk/dobih,Wales,52.803184,-3.870554,242,34,source_backed,pending,,pending,,pending,not_imported,warning,duplicate_name
14693,Moelfre,,,30A,30A: Anglesey and the Lleyn Peninsula,,,WN01 Hebog-anelog,Gwynedd,2,123,253 254,240,787,SH393446,SH 39356 44662,44,SH396451,196,outcrop,,,,W,,25-Jan-24,,"https://www.streetmap.co.uk/map?X=239353&Y=344659&SV=239353,344659&A=Y&Z=115","https://www.google.com/maps/search/?api=1&query=52.975155,-4.393982",https://www.hill-bagging.co.uk/hill-view/?qu=S&rf=14693,239353,344659,52.975155,-4.393982,SH3935344659,30.1,1952,Gyrn Ddu,,0,0,0,0,1,0,0,0,0,0,0,0,0,0,0,0,0,0,0,0,0,1,0,0,0,0,0,0,0,0,0,0,0,0,0,0,0,0,0,0,0,0,0,0,0,0,0,0,0,0,0,0,0,0,0,0,0,0,0,0,0,0,0,0,0,dobih:14693,DoBIH,18.5,https://www.hill-bagging.co.uk/dobih-downloads/hillcsv.zip,DoBIH_v18_5.csv,13396947,0c39e13ac59dd3fa172ac21dd56dd0f6fef19a14af47c7a5a444cce691e9f021,d27bc69dbb6d30a6f171ef277408831fe8763fc9043422f4e375e63f4cc190ea,2026-08-25T14:26:29+00:00,Creative Commons Attribution 4.0 International (CC BY 4.0) (https://creativecommons.org/licenses/by/4.0/),The Database of British and Irish Hills v18.5; https://www.hill-bagging.co.uk/dobih,Wales,52.975155,-4.393982,240,44,source_backed,pending,,pending,,pending,not_imported,warning,duplicate_name
14709,Bryn,,,30E,30E: Bala to Welshpool,,,WN10 Aran-idris,Powys,2,125,215E 239,233.1,765,SJ111080,SJ 11160 08052,72.9,SJ 0929 0867,160.2,not recorded: 20m W of covered reservoir,there might be some natural ground on the W side of the reservoir which is higher,,,W,,30-Jan-21,,"https://www.streetmap.co.uk/map?X=311158&Y=308048&SV=311158,308048&A=Y&Z=115","https://www.google.com/maps/search/?api=1&query=52.662857,-3.315045",https://www.hill-bagging.co.uk/hill-view/?qu=S&rf=14709,311158,308048,52.662857,-3.315045,SJ1115808048,30.5,2104,Esgeiriau Gwynion [Foel Rhudd],,0,0,0,0,1,0,0,0,0,0,0,0,0,0,0,0,0,0,0,0,0,1,0,0,0,0,0,0,0,0,0,0,0,0,0,0,0,0,0,0,0,0,0,0,0,0,0,0,0,0,0,1,0,0,0,0,0,0,0,0,0,0,0,0,0,dobih:14709,DoBIH,18.5,https://www.hill-bagging.co.uk/dobih-downloads/hillcsv.zip,DoBIH_v18_5.csv,13396947,0c39e13ac59dd3fa172ac21dd56dd0f6fef19a14af47c7a5a444cce691e9f021,d27bc69dbb6d30a6f171ef277408831fe8763fc9043422f4e375e63f4cc190ea,2026-08-25T14:26:29+00:00,Creative Commons Attribution 4.0 International (CC BY 4.0) (https://creativecommons.org/licenses/by/4.0/),The Database of British and Irish Hills v18.5; https://www.hill-bagging.co.uk/dobih,Wales,52.662857,-3.315045,233.1,72.9,source_backed,pending,,pending,,pending,not_imported,warning,duplicate_name
14711,The Warren,,,30E,30E: Bala to Welshpool,,,WN08 Berwyn-gyrn,Powys,2,125,239,232,761,SJ190248,SJ 19076 24849,38,SJ193250,194,no feature: ground by tall oak,,,,W,,20-Jan-12,,"https://www.streetmap.co.uk/map?X=319074&Y=324845&SV=319074,324845&A=Y&Z=115","https://www.google.com/maps/search/?api=1&query=52.815065,-3.202175",https://www.hill-bagging.co.uk/hill-view/?qu=S&rf=14711,319074,324845,52.815065,-3.202175,SJ1907424845,30.5,2135,Mynydd-y-briw,,0,0,0,0,1,0,0,0,0,0,0,0,0,0,0,0,0,0,0,0,0,1,0,0,0,0,0,0,0,0,0,0,0,0,0,0,0,0,0,0,0,0,0,0,0,0,0,0,0,0,0,0,0,0,0,0,0,0,0,0,0,0,0,0,0,dobih:14711,DoBIH,18.5,https://www.hill-bagging.co.uk/dobih-downloads/hillcsv.zip,DoBIH_v18_5.csv,13396947,0c39e13ac59dd3fa172ac21dd56dd0f6fef19a14af47c7a5a444cce691e9f021,d27bc69dbb6d30a6f171ef277408831fe8763fc9043422f4e375e63f4cc190ea,2026-08-25T14:26:29+00:00,Creative Commons Attribution 4.0 International (CC BY 4.0) (https://creativecommons.org/licenses/by/4.0/),The Database of British and Irish Hills v18.5; https://www.hill-bagging.co.uk/dobih,Wales,52.815065,-3.202175,232,38,source_backed,pending,,pending,,pending,not_imported,warning,duplicate_name
14712,Fron Fawr,,,30C,30C: Llandudno to Wrexham,,,WN06 Eithin-orme,Conwy,2,116,264N,230,755,SH957709,SH 95760 70926,52,SH962707,178,cairn,,,,W,,20-Jan-12,,"https://www.streetmap.co.uk/map?X=295758&Y=370923&SV=295758,370923&A=Y&Z=115","https://www.google.com/maps/search/?api=1&query=53.225106,-3.562901",https://www.hill-bagging.co.uk/hill-view/?qu=S&rf=14712,295758,370923,53.225106,-3.562901,SH9575870923,30.3,2042,Mwdwl-eithin,,0,0,0,0,1,0,0,0,0,0,0,0,0,0,0,0,0,0,0,0,0,1,0,0,0,0,0,0,0,0,0,0,0,0,0,0,0,0,0,0,0,0,0,0,0,0,0,0,0,0,0,0,0,0,0,0,0,0,0,0,0,0,0,0,0,dobih:14712,DoBIH,18.5,https://www.hill-bagging.co.uk/dobih-downloads/hillcsv.zip,DoBIH_v18_5.csv,13396947,0c39e13ac59dd3fa172ac21dd56dd0f6fef19a14af47c7a5a444cce691e9f021,d27bc69dbb6d30a6f171ef277408831fe8763fc9043422f4e375e63f4cc190ea,2026-08-25T14:26:29+00:00,Creative Commons Attribution 4.0 International (CC BY 4.0) (https://creativecommons.org/licenses/by/4.0/),The Database of British and Irish Hills v18.5; https://www.hill-bagging.co.uk/dobih,Wales,53.225106,-3.562901,230,52,source_backed,pending,,pending,,pending,not_imported,warning,duplicate_name
14716,Allt Goch,,,30E,30E: Bala to Welshpool,The Berwyns,,WN08 Berwyn-gyrn,Powys,2,126,239 240,226.7,744,SJ209252,SJ 20914 25246,32.7,SJ 2113 2557,194.1,small cairn in field 6m from damaged part of wall,rock 160m ENE at SJ 21071 25296 is 0.5m lower,Trimble GeoXH 6000,,W,,19-Oct-14,,"https://www.streetmap.co.uk/map?X=320912&Y=325242&SV=320912,325242&A=Y&Z=115","https://www.google.com/maps/search/?api=1&query=52.818906,-3.175006",https://www.hill-bagging.co.uk/hill-view/?qu=S&rf=14716,320912,325242,52.818906,-3.175006,SJ2091225242,30.5,2087,Cadair Berwyn,,0,0,0,0,1,0,0,0,0,0,0,0,0,0,0,0,0,0,0,0,0,1,0,0,0,0,0,0,0,0,0,0,0,0,0,0,0,0,0,0,0,0,0,0,0,0,0,0,0,0,0,0,0,0,0,0,0,0,0,0,0,0,0,0,0,dobih:14716,DoBIH,18.5,https://www.hill-bagging.co.uk/dobih-downloads/hillcsv.zip,DoBIH_v18_5.csv,13396947,0c39e13ac59dd3fa172ac21dd56dd0f6fef19a14af47c7a5a444cce691e9f021,d27bc69dbb6d30a6f171ef277408831fe8763fc9043422f4e375e63f4cc190ea,2026-08-25T14:26:29+00:00,Creative Commons Attribution 4.0 International (CC BY 4.0) (https://creativecommons.org/licenses/by/4.0/),The Database of British and Irish Hills v18.5; https://www.hill-bagging.co.uk/dobih,Wales,52.818906,-3.175006,226.7,32.7,source_backed,pending,,pending,,pending,not_imported,warning,duplicate_name
14723,Y Foel,,,30A,30A: Anglesey and the Lleyn Peninsula,,,WN01 Hebog-anelog,Gwynedd,2,115 123,254,217.1,712,SH464467,SH 46474 46716,49,SH 4621 4610,168.1,mossy collapsed cairn,,,,W,,24-Mar-25,,"https://www.streetmap.co.uk/map?X=246471&Y=346713&SV=246471,346713&A=Y&Z=115","https://www.google.com/maps/search/?api=1&query=52.995691,-4.289041",https://www.hill-bagging.co.uk/hill-view/?qu=S&rf=14723,246471,346713,52.995691,-4.289041,SH4647146713,30.1,1952,Gyrn Ddu,,0,0,0,0,1,0,0,0,0,0,0,0,0,0,0,0,0,0,0,0,0,1,0,0,0,0,0,0,0,0,0,0,0,0,0,0,0,0,0,0,0,0,0,0,0,0,0,0,0,0,0,0,0,0,0,0,0,0,0,0,0,0,0,0,0,dobih:14723,DoBIH,18.5,https://www.hill-bagging.co.uk/dobih-downloads/hillcsv.zip,DoBIH_v18_5.csv,13396947,0c39e13ac59dd3fa172ac21dd56dd0f6fef19a14af47c7a5a444cce691e9f021,d27bc69dbb6d30a6f171ef277408831fe8763fc9043422f4e375e63f4cc190ea,2026-08-25T14:26:29+00:00,Creative Commons Attribution 4.0 International (CC BY 4.0) (https://creativecommons.org/licenses/by/4.0/),The Database of British and Irish Hills v18.5; https://www.hill-bagging.co.uk/dobih,Wales,52.995691,-4.289041,217.1,49,source_backed,pending,,pending,,pending,not_imported,warning,duplicate_name
14728,Cefn,,,30C,30C: Llandudno to Wrexham,,,WN07 Gamelin-famau,Wrexham,2,117,256,213,699,SJ304530,SJ 30419 53076,35,SJ297538,178,no feature: paddock,flat summit area,,,W,,11-Nov-14,,"https://www.streetmap.co.uk/map?X=330417&Y=353073&SV=330417,353073&A=Y&Z=115","https://www.google.com/maps/search/?api=1&query=53.070353,-3.03997",https://www.hill-bagging.co.uk/hill-view/?qu=S&rf=14728,330417,353073,53.070353,-3.03997,SJ3041753073,30.3,2040,Cyrn-y-Brain,,0,0,0,0,1,0,0,0,0,0,0,0,0,0,0,0,0,0,0,0,0,1,0,0,0,0,0,0,0,0,0,0,0,0,0,0,0,0,0,0,0,0,0,0,0,0,0,0,0,0,0,0,0,0,0,0,0,0,0,0,0,0,0,0,0,dobih:14728,DoBIH,18.5,https://www.hill-bagging.co.uk/dobih-downloads/hillcsv.zip,DoBIH_v18_5.csv,13396947,0c39e13ac59dd3fa172ac21dd56dd0f6fef19a14af47c7a5a444cce691e9f021,d27bc69dbb6d30a6f171ef277408831fe8763fc9043422f4e375e63f4cc190ea,2026-08-25T14:26:29+00:00,Creative Commons Attribution 4.0 International (CC BY 4.0) (https://creativecommons.org/licenses/by/4.0/),The Database of British and Irish Hills v18.5; https://www.hill-bagging.co.uk/dobih,Wales,53.070353,-3.03997,213,35,source_backed,pending,,pending,,pending,not_imported,warning,duplicate_name
14738,Bryn-eithin,,,30C,30C: Llandudno to Wrexham,,,WN07 Gamelin-famau,Flintshire [Sir Fflint],2,117,265,206,676,SJ222669,SJ 22282 66970,37,SJ221672,169,no feature: ground in copse,fence bank 20m N at SJ 22288 66992 is probably lower,,,W,,25-Jan-24,,"https://www.streetmap.co.uk/map?X=322280&Y=366967&SV=322280,366967&A=Y&Z=115","https://www.google.com/maps/search/?api=1&query=53.1941,-3.164762",https://www.hill-bagging.co.uk/hill-view/?qu=S&rf=14738,322280,366967,53.1941,-3.164762,SJ2228066967,30.3,2051,Mynydd y Cwm [Coed Cwm],,0,0,0,0,1,0,0,0,0,0,0,0,0,0,0,0,0,0,0,0,0,1,0,0,0,0,0,0,0,0,0,0,0,0,0,0,0,0,0,0,0,0,0,0,0,0,0,0,0,0,0,0,0,0,0,0,0,0,0,0,0,0,0,0,0,dobih:14738,DoBIH,18.5,https://www.hill-bagging.co.uk/dobih-downloads/hillcsv.zip,DoBIH_v18_5.csv,13396947,0c39e13ac59dd3fa172ac21dd56dd0f6fef19a14af47c7a5a444cce691e9f021,d27bc69dbb6d30a6f171ef277408831fe8763fc9043422f4e375e63f4cc190ea,2026-08-25T14:26:29+00:00,Creative Commons Attribution 4.0 International (CC BY 4.0) (https://creativecommons.org/licenses/by/4.0/),The Database of British and Irish Hills v18.5; https://www.hill-bagging.co.uk/dobih,Wales,53.1941,-3.164762,206,37,source_backed,pending,,pending,,pending,not_imported,warning,duplicate_name
14750,Long Hill,,,30E,30E: Bala to Welshpool,,,WN10 Aran-idris,Powys,1,126,239 240,197,646,SJ202190,SJ 20273 19089,60,SJ203194,137,no feature: pasture,,,,W,,20-Jan-12,,"https://www.streetmap.co.uk/map?X=320271&Y=319085&SV=320271,319085&A=Y&Z=115","https://www.google.com/maps/search/?api=1&query=52.763474,-3.183013",https://www.hill-bagging.co.uk/hill-view/?qu=S&rf=14750,320271,319085,52.763474,-3.183013,SJ2027119085,30.5,2131,Rhialgwm,,0,0,0,0,1,0,0,0,0,0,0,0,0,0,0,0,0,0,0,0,0,0,1,0,0,0,0,0,0,0,0,0,0,0,0,0,0,0,0,0,0,0,0,0,0,0,0,0,0,0,0,0,0,0,0,0,0,0,0,0,0,0,0,0,0,dobih:14750,DoBIH,18.5,https://www.hill-bagging.co.uk/dobih-downloads/hillcsv.zip,DoBIH_v18_5.csv,13396947,0c39e13ac59dd3fa172ac21dd56dd0f6fef19a14af47c7a5a444cce691e9f021,d27bc69dbb6d30a6f171ef277408831fe8763fc9043422f4e375e63f4cc190ea,2026-08-25T14:26:29+00:00,Creative Commons Attribution 4.0 International (CC BY 4.0) (https://creativecommons.org/licenses/by/4.0/),The Database of British and Irish Hills v18.5; https://www.hill-bagging.co.uk/dobih,Wales,52.763474,-3.183013,197,60,source_backed,pending,,pending,,pending,not_imported,warning,duplicate_name
14754,The Warren,,,30C,30C: Llandudno to Wrexham,,,WN06 Eithin-orme,Conwy,1,116,264N,191,627,SH958758,SH 95893 75892,59,SH964753,132,no feature: ground by track,ground c 300m ESE is 1m lower,Seco 2x Hand Level,,W,,15-Mar-15,,"https://www.streetmap.co.uk/map?X=295891&Y=375889&SV=295891,375889&A=Y&Z=115","https://www.google.com/maps/search/?api=1&query=53.269755,-3.562535",https://www.hill-bagging.co.uk/hill-view/?qu=S&rf=14754,295891,375889,53.269755,-3.562535,SH9589175889,30.3,2042,Mwdwl-eithin,,0,0,0,0,1,0,0,0,0,0,0,0,0,0,0,0,0,0,0,0,0,0,1,0,0,0,0,0,0,0,0,0,0,0,0,0,0,0,0,0,0,0,0,0,0,0,0,0,0,0,0,0,0,0,0,0,0,0,0,0,0,0,0,0,0,dobih:14754,DoBIH,18.5,https://www.hill-bagging.co.uk/dobih-downloads/hillcsv.zip,DoBIH_v18_5.csv,13396947,0c39e13ac59dd3fa172ac21dd56dd0f6fef19a14af47c7a5a444cce691e9f021,d27bc69dbb6d30a6f171ef277408831fe8763fc9043422f4e375e63f4cc190ea,2026-08-25T14:26:29+00:00,Creative Commons Attribution 4.0 International (CC BY 4.0) (https://creativecommons.org/licenses/by/4.0/),The Database of British and Irish Hills v18.5; https://www.hill-bagging.co.uk/dobih,Wales,53.269755,-3.562535,191,59,source_backed,pending,,pending,,pending,not_imported,warning,duplicate_name
14762,Cefn,,,30C,30C: Llandudno to Wrexham,,,WN07 Gamelin-famau,Flintshire [Sir Fflint],1,117,265,179,587,SJ204743,SJ 20408 74319,37,SJ199741,142,ground by gate on S side of road,,,,W,,11-Sep-14,,"https://www.streetmap.co.uk/map?X=320406&Y=374316&SV=320406,374316&A=Y&Z=115","https://www.google.com/maps/search/?api=1&query=53.259868,-3.194643",https://www.hill-bagging.co.uk/hill-view/?qu=S&rf=14762,320406,374316,53.259868,-3.194643,SJ2040674316,30.3,2051,Mynydd y Cwm [Coed Cwm],,0,0,0,0,1,0,0,0,0,0,0,0,0,0,0,0,0,0,0,0,0,0,1,0,0,0,0,0,0,0,0,0,0,0,0,0,0,0,0,0,0,0,0,0,0,0,0,0,0,0,0,0,0,0,0,0,0,0,0,0,0,0,0,0,0,dobih:14762,DoBIH,18.5,https://www.hill-bagging.co.uk/dobih-downloads/hillcsv.zip,DoBIH_v18_5.csv,13396947,0c39e13ac59dd3fa172ac21dd56dd0f6fef19a14af47c7a5a444cce691e9f021,d27bc69dbb6d30a6f171ef277408831fe8763fc9043422f4e375e63f4cc190ea,2026-08-25T14:26:29+00:00,Creative Commons Attribution 4.0 International (CC BY 4.0) (https://creativecommons.org/licenses/by/4.0/),The Database of British and Irish Hills v18.5; https://www.hill-bagging.co.uk/dobih,Wales,53.259868,-3.194643,179,37,source_backed,pending,,pending,,pending,not_imported,warning,duplicate_name
14767,Pen-y-garth,,,30C,30C: Llandudno to Wrexham,,,WN07 Gamelin-famau,Flintshire [Sir Fflint],1,117,265,173.1,568,SJ215659,SJ 21542 65938,30.8,SJ 2188 6596,142.3,no feature: pasture,ground 130m SSW at SJ 21476 52829 is 1.1m lower; ground 290m SSW at SJ 21391 65687 is 0.5m lower; ground at SJ21449 65718 is higher but man made.,Abney level,,W,,11-Jul-23,,"https://www.streetmap.co.uk/map?X=321540&Y=365935&SV=321540,365935&A=Y&Z=115","https://www.google.com/maps/search/?api=1&query=53.184716,-3.175583",https://www.hill-bagging.co.uk/hill-view/?qu=S&rf=14767,321540,365935,53.184716,-3.175583,SJ2154065935,30.3,2051,Mynydd y Cwm [Coed Cwm],,0,0,0,0,1,0,0,0,0,0,0,0,0,0,0,0,0,0,0,0,0,0,1,0,0,0,0,0,0,0,0,0,0,0,0,0,0,0,0,0,0,0,0,0,0,0,0,0,0,0,0,0,0,0,0,0,0,0,0,0,0,0,0,0,0,dobih:14767,DoBIH,18.5,https://www.hill-bagging.co.uk/dobih-downloads/hillcsv.zip,DoBIH_v18_5.csv,13396947,0c39e13ac59dd3fa172ac21dd56dd0f6fef19a14af47c7a5a444cce691e9f021,d27bc69dbb6d30a6f171ef277408831fe8763fc9043422f4e375e63f4cc190ea,2026-08-25T14:26:29+00:00,Creative Commons Attribution 4.0 International (CC BY 4.0) (https://creativecommons.org/licenses/by/4.0/),The Database of British and Irish Hills v18.5; https://www.hill-bagging.co.uk/dobih,Wales,53.184716,-3.175583,173.1,30.8,source_backed,pending,,pending,,pending,not_imported,warning,duplicate_name
14779,Bryngwyn,,,30F,30F: Dolgellau to Machynlleth,,,WN10 Aran-idris,Gwynedd,1,124,023W,154,505,SH624129,SH 62481 12916,58,SH628129,96,boulder,,,,W,,13-Dec-17,,"https://www.streetmap.co.uk/map?X=262478&Y=312912&SV=262478,312912&A=Y&Z=115","https://www.google.com/maps/search/?api=1&query=52.696387,-4.036444",https://www.hill-bagging.co.uk/hill-view/?qu=S&rf=14779,262478,312912,52.696387,-4.036444,SH6247812912,30.6,2137,Cadair Idris - Penygadair,,0,0,0,0,1,0,0,0,0,0,0,0,0,0,0,0,0,0,0,0,0,0,1,0,0,0,0,0,0,0,0,0,0,0,0,0,0,0,0,0,0,0,0,0,0,0,0,0,0,0,0,0,0,0,0,0,0,0,0,0,0,0,0,0,0,dobih:14779,DoBIH,18.5,https://www.hill-bagging.co.uk/dobih-downloads/hillcsv.zip,DoBIH_v18_5.csv,13396947,0c39e13ac59dd3fa172ac21dd56dd0f6fef19a14af47c7a5a444cce691e9f021,d27bc69dbb6d30a6f171ef277408831fe8763fc9043422f4e375e63f4cc190ea,2026-08-25T14:26:29+00:00,Creative Commons Attribution 4.0 International (CC BY 4.0) (https://creativecommons.org/licenses/by/4.0/),The Database of British and Irish Hills v18.5; https://www.hill-bagging.co.uk/dobih,Wales,52.696387,-4.036444,154,58,source_backed,pending,,pending,,pending,not_imported,warning,duplicate_name
14787,Pen-y-coed,,,30F,30F: Dolgellau to Machynlleth,,,WN10 Aran-idris,Powys,1,124 125,215W,147,482,SH816053,SH 81620 05364,41,SH819055,106,brackeny knoll in pasture,,,,W,,05-Dec-12,,"https://www.streetmap.co.uk/map?X=281617&Y=305360&SV=281617,305360&A=Y&Z=115","https://www.google.com/maps/search/?api=1&query=52.633053,-3.750668",https://www.hill-bagging.co.uk/hill-view/?qu=S&rf=14787,281617,305360,52.633053,-3.750668,SH8161705360,30.6,2155,Craig Goch [Mynydd Cwmcelli],,0,0,0,0,1,0,0,0,0,0,0,0,0,0,0,0,0,0,0,0,0,0,1,0,0,0,0,0,0,0,0,0,0,0,0,0,0,0,0,0,0,0,0,0,0,0,0,0,0,0,0,0,0,0,0,0,0,0,0,0,0,0,0,0,0,dobih:14787,DoBIH,18.5,https://www.hill-bagging.co.uk/dobih-downloads/hillcsv.zip,DoBIH_v18_5.csv,13396947,0c39e13ac59dd3fa172ac21dd56dd0f6fef19a14af47c7a5a444cce691e9f021,d27bc69dbb6d30a6f171ef277408831fe8763fc9043422f4e375e63f4cc190ea,2026-08-25T14:26:29+00:00,Creative Commons Attribution 4.0 International (CC BY 4.0) (https://creativecommons.org/licenses/by/4.0/),The Database of British and Irish Hills v18.5; https://www.hill-bagging.co.uk/dobih,Wales,52.633053,-3.750668,147,41,source_backed,pending,,pending,,pending,not_imported,warning,duplicate_name
14790,Bryn-mawr,,,30B,30B: Snowdonia,The Carneddau,,WN04 Llewelyn-elen,Conwy,1,115,017E,144.1,473,SH765766,SH 76566 76673,33.4,SH 7626 7635,110.7,outcrop,,,,W,,19-Oct-18,,"https://www.streetmap.co.uk/map?X=276563&Y=376670&SV=276563,376670&A=Y&Z=115","https://www.google.com/maps/search/?api=1&query=53.272623,-3.852491",https://www.hill-bagging.co.uk/hill-view/?qu=S&rf=14790,276563,376670,53.272623,-3.852491,SH7656376670,30.2,2031,Tal y Fan,,0,0,0,0,1,0,0,0,0,0,0,0,0,0,0,0,0,0,0,0,0,0,1,0,0,0,0,0,0,0,0,0,0,0,0,0,0,0,0,0,0,0,0,0,0,0,0,0,0,0,0,0,0,0,0,0,0,0,0,0,0,0,0,0,0,dobih:14790,DoBIH,18.5,https://www.hill-bagging.co.uk/dobih-downloads/hillcsv.zip,DoBIH_v18_5.csv,13396947,0c39e13ac59dd3fa172ac21dd56dd0f6fef19a14af47c7a5a444cce691e9f021,d27bc69dbb6d30a6f171ef277408831fe8763fc9043422f4e375e63f4cc190ea,2026-08-25T14:26:29+00:00,Creative Commons Attribution 4.0 International (CC BY 4.0) (https://creativecommons.org/licenses/by/4.0/),The Database of British and Irish Hills v18.5; https://www.hill-bagging.co.uk/dobih,Wales,53.272623,-3.852491,144.1,33.4,source_backed,pending,,pending,,pending,not_imported,warning,duplicate_name
14796,Pen y Garn,,,30B,30B: Snowdonia,Moel Hebog,,WN01 Hebog-anelog,Gwynedd,1,124,018W,135,443,SH581411,SH 58144 41171,34,SH580414,101,outcrop,,,,W,,25-Jan-24,,"https://www.streetmap.co.uk/map?X=258141&Y=341168&SV=258141,341168&A=Y&Z=115","https://www.google.com/maps/search/?api=1&query=52.949098,-4.112857",https://www.hill-bagging.co.uk/hill-view/?qu=S&rf=14796,258141,341168,52.949098,-4.112857,SH5814141168,30.2,2037,Moel-ddu,,0,0,0,0,1,0,0,0,0,0,0,0,0,0,0,0,0,0,0,0,0,0,1,0,0,0,0,0,0,0,0,0,0,0,0,0,0,0,0,0,0,0,0,0,0,0,0,0,0,0,0,0,0,0,0,0,0,0,0,0,0,0,0,0,0,dobih:14796,DoBIH,18.5,https://www.hill-bagging.co.uk/dobih-downloads/hillcsv.zip,DoBIH_v18_5.csv,13396947,0c39e13ac59dd3fa172ac21dd56dd0f6fef19a14af47c7a5a444cce691e9f021,d27bc69dbb6d30a6f171ef277408831fe8763fc9043422f4e375e63f4cc190ea,2026-08-25T14:26:29+00:00,Creative Commons Attribution 4.0 International (CC BY 4.0) (https://creativecommons.org/licenses/by/4.0/),The Database of British and Irish Hills v18.5; https://www.hill-bagging.co.uk/dobih,Wales,52.949098,-4.112857,135,34,source_backed,pending,,pending,,pending,not_imported,warning,duplicate_name
14802,Gorse Hill,,,30B,30B: Snowdonia,The Carneddau,,WN04 Llewelyn-elen,Conwy,1,115,017E,128.6,422,SH775752,SH 77586 75228,33.1,SH 7764 7544,95.5,no feature,,Seco 2x Hand Level,,W,,11-Nov-18,,"https://www.streetmap.co.uk/map?X=277583&Y=375225&SV=277583,375225&A=Y&Z=115","https://www.google.com/maps/search/?api=1&query=53.259877,-3.836647",https://www.hill-bagging.co.uk/hill-view/?qu=S&rf=14802,277583,375225,53.259877,-3.836647,SH7758375225,30.2,2031,Tal y Fan,,0,0,0,0,1,0,0,0,0,0,0,0,0,0,0,0,0,0,0,0,0,0,1,0,0,0,0,0,0,0,0,0,0,0,0,0,0,0,0,0,0,0,0,0,0,0,0,0,0,0,0,0,0,0,0,0,0,0,0,0,0,0,0,0,0,dobih:14802,DoBIH,18.5,https://www.hill-bagging.co.uk/dobih-downloads/hillcsv.zip,DoBIH_v18_5.csv,13396947,0c39e13ac59dd3fa172ac21dd56dd0f6fef19a14af47c7a5a444cce691e9f021,d27bc69dbb6d30a6f171ef277408831fe8763fc9043422f4e375e63f4cc190ea,2026-08-25T14:26:29+00:00,Creative Commons Attribution 4.0 International (CC BY 4.0) (https://creativecommons.org/licenses/by/4.0/),The Database of British and Irish Hills v18.5; https://www.hill-bagging.co.uk/dobih,Wales,53.259877,-3.836647,128.6,33.1,source_backed,pending,,pending,,pending,not_imported,warning,duplicate_name
14803,Pen y Foel,,,30A,30A: Anglesey and the Lleyn Peninsula,,Anglesey,IW01 Anglesey-bardsey,Anglesey [Sir Fon],1,114 115,263N,123,404,SH425844,SH 42577 84420,62,SH439826,61,base of red-bricked structure,,obvious summit,,W,,25-Jan-24,,"https://www.streetmap.co.uk/map?X=242574&Y=384417&SV=242574,384417&A=Y&Z=115","https://www.google.com/maps/search/?api=1&query=53.333198,-4.365612",https://www.hill-bagging.co.uk/hill-view/?qu=S&rf=14803,242574,384417,53.333198,-4.365612,SH4257484417,30.1,1961,Mynydd Bodafon [Yr Arwydd],,0,0,0,0,1,0,0,0,0,0,0,0,0,0,0,0,0,0,0,0,0,0,1,0,0,0,0,0,0,0,0,0,0,0,0,0,0,0,0,0,0,0,0,0,0,0,0,0,0,0,0,0,0,0,0,0,0,0,0,0,0,0,0,0,0,dobih:14803,DoBIH,18.5,https://www.hill-bagging.co.uk/dobih-downloads/hillcsv.zip,DoBIH_v18_5.csv,13396947,0c39e13ac59dd3fa172ac21dd56dd0f6fef19a14af47c7a5a444cce691e9f021,d27bc69dbb6d30a6f171ef277408831fe8763fc9043422f4e375e63f4cc190ea,2026-08-25T14:26:29+00:00,Creative Commons Attribution 4.0 International (CC BY 4.0) (https://creativecommons.org/licenses/by/4.0/),The Database of British and Irish Hills v18.5; https://www.hill-bagging.co.uk/dobih,Wales,53.333198,-4.365612,123,62,source_backed,pending,,pending,,pending,not_imported,warning,duplicate_name
14807,Cefn,,,30F,30F: Dolgellau to Machynlleth,,,WN10 Aran-idris,Gwynedd,1,135,023W,119,390,SH721004,SH 72136 00406,60,SH725008,59,outcrop in trees,outcrop in gorse 110m E at SH 72315 0043 may be as high,Seco 2x Hand Level,,W,,05-Dec-12,,"https://www.streetmap.co.uk/map?X=272133&Y=300402&SV=272133,300402&A=Y&Z=115","https://www.google.com/maps/search/?api=1&query=52.586353,-3.888808",https://www.hill-bagging.co.uk/hill-view/?qu=S&rf=14807,272133,300402,52.586353,-3.888808,SH7213300402,30.6,2148,Tarren y Gesail,,0,0,0,0,1,0,0,0,0,0,0,0,0,0,0,0,0,0,0,0,0,0,1,0,0,0,0,0,0,0,0,0,0,0,0,0,0,0,0,0,0,0,0,0,0,0,0,0,0,0,0,0,0,0,0,0,0,0,0,0,0,0,0,0,0,dobih:14807,DoBIH,18.5,https://www.hill-bagging.co.uk/dobih-downloads/hillcsv.zip,DoBIH_v18_5.csv,13396947,0c39e13ac59dd3fa172ac21dd56dd0f6fef19a14af47c7a5a444cce691e9f021,d27bc69dbb6d30a6f171ef277408831fe8763fc9043422f4e375e63f4cc190ea,2026-08-25T14:26:29+00:00,Creative Commons Attribution 4.0 International (CC BY 4.0) (https://creativecommons.org/licenses/by/4.0/),The Database of British and Irish Hills v18.5; https://www.hill-bagging.co.uk/dobih,Wales,52.586353,-3.888808,119,60,source_backed,pending,,pending,,pending,not_imported,warning,duplicate_name
14818,Bryn-teg,,,30A,30A: Anglesey and the Lleyn Peninsula,,Anglesey,IW01 Anglesey-bardsey,Anglesey [Sir Fon],0,114,262 263S,97,318,SH389767,SH 38959 76763,33,SH402779,64,no feature: ground on track by reservoir,,,,W,,04-Aug-14,,"https://www.streetmap.co.uk/map?X=238956&Y=376760&SV=238956,376760&A=Y&Z=115","https://www.google.com/maps/search/?api=1&query=53.263342,-4.416008",https://www.hill-bagging.co.uk/hill-view/?qu=S&rf=14818,238956,376760,53.263342,-4.416008,SH3895676760,30.1,1961,Mynydd Bodafon [Yr Arwydd],,0,0,0,0,1,0,0,0,0,0,0,0,0,0,0,0,0,0,0,0,0,0,0,1,0,0,0,0,0,0,0,0,0,0,0,0,0,0,0,0,0,0,0,0,0,0,0,0,0,0,0,0,0,0,0,0,0,0,0,0,0,0,0,0,0,dobih:14818,DoBIH,18.5,https://www.hill-bagging.co.uk/dobih-downloads/hillcsv.zip,DoBIH_v18_5.csv,13396947,0c39e13ac59dd3fa172ac21dd56dd0f6fef19a14af47c7a5a444cce691e9f021,d27bc69dbb6d30a6f171ef277408831fe8763fc9043422f4e375e63f4cc190ea,2026-08-25T14:26:29+00:00,Creative Commons Attribution 4.0 International (CC BY 4.0) (https://creativecommons.org/licenses/by/4.0/),The Database of British and Irish Hills v18.5; https://www.hill-bagging.co.uk/dobih,Wales,53.263342,-4.416008,97,33,source_backed,pending,,pending,,pending,not_imported,warning,duplicate_name
14822,Bryniau,,,30C,30C: Llandudno to Wrexham,,,WN06 Eithin-orme,Conwy,0,115,017E,93,305,SH787806,SH 78768 80656,44,SH784800,49,outcrop,outcrop 20m NE at SH 78784 80668 is just lower,Abney level,,W,,20-Jan-12,,"https://www.streetmap.co.uk/map?X=278765&Y=380653&SV=278765,380653&A=Y&Z=115","https://www.google.com/maps/search/?api=1&query=53.308916,-3.821009",https://www.hill-bagging.co.uk/hill-view/?qu=S&rf=14822,278765,380653,53.308916,-3.821009,SH7876580653,30.3,2052,Great Orme [Y Gogarth],,0,0,0,0,1,0,0,0,0,0,0,0,0,0,0,0,0,0,0,0,0,0,0,1,0,0,0,0,0,0,0,0,0,0,0,0,0,0,0,0,0,0,0,0,0,0,0,0,0,0,0,0,0,0,0,0,0,0,0,0,0,0,0,0,0,dobih:14822,DoBIH,18.5,https://www.hill-bagging.co.uk/dobih-downloads/hillcsv.zip,DoBIH_v18_5.csv,13396947,0c39e13ac59dd3fa172ac21dd56dd0f6fef19a14af47c7a5a444cce691e9f021,d27bc69dbb6d30a6f171ef277408831fe8763fc9043422f4e375e63f4cc190ea,2026-08-25T14:26:29+00:00,Creative Commons Attribution 4.0 International (CC BY 4.0) (https://creativecommons.org/licenses/by/4.0/),The Database of British and Irish Hills v18.5; https://www.hill-bagging.co.uk/dobih,Wales,53.308916,-3.821009,93,44,source_backed,pending,,pending,,pending,not_imported,warning,duplicate_name
14824,Bryniau,,,30C,30C: Llandudno to Wrexham,,,WN06 Eithin-orme,Conwy,0,115,017E,91,299,SH798746,,32,SH797743,59,,,,,W,,15-Mar-15,alternative summit at SH797746,"https://www.streetmap.co.uk/map?X=279800&Y=374600&SV=279800,374600&A=Y&Z=115","https://www.google.com/maps/search/?api=1&query=53.254768,-3.803197",https://www.hill-bagging.co.uk/hill-view/?qu=S&rf=14824,279800,374600,53.254768,-3.803197,SH7980074600,30.3,2042,Mwdwl-eithin,,0,0,0,0,1,0,0,0,0,0,0,0,0,0,0,0,0,0,0,0,0,0,0,1,0,0,0,0,0,0,0,0,0,0,0,0,0,0,0,0,0,0,0,0,0,0,0,0,0,0,0,0,0,0,0,0,0,0,0,0,0,0,0,0,0,dobih:14824,DoBIH,18.5,https://www.hill-bagging.co.uk/dobih-downloads/hillcsv.zip,DoBIH_v18_5.csv,13396947,0c39e13ac59dd3fa172ac21dd56dd0f6fef19a14af47c7a5a444cce691e9f021,d27bc69dbb6d30a6f171ef277408831fe8763fc9043422f4e375e63f4cc190ea,2026-08-25T14:26:29+00:00,Creative Commons Attribution 4.0 International (CC BY 4.0) (https://creativecommons.org/licenses/by/4.0/),The Database of British and Irish Hills v18.5; https://www.hill-bagging.co.uk/dobih,Wales,53.254768,-3.803197,91,32,source_backed,pending,,pending,,pending,not_imported,warning,duplicate_name
14826,Graig Wen,,,30A,30A: Anglesey and the Lleyn Peninsula,,Anglesey,IW01 Anglesey-bardsey,Anglesey [Sir Fon],0,114,262,91.3,300,SH397947,SH 39737 94743,49,SH419918,42,rock,small outcrop by trig point 80m ESE at SH 39810 94707 is 0.2m lower; WNW summit at SH39657 94778 is 0.3m lower,Abney level/Trimble GeoXH 6000,,W,,25-Jan-24,,"https://www.streetmap.co.uk/map?X=239734&Y=394741&SV=239734,394741&A=Y&Z=115","https://www.google.com/maps/search/?api=1&query=53.425054,-4.413461",https://www.hill-bagging.co.uk/hill-view/?qu=S&rf=14826,239734,394741,53.425054,-4.413461,SH3973494741,30.1,1961,Mynydd Bodafon [Yr Arwydd],,0,0,0,0,1,0,0,0,0,0,0,0,0,0,0,0,0,0,0,0,0,0,0,1,0,0,0,0,0,0,0,0,0,0,0,0,0,0,0,0,0,0,0,0,0,0,0,0,0,0,0,0,0,0,0,0,0,0,0,0,0,0,0,0,0,dobih:14826,DoBIH,18.5,https://www.hill-bagging.co.uk/dobih-downloads/hillcsv.zip,DoBIH_v18_5.csv,13396947,0c39e13ac59dd3fa172ac21dd56dd0f6fef19a14af47c7a5a444cce691e9f021,d27bc69dbb6d30a6f171ef277408831fe8763fc9043422f4e375e63f4cc190ea,2026-08-25T14:26:29+00:00,Creative Commons Attribution 4.0 International (CC BY 4.0) (https://creativecommons.org/licenses/by/4.0/),The Database of British and Irish Hills v18.5; https://www.hill-bagging.co.uk/dobih,Wales,53.425054,-4.413461,91.3,49,source_backed,pending,,pending,,pending,not_imported,warning,duplicate_name
14829,Pen-y-bwlch,,,30B,30B: Snowdonia,,,WN05 Siabod-arenig,Gwynedd,0,124,018W,86,282,SH610396,SH 61023 39615,33,SH614397,53,mossy outcrop,,Seco 2x Hand Level,,W,,15-Mar-15,,"https://www.streetmap.co.uk/map?X=261020&Y=339612&SV=261020,339612&A=Y&Z=115","https://www.google.com/maps/search/?api=1&query=52.935873,-4.069369",https://www.hill-bagging.co.uk/hill-view/?qu=S&rf=14829,261020,339612,52.935873,-4.069369,SH6102039612,30.2,1994,Moelwyn Mawr,,0,0,0,0,1,0,0,0,0,0,0,0,0,0,0,0,0,0,0,0,0,0,0,1,0,0,0,0,0,0,0,0,0,0,0,0,0,0,0,0,0,0,0,0,0,0,0,0,0,0,0,0,0,0,0,0,0,0,0,0,0,0,0,0,0,dobih:14829,DoBIH,18.5,https://www.hill-bagging.co.uk/dobih-downloads/hillcsv.zip,DoBIH_v18_5.csv,13396947,0c39e13ac59dd3fa172ac21dd56dd0f6fef19a14af47c7a5a444cce691e9f021,d27bc69dbb6d30a6f171ef277408831fe8763fc9043422f4e375e63f4cc190ea,2026-08-25T14:26:29+00:00,Creative Commons Attribution 4.0 International (CC BY 4.0) (https://creativecommons.org/licenses/by/4.0/),The Database of British and Irish Hills v18.5; https://www.hill-bagging.co.uk/dobih,Wales,52.935873,-4.069369,86,33,source_backed,pending,,pending,,pending,not_imported,warning,duplicate_name
14830,Pen-y-gaer,,,30A,30A: Anglesey and the Lleyn Peninsula,,,WN01 Hebog-anelog,Gwynedd,0,123,253,83,272,SH298282,SH 29845 28236,59,SH303266,24,small grassy mound,,,,W,,05-Dec-12,,"https://www.streetmap.co.uk/map?X=229841&Y=328232&SV=229841,328232&A=Y&Z=115","https://www.google.com/maps/search/?api=1&query=52.824702,-4.526884",https://www.hill-bagging.co.uk/hill-view/?qu=S&rf=14830,229841,328232,52.824702,-4.526884,SH2984128232,30.1,1955,Mynydd Rhiw,,0,0,0,0,1,0,0,0,0,0,0,0,0,0,0,0,0,0,0,0,0,0,0,1,0,0,0,0,0,0,0,0,0,0,0,0,0,0,0,0,0,0,0,0,0,0,0,0,0,0,0,0,0,0,0,0,0,0,0,0,0,0,0,0,0,dobih:14830,DoBIH,18.5,https://www.hill-bagging.co.uk/dobih-downloads/hillcsv.zip,DoBIH_v18_5.csv,13396947,0c39e13ac59dd3fa172ac21dd56dd0f6fef19a14af47c7a5a444cce691e9f021,d27bc69dbb6d30a6f171ef277408831fe8763fc9043422f4e375e63f4cc190ea,2026-08-25T14:26:29+00:00,Creative Commons Attribution 4.0 International (CC BY 4.0) (https://creativecommons.org/licenses/by/4.0/),The Database of British and Irish Hills v18.5; https://www.hill-bagging.co.uk/dobih,Wales,52.824702,-4.526884,83,59,source_backed,pending,,pending,,pending,not_imported,warning,duplicate_name
14836,Y Garth,,,30D,30D: Barmouth to Betws-y-Coed and Bala,,,WN09 Llethr-rhinog,Gwynedd,0,124,018W,76,249,SH622379,SH 62261 37995,69,SH625382,7,not recorded,,,,W,,20-Jan-12,,"https://www.streetmap.co.uk/map?X=262258&Y=337992&SV=262258,337992&A=Y&Z=115","https://www.google.com/maps/search/?api=1&query=52.921639,-4.050273",https://www.hill-bagging.co.uk/hill-view/?qu=S&rf=14836,262258,337992,52.921639,-4.050273,SH6225837992,30.4,2074,Moel Ysgyfarnogod,,0,0,0,0,1,0,0,0,0,0,0,0,0,0,0,0,0,0,0,0,0,0,0,1,0,0,0,0,0,0,0,0,0,0,0,0,0,0,0,0,0,0,0,0,0,0,0,0,0,0,0,0,0,0,0,0,0,0,0,0,0,0,0,0,0,dobih:14836,DoBIH,18.5,https://www.hill-bagging.co.uk/dobih-downloads/hillcsv.zip,DoBIH_v18_5.csv,13396947,0c39e13ac59dd3fa172ac21dd56dd0f6fef19a14af47c7a5a444cce691e9f021,d27bc69dbb6d30a6f171ef277408831fe8763fc9043422f4e375e63f4cc190ea,2026-08-25T14:26:29+00:00,Creative Commons Attribution 4.0 International (CC BY 4.0) (https://creativecommons.org/licenses/by/4.0/),The Database of British and Irish Hills v18.5; https://www.hill-bagging.co.uk/dobih,Wales,52.921639,-4.050273,76,69,source_backed,pending,,pending,,pending,not_imported,warning,duplicate_name
14848,Penmaen,,,30D,30D: Barmouth to Betws-y-Coed and Bala,,,WN09 Llethr-rhinog,Gwynedd,0,124,018W,58,190,SH601336,SH 60165 33667,45,SH608342,13,no feature: pasture,,,,W,,05-Dec-12,,"https://www.streetmap.co.uk/map?X=260162&Y=333663&SV=260162,333663&A=Y&Z=115","https://www.google.com/maps/search/?api=1&query=52.882216,-4.079565",https://www.hill-bagging.co.uk/hill-view/?qu=S&rf=14848,260162,333663,52.882216,-4.079565,SH6016233663,30.4,2074,Moel Ysgyfarnogod,,0,0,0,0,1,0,0,0,0,0,0,0,0,0,0,0,0,0,0,0,0,0,0,1,0,0,0,0,0,0,0,0,0,0,0,0,0,0,0,0,0,0,0,0,0,0,0,0,0,0,0,0,0,0,0,0,0,0,0,0,0,0,0,0,0,dobih:14848,DoBIH,18.5,https://www.hill-bagging.co.uk/dobih-downloads/hillcsv.zip,DoBIH_v18_5.csv,13396947,0c39e13ac59dd3fa172ac21dd56dd0f6fef19a14af47c7a5a444cce691e9f021,d27bc69dbb6d30a6f171ef277408831fe8763fc9043422f4e375e63f4cc190ea,2026-08-25T14:26:29+00:00,Creative Commons Attribution 4.0 International (CC BY 4.0) (https://creativecommons.org/licenses/by/4.0/),The Database of British and Irish Hills v18.5; https://www.hill-bagging.co.uk/dobih,Wales,52.882216,-4.079565,58,45,source_backed,pending,,pending,,pending,not_imported,warning,duplicate_name
14860,Bryn Mawr,,,31A,31A: Aberystwyth to Welshpool,,,WM02 Pumlumon-amlwg,Cardiganshire [Ceredigion],4,135,023W,489,1604,SN723906,SN 72360 90630,75,SN724909,414,no feature: grass,ground 20m SW at SN 72350 90609 may be as high,,,W,,25-Jan-24,,"https://www.streetmap.co.uk/map?X=272357&Y=290626&SV=272357,290626&A=Y&Z=115","https://www.google.com/maps/search/?api=1&query=52.498566,-3.881742",https://www.hill-bagging.co.uk/hill-view/?qu=S&rf=14860,272357,290626,52.498566,-3.881742,SN7235790626,31.1,2166,Banc Llechwedd-mawr,,0,0,0,0,1,0,0,0,0,0,0,0,0,0,0,0,0,0,0,1,0,0,0,0,0,0,0,0,0,0,0,0,0,0,0,0,0,0,0,0,0,0,0,0,0,0,0,0,0,0,0,0,0,0,0,0,0,0,0,0,0,0,0,0,0,dobih:14860,DoBIH,18.5,https://www.hill-bagging.co.uk/dobih-downloads/hillcsv.zip,DoBIH_v18_5.csv,13396947,0c39e13ac59dd3fa172ac21dd56dd0f6fef19a14af47c7a5a444cce691e9f021,d27bc69dbb6d30a6f171ef277408831fe8763fc9043422f4e375e63f4cc190ea,2026-08-25T14:26:29+00:00,Creative Commons Attribution 4.0 International (CC BY 4.0) (https://creativecommons.org/licenses/by/4.0/),The Database of British and Irish Hills v18.5; https://www.hill-bagging.co.uk/dobih,Wales,52.498566,-3.881742,489,75,source_backed,pending,,pending,,pending,not_imported,warning,duplicate_name
14864,Yr Allt,,,31C,31C: South-West Wales,,,WM02 Pumlumon-amlwg,Cardiganshire [Ceredigion],4,135 136 147,214W,486,1594,SN835760,SN 83515 76040,61,SN837765,425,no feature,,,,W,,25-Jan-24,,"https://www.streetmap.co.uk/map?X=283512&Y=276035&SV=283512,276035&A=Y&Z=115","https://www.google.com/maps/search/?api=1&query=52.369956,-3.712408",https://www.hill-bagging.co.uk/hill-view/?qu=S&rf=14864,283512,276035,52.369956,-3.712408,SN8351276035,31.3,2205,Pen y Garn,,0,0,0,0,1,0,0,0,0,0,0,0,0,0,0,0,0,0,0,1,0,0,0,0,0,0,0,0,0,0,0,0,0,0,0,0,0,0,0,0,0,0,0,0,0,0,0,0,0,0,0,0,0,0,0,0,0,0,0,0,0,0,0,0,0,dobih:14864,DoBIH,18.5,https://www.hill-bagging.co.uk/dobih-downloads/hillcsv.zip,DoBIH_v18_5.csv,13396947,0c39e13ac59dd3fa172ac21dd56dd0f6fef19a14af47c7a5a444cce691e9f021,d27bc69dbb6d30a6f171ef277408831fe8763fc9043422f4e375e63f4cc190ea,2026-08-25T14:26:29+00:00,Creative Commons Attribution 4.0 International (CC BY 4.0) (https://creativecommons.org/licenses/by/4.0/),The Database of British and Irish Hills v18.5; https://www.hill-bagging.co.uk/dobih,Wales,52.369956,-3.712408,486,61,source_backed,pending,,pending,,pending,not_imported,warning,duplicate_name
14866,Garn Fawr,,,31C,31C: South-West Wales,,,WM05 Drygarn-epynt,Cardiganshire [Ceredigion],4,146 147,187N,485,1591,SN707571,SN 70797 57159,70,SN729564,415,trig point,,,,W,,13-Mar-16,,"https://www.streetmap.co.uk/map?X=270794&Y=257154&SV=270794,257154&A=Y&Z=115","https://www.google.com/maps/search/?api=1&query=52.197447,-3.891867",https://www.hill-bagging.co.uk/hill-view/?qu=S&rf=14866,270794,257154,52.197447,-3.891867,SN7079457154,31.3,2203,Drygarn Fawr,,0,0,0,0,1,0,0,0,0,0,0,0,0,0,0,0,0,0,0,1,0,0,0,0,0,0,0,0,0,0,0,0,0,0,0,0,0,0,0,0,0,0,0,0,0,0,0,0,0,0,0,1,0,0,0,0,0,0,0,0,0,0,0,0,0,dobih:14866,DoBIH,18.5,https://www.hill-bagging.co.uk/dobih-downloads/hillcsv.zip,DoBIH_v18_5.csv,13396947,0c39e13ac59dd3fa172ac21dd56dd0f6fef19a14af47c7a5a444cce691e9f021,d27bc69dbb6d30a6f171ef277408831fe8763fc9043422f4e375e63f4cc190ea,2026-08-25T14:26:29+00:00,Creative Commons Attribution 4.0 International (CC BY 4.0) (https://creativecommons.org/licenses/by/4.0/),The Database of British and Irish Hills v18.5; https://www.hill-bagging.co.uk/dobih,Wales,52.197447,-3.891867,485,70,source_backed,pending,,pending,,pending,not_imported,warning,duplicate_name
14867,Bryn Mawr,,,31B,31B: Welshpool to Hay-on-Wye,,,WM03 Pegwn-beacon,Powys,4,136,214E,485,1591,SO128819,SO 12851 81910,56,SO137785,429,no feature,,,,W,,15-Mar-15,,"https://www.streetmap.co.uk/map?X=312849&Y=281905&SV=312849,281905&A=Y&Z=115","https://www.google.com/maps/search/?api=1&query=52.428173,-3.283177",https://www.hill-bagging.co.uk/hill-view/?qu=S&rf=14867,312849,281905,52.428173,-3.283177,SO1284981905,31.2,2183,Beacon Hill,,0,0,0,0,1,0,0,0,0,0,0,0,0,0,0,0,0,0,0,1,0,0,0,0,0,0,0,0,0,0,0,0,0,0,0,0,0,0,0,0,0,0,0,0,0,0,0,0,0,0,0,1,0,0,0,0,0,0,0,0,0,0,0,0,0,dobih:14867,DoBIH,18.5,https://www.hill-bagging.co.uk/dobih-downloads/hillcsv.zip,DoBIH_v18_5.csv,13396947,0c39e13ac59dd3fa172ac21dd56dd0f6fef19a14af47c7a5a444cce691e9f021,d27bc69dbb6d30a6f171ef277408831fe8763fc9043422f4e375e63f4cc190ea,2026-08-25T14:26:29+00:00,Creative Commons Attribution 4.0 International (CC BY 4.0) (https://creativecommons.org/licenses/by/4.0/),The Database of British and Irish Hills v18.5; https://www.hill-bagging.co.uk/dobih,Wales,52.428173,-3.283177,485,56,source_backed,pending,,pending,,pending,not_imported,warning,duplicate_name
14869,Drysgol,,,31B,31B: Welshpool to Hay-on-Wye,,,WM03 Pegwn-beacon,Powys,Un,136 147,214W,483.7,1587,SN946744,SN 94629 74413,29.6,SN 9390 7566,454.2,no feature,knoll 70m WNW at SN 94566 74440 is 1.00m lower; knoll 80m WSW at SN 94554 74390 is 1.9m lower; knoll with post 115m SW at SN 94565 74319 is 2.1m lower,Leica NA730/Leica GS15,,W,,08-Dec-18,Tump deleted December 2018,"https://www.streetmap.co.uk/map?X=294626&Y=274408&SV=294626,274408&A=Y&Z=115","https://www.google.com/maps/search/?api=1&query=52.357586,-3.548718",https://www.hill-bagging.co.uk/hill-view/?qu=S&rf=14869,294626,274408,52.357586,-3.548718,SN9462674408,31.2,2188,Garreg Lwyd,,0,0,0,0,0,0,0,0,0,0,0,0,0,0,0,0,0,0,0,0,0,0,0,0,0,0,0,0,0,0,0,0,0,0,0,0,0,0,0,0,0,0,0,0,0,0,0,0,0,0,0,0,0,0,0,0,0,0,0,0,0,0,0,0,1,dobih:14869,DoBIH,18.5,https://www.hill-bagging.co.uk/dobih-downloads/hillcsv.zip,DoBIH_v18_5.csv,13396947,0c39e13ac59dd3fa172ac21dd56dd0f6fef19a14af47c7a5a444cce691e9f021,d27bc69dbb6d30a6f171ef277408831fe8763fc9043422f4e375e63f4cc190ea,2026-08-25T14:26:29+00:00,Creative Commons Attribution 4.0 International (CC BY 4.0) (https://creativecommons.org/licenses/by/4.0/),The Database of British and Irish Hills v18.5; https://www.hill-bagging.co.uk/dobih,Wales,52.357586,-3.548718,483.7,29.6,source_backed,pending,,pending,,pending,not_imported,warning,duplicate_name
14873,Y Foel,,,31C,31C: South-West Wales,,,WM02 Pumlumon-amlwg,Powys,4,136 147,200W,482,1581,SN924655,SN 92489 65515,45,SN923662,437,cairn,,obvious summit,,W,,30-Oct-14,,"https://www.streetmap.co.uk/map?X=292486&Y=265510&SV=292486,265510&A=Y&Z=115","https://www.google.com/maps/search/?api=1&query=52.277204,-3.577283",https://www.hill-bagging.co.uk/hill-view/?qu=S&rf=14873,292486,265510,52.277204,-3.577283,SN9248665510,31.3,2205,Pen y Garn,,0,0,0,0,1,0,0,0,0,0,0,0,0,0,0,0,0,0,0,1,0,0,0,0,0,0,0,0,0,0,0,0,0,0,0,0,0,0,0,0,0,0,0,0,0,0,0,0,0,0,0,0,0,0,0,0,0,0,0,0,0,0,0,0,0,dobih:14873,DoBIH,18.5,https://www.hill-bagging.co.uk/dobih-downloads/hillcsv.zip,DoBIH_v18_5.csv,13396947,0c39e13ac59dd3fa172ac21dd56dd0f6fef19a14af47c7a5a444cce691e9f021,d27bc69dbb6d30a6f171ef277408831fe8763fc9043422f4e375e63f4cc190ea,2026-08-25T14:26:29+00:00,Creative Commons Attribution 4.0 International (CC BY 4.0) (https://creativecommons.org/licenses/by/4.0/),The Database of British and Irish Hills v18.5; https://www.hill-bagging.co.uk/dobih,Wales,52.277204,-3.577283,482,45,source_backed,pending,,pending,,pending,not_imported,warning,duplicate_name
14879,Foel Goch,,,31A,31A: Aberystwyth to Welshpool,,,WM02 Pumlumon-amlwg,Cardiganshire [Ceredigion],4,135,023W,479,1572,SN696927,SN 69607 92759,62,SN701928,417,no feature,,,,W,,21-Mar-15,,"https://www.streetmap.co.uk/map?X=269604&Y=292755&SV=269604,292755&A=Y&Z=115","https://www.google.com/maps/search/?api=1&query=52.517044,-3.923108",https://www.hill-bagging.co.uk/hill-view/?qu=S&rf=14879,269604,292755,52.517044,-3.923108,SN6960492755,31.1,2166,Banc Llechwedd-mawr,,0,0,0,0,1,0,0,0,0,0,0,0,0,0,0,0,0,0,0,1,0,0,0,0,0,0,0,0,0,0,0,0,0,0,0,0,0,0,0,0,0,0,0,0,0,0,0,0,0,0,0,0,0,0,0,0,0,0,0,0,0,0,0,0,0,dobih:14879,DoBIH,18.5,https://www.hill-bagging.co.uk/dobih-downloads/hillcsv.zip,DoBIH_v18_5.csv,13396947,0c39e13ac59dd3fa172ac21dd56dd0f6fef19a14af47c7a5a444cce691e9f021,d27bc69dbb6d30a6f171ef277408831fe8763fc9043422f4e375e63f4cc190ea,2026-08-25T14:26:29+00:00,Creative Commons Attribution 4.0 International (CC BY 4.0) (https://creativecommons.org/licenses/by/4.0/),The Database of British and Irish Hills v18.5; https://www.hill-bagging.co.uk/dobih,Wales,52.517044,-3.923108,479,62,source_backed,pending,,pending,,pending,not_imported,warning,duplicate_name
14883,Bryn,,,31C,31C: South-West Wales,,,WM05 Drygarn-epynt,Powys,4,147,200W,478,1568,SN904552,SN 90493 55246,41,SN906558,437,no feature,flat summit area,,,W,,25-Jan-24,,"https://www.streetmap.co.uk/map?X=290490&Y=255241&SV=290490,255241&A=Y&Z=115","https://www.google.com/maps/search/?api=1&query=52.184523,-3.603199",https://www.hill-bagging.co.uk/hill-view/?qu=S&rf=14883,290490,255241,52.184523,-3.603199,SN9049055241,31.3,2203,Drygarn Fawr,,0,0,0,0,1,0,0,0,0,0,0,0,0,0,0,0,0,0,0,1,0,0,0,0,0,0,0,0,0,0,0,0,0,0,0,0,0,0,0,0,0,0,0,0,0,0,0,0,0,0,0,0,0,0,0,0,0,0,0,0,0,0,0,0,0,dobih:14883,DoBIH,18.5,https://www.hill-bagging.co.uk/dobih-downloads/hillcsv.zip,DoBIH_v18_5.csv,13396947,0c39e13ac59dd3fa172ac21dd56dd0f6fef19a14af47c7a5a444cce691e9f021,d27bc69dbb6d30a6f171ef277408831fe8763fc9043422f4e375e63f4cc190ea,2026-08-25T14:26:29+00:00,Creative Commons Attribution 4.0 International (CC BY 4.0) (https://creativecommons.org/licenses/by/4.0/),The Database of British and Irish Hills v18.5; https://www.hill-bagging.co.uk/dobih,Wales,52.184523,-3.603199,478,41,source_backed,pending,,pending,,pending,not_imported,warning,duplicate_name
14886,Castle Bank,,,31B,31B: Welshpool to Hay-on-Wye,,,WM03 Pegwn-beacon,Powys,4,136 147,214E,476,1562,SO072776,SO 07262 77656,60,SO067777,416,no feature,,,,W,,20-Jan-12,,"https://www.streetmap.co.uk/map?X=307260&Y=277651&SV=307260,277651&A=Y&Z=115","https://www.google.com/maps/search/?api=1&query=52.389019,-3.364172",https://www.hill-bagging.co.uk/hill-view/?qu=S&rf=14886,307260,277651,52.389019,-3.364172,SO0726077651,31.2,2182,Pegwn Mawr,,0,0,0,0,1,0,0,0,0,0,0,0,0,0,0,0,0,0,0,1,0,0,0,0,0,0,0,0,0,0,0,0,0,0,0,0,0,0,0,0,0,0,0,0,0,0,0,0,0,0,0,0,0,0,0,0,0,0,0,0,0,0,0,0,0,dobih:14886,DoBIH,18.5,https://www.hill-bagging.co.uk/dobih-downloads/hillcsv.zip,DoBIH_v18_5.csv,13396947,0c39e13ac59dd3fa172ac21dd56dd0f6fef19a14af47c7a5a444cce691e9f021,d27bc69dbb6d30a6f171ef277408831fe8763fc9043422f4e375e63f4cc190ea,2026-08-25T14:26:29+00:00,Creative Commons Attribution 4.0 International (CC BY 4.0) (https://creativecommons.org/licenses/by/4.0/),The Database of British and Irish Hills v18.5; https://www.hill-bagging.co.uk/dobih,Wales,52.389019,-3.364172,476,60,source_backed,pending,,pending,,pending,not_imported,warning,duplicate_name
14891,Bryn Gwyn,,,31A,31A: Aberystwyth to Welshpool,,,WM02 Pumlumon-amlwg,Cardiganshire [Ceredigion],4,135,213,471.6,1547,SN731897,SN 73123 89752,51.9,SN 7284 9003,419.7,no feature,ground 15m S at SN 73121 89738 is of similar height,,,W,,23-Feb-25,,"https://www.streetmap.co.uk/map?X=273120&Y=289748&SV=273120,289748&A=Y&Z=115","https://www.google.com/maps/search/?api=1&query=52.490855,-3.870174",https://www.hill-bagging.co.uk/hill-view/?qu=S&rf=14891,273120,289748,52.490855,-3.870174,SN7312089748,31.1,2166,Banc Llechwedd-mawr,,0,0,0,0,1,0,0,0,0,0,0,0,0,0,0,0,0,0,0,1,0,0,0,0,0,0,0,0,0,0,0,0,0,0,0,0,0,0,0,0,0,0,0,0,0,0,0,0,0,0,0,0,0,0,0,0,0,0,0,0,0,0,0,0,0,dobih:14891,DoBIH,18.5,https://www.hill-bagging.co.uk/dobih-downloads/hillcsv.zip,DoBIH_v18_5.csv,13396947,0c39e13ac59dd3fa172ac21dd56dd0f6fef19a14af47c7a5a444cce691e9f021,d27bc69dbb6d30a6f171ef277408831fe8763fc9043422f4e375e63f4cc190ea,2026-08-25T14:26:29+00:00,Creative Commons Attribution 4.0 International (CC BY 4.0) (https://creativecommons.org/licenses/by/4.0/),The Database of British and Irish Hills v18.5; https://www.hill-bagging.co.uk/dobih,Wales,52.490855,-3.870174,471.6,51.9,source_backed,pending,,pending,,pending,not_imported,warning,duplicate_name
14893,Little Hill,,,31B,31B: Welshpool to Hay-on-Wye,,,WM04 Greatrhos-hergest,Powys,4,148,200E,469.2,1539,SO171537,SO 17176 53753,46.4,SO 1638 5441,422.7,no feature,ground 100m E at SO 17269 53780 is 0.2m lower,Trimble GeoXH 6000,,W,,12-Sep-15,,"https://www.streetmap.co.uk/map?X=317174&Y=253748&SV=317174,253748&A=Y&Z=115","https://www.google.com/maps/search/?api=1&query=52.17576,-3.212649",https://www.hill-bagging.co.uk/hill-view/?qu=S&rf=14893,317174,253748,52.17576,-3.212649,SO1717453748,31.2,2184,Gwaunceste Hill,,0,0,0,0,1,0,0,0,0,0,0,0,0,0,0,0,0,0,0,1,0,0,0,0,0,0,0,0,0,0,0,0,0,0,0,0,0,0,0,0,0,0,0,0,0,0,0,0,0,0,0,0,0,0,0,0,0,0,0,0,0,0,0,0,0,dobih:14893,DoBIH,18.5,https://www.hill-bagging.co.uk/dobih-downloads/hillcsv.zip,DoBIH_v18_5.csv,13396947,0c39e13ac59dd3fa172ac21dd56dd0f6fef19a14af47c7a5a444cce691e9f021,d27bc69dbb6d30a6f171ef277408831fe8763fc9043422f4e375e63f4cc190ea,2026-08-25T14:26:29+00:00,Creative Commons Attribution 4.0 International (CC BY 4.0) (https://creativecommons.org/licenses/by/4.0/),The Database of British and Irish Hills v18.5; https://www.hill-bagging.co.uk/dobih,Wales,52.17576,-3.212649,469.2,46.4,source_backed,pending,,pending,,pending,not_imported,warning,duplicate_name
14894,Cefn Isaf,,,31C,31C: South-West Wales,,,WM05 Drygarn-epynt,Cardiganshire [Ceredigion],4,146 147,187N,469,1539,SN764542,SN 76432 54285,30,SN761553,439,no feature,summit is in trees,,,W,,25-Jan-24,,"https://www.streetmap.co.uk/map?X=276429&Y=254280&SV=276429,254280&A=Y&Z=115","https://www.google.com/maps/search/?api=1&query=52.172914,-3.808415",https://www.hill-bagging.co.uk/hill-view/?qu=S&rf=14894,276429,254280,52.172914,-3.808415,SN7642954280,31.3,2203,Drygarn Fawr,,0,0,0,0,1,0,0,0,0,0,0,0,0,0,0,0,0,0,0,1,0,0,0,0,0,0,0,0,0,0,0,0,0,0,0,0,0,0,0,0,0,0,0,0,0,0,0,0,0,0,0,0,0,0,0,0,0,0,0,0,0,0,0,0,0,dobih:14894,DoBIH,18.5,https://www.hill-bagging.co.uk/dobih-downloads/hillcsv.zip,DoBIH_v18_5.csv,13396947,0c39e13ac59dd3fa172ac21dd56dd0f6fef19a14af47c7a5a444cce691e9f021,d27bc69dbb6d30a6f171ef277408831fe8763fc9043422f4e375e63f4cc190ea,2026-08-25T14:26:29+00:00,Creative Commons Attribution 4.0 International (CC BY 4.0) (https://creativecommons.org/licenses/by/4.0/),The Database of British and Irish Hills v18.5; https://www.hill-bagging.co.uk/dobih,Wales,52.172914,-3.808415,469,30,source_backed,pending,,pending,,pending,not_imported,warning,duplicate_name
14899,Wennallt,,,31C,31C: South-West Wales,,,WM05 Drygarn-epynt,Powys,Un,147,200W,466.4,1530,SN933571,SN 93369 57117,28.3,SN 9319 5761,438.1,rock,,Trimble GeoXH 6000,,W,,12-Sep-15,Tump deletion September 2015,"https://www.streetmap.co.uk/map?X=293366&Y=257112&SV=293366,257112&A=Y&Z=115","https://www.google.com/maps/search/?api=1&query=52.201902,-3.561738",https://www.hill-bagging.co.uk/hill-view/?qu=S&rf=14899,293366,257112,52.201902,-3.561738,SN9336657112,31.3,2203,Drygarn Fawr,,0,0,0,0,0,0,0,0,0,0,0,0,0,0,0,0,0,0,0,0,0,0,0,0,0,0,0,0,0,0,0,0,0,0,0,0,0,0,0,0,0,0,0,0,0,0,0,0,0,0,0,0,0,0,0,0,0,0,0,0,0,0,0,0,1,dobih:14899,DoBIH,18.5,https://www.hill-bagging.co.uk/dobih-downloads/hillcsv.zip,DoBIH_v18_5.csv,13396947,0c39e13ac59dd3fa172ac21dd56dd0f6fef19a14af47c7a5a444cce691e9f021,d27bc69dbb6d30a6f171ef277408831fe8763fc9043422f4e375e63f4cc190ea,2026-08-25T14:26:29+00:00,Creative Commons Attribution 4.0 International (CC BY 4.0) (https://creativecommons.org/licenses/by/4.0/),The Database of British and Irish Hills v18.5; https://www.hill-bagging.co.uk/dobih,Wales,52.201902,-3.561738,466.4,28.3,source_backed,pending,,pending,,pending,not_imported,warning,duplicate_name
14906,Llethr Llwyd,,,31C,31C: South-West Wales,,,WM05 Drygarn-epynt,Cardiganshire [Ceredigion],4,146 147,187N,465,1526,SN736531,SN 73666 53179,71,SN732541,394,no feature: grass,,obvious summit,,W,,25-Jan-24,,"https://www.streetmap.co.uk/map?X=273663&Y=253174&SV=273663,253174&A=Y&Z=115","https://www.google.com/maps/search/?api=1&query=52.162349,-3.848429",https://www.hill-bagging.co.uk/hill-view/?qu=S&rf=14906,273663,253174,52.162349,-3.848429,SN7366353174,31.3,2203,Drygarn Fawr,,0,0,0,0,1,0,0,0,0,0,0,0,0,0,0,0,0,0,0,1,0,0,0,0,0,0,0,0,0,0,0,0,0,0,0,0,0,0,0,0,0,0,0,0,0,0,0,0,0,0,0,0,0,0,0,0,0,0,0,0,0,0,0,0,0,dobih:14906,DoBIH,18.5,https://www.hill-bagging.co.uk/dobih-downloads/hillcsv.zip,DoBIH_v18_5.csv,13396947,0c39e13ac59dd3fa172ac21dd56dd0f6fef19a14af47c7a5a444cce691e9f021,d27bc69dbb6d30a6f171ef277408831fe8763fc9043422f4e375e63f4cc190ea,2026-08-25T14:26:29+00:00,Creative Commons Attribution 4.0 International (CC BY 4.0) (https://creativecommons.org/licenses/by/4.0/),The Database of British and Irish Hills v18.5; https://www.hill-bagging.co.uk/dobih,Wales,52.162349,-3.848429,465,71,source_backed,pending,,pending,,pending,not_imported,warning,duplicate_name
14911,Y Drum,,,31A,31A: Aberystwyth to Welshpool,,,WM02 Pumlumon-amlwg,Powys,4,135 136,214W,462,1516,SN828845,SN 82823 84601,45,SN829850,417,no feature,,obvious summit,,W,,25-Jan-24,,"https://www.streetmap.co.uk/map?X=282820&Y=284596&SV=282820,284596&A=Y&Z=115","https://www.google.com/maps/search/?api=1&query=52.446739,-3.725568",https://www.hill-bagging.co.uk/hill-view/?qu=S&rf=14911,282820,284596,52.446739,-3.725568,SN8282084596,31.1,2161,Pumlumon Fawr [Plynlimon],,0,0,0,0,1,0,0,0,0,0,0,0,0,0,0,0,0,0,0,1,0,0,0,0,0,0,0,0,0,0,0,0,0,0,0,0,0,0,0,0,0,0,0,0,0,0,0,0,0,0,0,0,0,0,0,0,0,0,0,0,0,0,0,0,0,dobih:14911,DoBIH,18.5,https://www.hill-bagging.co.uk/dobih-downloads/hillcsv.zip,DoBIH_v18_5.csv,13396947,0c39e13ac59dd3fa172ac21dd56dd0f6fef19a14af47c7a5a444cce691e9f021,d27bc69dbb6d30a6f171ef277408831fe8763fc9043422f4e375e63f4cc190ea,2026-08-25T14:26:29+00:00,Creative Commons Attribution 4.0 International (CC BY 4.0) (https://creativecommons.org/licenses/by/4.0/),The Database of British and Irish Hills v18.5; https://www.hill-bagging.co.uk/dobih,Wales,52.446739,-3.725568,462,45,source_backed,pending,,pending,,pending,not_imported,warning,duplicate_name
14912,Foel Goch,,,31B,31B: Welshpool to Hay-on-Wye,,,WM03 Pegwn-beacon,Powys,4,136 147,214W,459.9,1509,SN939787,SN 93957 78784,63.9,SN 9345 7836,396,no feature,ground 100m SSE at SN 93997 78697 is 0.3m lower,,,W,,11-Jul-23,,"https://www.streetmap.co.uk/map?X=293954&Y=278779&SV=293954,278779&A=Y&Z=115","https://www.google.com/maps/search/?api=1&query=52.396739,-3.559966",https://www.hill-bagging.co.uk/hill-view/?qu=S&rf=14912,293954,278779,52.396739,-3.559966,SN9395478779,31.2,2188,Garreg Lwyd,,0,0,0,0,1,0,0,0,0,0,0,0,0,0,0,0,0,0,0,1,0,0,0,0,0,0,0,0,0,0,0,0,0,0,0,0,0,0,0,0,0,0,0,0,0,0,0,0,0,0,0,0,0,0,0,0,0,0,0,0,0,0,0,0,0,dobih:14912,DoBIH,18.5,https://www.hill-bagging.co.uk/dobih-downloads/hillcsv.zip,DoBIH_v18_5.csv,13396947,0c39e13ac59dd3fa172ac21dd56dd0f6fef19a14af47c7a5a444cce691e9f021,d27bc69dbb6d30a6f171ef277408831fe8763fc9043422f4e375e63f4cc190ea,2026-08-25T14:26:29+00:00,Creative Commons Attribution 4.0 International (CC BY 4.0) (https://creativecommons.org/licenses/by/4.0/),The Database of British and Irish Hills v18.5; https://www.hill-bagging.co.uk/dobih,Wales,52.396739,-3.559966,459.9,63.9,source_backed,pending,,pending,,pending,not_imported,warning,duplicate_name
14913,Foel,,,31B,31B: Welshpool to Hay-on-Wye,,,WM03 Pegwn-beacon,Powys,4,136 147,214E,460.4,1510,SO067786,SO 06753 78606,44.8,SO 0719 7832,415.5,no feature: grass,,Trimble GeoXH 6000,,W,,12-Sep-15,,"https://www.streetmap.co.uk/map?X=306751&Y=278601&SV=306751,278601&A=Y&Z=115","https://www.google.com/maps/search/?api=1&query=52.397471,-3.371914",https://www.hill-bagging.co.uk/hill-view/?qu=S&rf=14913,306751,278601,52.397471,-3.371914,SO0675178601,31.2,2182,Pegwn Mawr,,0,0,0,0,1,0,0,0,0,0,0,0,0,0,0,0,0,0,0,1,0,0,0,0,0,0,0,0,0,0,0,0,0,0,0,0,0,0,0,0,0,0,0,0,0,0,0,0,0,0,0,0,0,0,0,0,0,0,0,0,0,0,0,0,0,dobih:14913,DoBIH,18.5,https://www.hill-bagging.co.uk/dobih-downloads/hillcsv.zip,DoBIH_v18_5.csv,13396947,0c39e13ac59dd3fa172ac21dd56dd0f6fef19a14af47c7a5a444cce691e9f021,d27bc69dbb6d30a6f171ef277408831fe8763fc9043422f4e375e63f4cc190ea,2026-08-25T14:26:29+00:00,Creative Commons Attribution 4.0 International (CC BY 4.0) (https://creativecommons.org/licenses/by/4.0/),The Database of British and Irish Hills v18.5; https://www.hill-bagging.co.uk/dobih,Wales,52.397471,-3.371914,460.4,44.8,source_backed,pending,,pending,,pending,not_imported,warning,duplicate_name
14916,Disgwylfa,,,31C,31C: South-West Wales,,,WM05 Drygarn-epynt,Cardiganshire [Ceredigion],4,135 147,187N,459,1506,SN778665,SN 77864 66597,30,SN780666,429,no feature: grass,,obvious summit,,W,,07-Aug-14,,"https://www.streetmap.co.uk/map?X=277861&Y=266592&SV=277861,266592&A=Y&Z=115","https://www.google.com/maps/search/?api=1&query=52.28387,-3.791936",https://www.hill-bagging.co.uk/hill-view/?qu=S&rf=14916,277861,266592,52.28387,-3.791936,SN7786166592,31.3,2207,Llan Ddu Fawr [Carnyrhyrddod] [Waun Claerddu],,0,0,0,0,1,0,0,0,0,0,0,0,0,0,0,0,0,0,0,1,0,0,0,0,0,0,0,0,0,0,0,0,0,0,0,0,0,0,0,0,0,0,0,0,0,0,0,0,0,0,0,0,0,0,0,0,0,0,0,0,0,0,0,0,0,dobih:14916,DoBIH,18.5,https://www.hill-bagging.co.uk/dobih-downloads/hillcsv.zip,DoBIH_v18_5.csv,13396947,0c39e13ac59dd3fa172ac21dd56dd0f6fef19a14af47c7a5a444cce691e9f021,d27bc69dbb6d30a6f171ef277408831fe8763fc9043422f4e375e63f4cc190ea,2026-08-25T14:26:29+00:00,Creative Commons Attribution 4.0 International (CC BY 4.0) (https://creativecommons.org/licenses/by/4.0/),The Database of British and Irish Hills v18.5; https://www.hill-bagging.co.uk/dobih,Wales,52.28387,-3.791936,459,30,source_backed,pending,,pending,,pending,not_imported,warning,duplicate_name
14917,Bryn,,,31B,31B: Welshpool to Hay-on-Wye,,,WM03 Pegwn-beacon,Powys,4,136,214E,457,1499,SO153848,SO 15340 84843,45,SO151851,412,no feature: grass,flat summit area; ground to 40m NE may be as high,,,W,,25-Jan-24,,"https://www.streetmap.co.uk/map?X=315338&Y=284838&SV=315338,284838&A=Y&Z=115","https://www.google.com/maps/search/?api=1&query=52.454926,-3.247324",https://www.hill-bagging.co.uk/hill-view/?qu=S&rf=14917,315338,284838,52.454926,-3.247324,SO1533884838,31.2,2183,Beacon Hill,,0,0,0,0,1,0,0,0,0,0,0,0,0,0,0,0,0,0,0,1,0,0,0,0,0,0,0,0,0,0,0,0,0,0,0,0,0,0,0,0,0,0,0,0,0,0,0,0,0,0,0,0,0,0,0,0,0,0,0,0,0,0,0,0,0,dobih:14917,DoBIH,18.5,https://www.hill-bagging.co.uk/dobih-downloads/hillcsv.zip,DoBIH_v18_5.csv,13396947,0c39e13ac59dd3fa172ac21dd56dd0f6fef19a14af47c7a5a444cce691e9f021,d27bc69dbb6d30a6f171ef277408831fe8763fc9043422f4e375e63f4cc190ea,2026-08-25T14:26:29+00:00,Creative Commons Attribution 4.0 International (CC BY 4.0) (https://creativecommons.org/licenses/by/4.0/),The Database of British and Irish Hills v18.5; https://www.hill-bagging.co.uk/dobih,Wales,52.454926,-3.247324,457,45,source_backed,pending,,pending,,pending,not_imported,warning,duplicate_name
14918,Bryn Gwyn,,,31B,31B: Welshpool to Hay-on-Wye,,,WM03 Pegwn-beacon,Powys,4,136,214E,455.7,1495,SO050877,SO 05047 87796,36,SO048871,420,ground 12m N of masts,highest accessible ground may be by fence corner at SO 05037 87780,,,W,,27-Feb-21,,"https://www.streetmap.co.uk/map?X=305045&Y=287791&SV=305045,287791&A=Y&Z=115","https://www.google.com/maps/search/?api=1&query=52.479772,-3.399595",https://www.hill-bagging.co.uk/hill-view/?qu=S&rf=14918,305045,287791,52.479772,-3.399595,SO0504587791,31.2,2182,Pegwn Mawr,,0,0,0,0,1,0,0,0,0,0,0,0,0,0,0,0,0,0,0,1,0,0,0,0,0,0,0,0,0,0,0,0,0,0,0,0,0,0,0,0,0,0,0,0,0,0,0,0,0,0,0,0,0,0,0,0,0,0,0,0,0,0,0,0,0,dobih:14918,DoBIH,18.5,https://www.hill-bagging.co.uk/dobih-downloads/hillcsv.zip,DoBIH_v18_5.csv,13396947,0c39e13ac59dd3fa172ac21dd56dd0f6fef19a14af47c7a5a444cce691e9f021,d27bc69dbb6d30a6f171ef277408831fe8763fc9043422f4e375e63f4cc190ea,2026-08-25T14:26:29+00:00,Creative Commons Attribution 4.0 International (CC BY 4.0) (https://creativecommons.org/licenses/by/4.0/),The Database of British and Irish Hills v18.5; https://www.hill-bagging.co.uk/dobih,Wales,52.479772,-3.399595,455.7,36,source_backed,pending,,pending,,pending,not_imported,warning,duplicate_name
14924,Yr Allt,,,31A,31A: Aberystwyth to Welshpool,,,WM01 Carneddwen-golfa,Powys,4,136,215E,456,1496,SN982988,SN 98239 98873,38,SN993990,418,grassy hummock,,,,W,,08-Apr-14,Relocated from SN981986 April 2014,"https://www.streetmap.co.uk/map?X=298237&Y=298869&SV=298237,298869&A=Y&Z=115","https://www.google.com/maps/search/?api=1&query=52.578093,-3.5032",https://www.hill-bagging.co.uk/hill-view/?qu=S&rf=14924,298237,298869,52.578093,-3.5032,SN9823798869,31.1,2171,Garreg-hir,,0,0,0,0,1,0,0,0,0,0,0,0,0,0,0,0,0,0,0,1,0,0,0,0,0,0,0,0,0,0,0,0,0,0,0,0,0,0,0,0,0,0,0,0,0,0,0,0,0,0,0,0,0,0,0,0,0,0,0,0,0,0,0,0,0,dobih:14924,DoBIH,18.5,https://www.hill-bagging.co.uk/dobih-downloads/hillcsv.zip,DoBIH_v18_5.csv,13396947,0c39e13ac59dd3fa172ac21dd56dd0f6fef19a14af47c7a5a444cce691e9f021,d27bc69dbb6d30a6f171ef277408831fe8763fc9043422f4e375e63f4cc190ea,2026-08-25T14:26:29+00:00,Creative Commons Attribution 4.0 International (CC BY 4.0) (https://creativecommons.org/licenses/by/4.0/),The Database of British and Irish Hills v18.5; https://www.hill-bagging.co.uk/dobih,Wales,52.578093,-3.5032,456,38,source_backed,pending,,pending,,pending,not_imported,warning,duplicate_name
14934,Gamallt,,,31A,31A: Aberystwyth to Welshpool,,,WM02 Pumlumon-amlwg,Powys,4,135 136,214W 215W,450.7,1479,SN895925,SN 89555 92562,35.8,SN 8952 9286,414.9,no feature: grass,,Trimble GeoXH 6000,,W,,04-Oct-14,,"https://www.streetmap.co.uk/map?X=289552&Y=292558&SV=289552,292558&A=Y&Z=115","https://www.google.com/maps/search/?api=1&query=52.519684,-3.629200",https://www.hill-bagging.co.uk/hill-view/?qu=S&rf=14934,289552,292558,52.519684,-3.6292,SN8955292558,31.1,2170,Bryn Amlwg,,0,0,0,0,1,0,0,0,0,0,0,0,0,0,0,0,0,0,0,1,0,0,0,0,0,0,0,0,0,0,0,0,0,0,0,0,0,0,0,0,0,0,0,0,0,0,0,0,0,0,0,0,0,0,0,0,0,0,0,0,0,0,0,0,0,dobih:14934,DoBIH,18.5,https://www.hill-bagging.co.uk/dobih-downloads/hillcsv.zip,DoBIH_v18_5.csv,13396947,0c39e13ac59dd3fa172ac21dd56dd0f6fef19a14af47c7a5a444cce691e9f021,d27bc69dbb6d30a6f171ef277408831fe8763fc9043422f4e375e63f4cc190ea,2026-08-25T14:26:29+00:00,Creative Commons Attribution 4.0 International (CC BY 4.0) (https://creativecommons.org/licenses/by/4.0/),The Database of British and Irish Hills v18.5; https://www.hill-bagging.co.uk/dobih,Wales,52.519684,-3.6292,450.7,35.8,source_backed,pending,,pending,,pending,not_imported,warning,duplicate_name
14938,Castle Hill,,,31B,31B: Welshpool to Hay-on-Wye,,,WM04 Greatrhos-hergest,Powys,4,148,201S,449,1473,SO205586,SO 20551 58638,43,SO196581,406,no feature: grass,,obvious summit,,W,,25-Jan-24,,"https://www.streetmap.co.uk/map?X=320549&Y=258633&SV=320549,258633&A=Y&Z=115","https://www.google.com/maps/search/?api=1&query=52.220167,-3.164452",https://www.hill-bagging.co.uk/hill-view/?qu=S&rf=14938,320549,258633,52.220167,-3.164452,SO2054958633,31.2,2184,Gwaunceste Hill,,0,0,0,0,1,0,0,0,0,0,0,0,0,0,0,0,0,0,0,1,0,0,0,0,0,0,0,0,0,0,0,0,0,0,0,0,0,0,0,0,0,0,0,0,0,0,0,0,0,0,0,0,0,0,0,0,0,0,0,0,0,0,0,0,0,dobih:14938,DoBIH,18.5,https://www.hill-bagging.co.uk/dobih-downloads/hillcsv.zip,DoBIH_v18_5.csv,13396947,0c39e13ac59dd3fa172ac21dd56dd0f6fef19a14af47c7a5a444cce691e9f021,d27bc69dbb6d30a6f171ef277408831fe8763fc9043422f4e375e63f4cc190ea,2026-08-25T14:26:29+00:00,Creative Commons Attribution 4.0 International (CC BY 4.0) (https://creativecommons.org/licenses/by/4.0/),The Database of British and Irish Hills v18.5; https://www.hill-bagging.co.uk/dobih,Wales,52.220167,-3.164452,449,43,source_backed,pending,,pending,,pending,not_imported,warning,duplicate_name
14941,Allt y Ddinas,,,31C,31C: South-West Wales,,,WM05 Drygarn-epynt,Powys,4,147,200W,448.5,1471,SN928567,SN 92834 56740,34.3,SN 9283 5703,414.2,no feature: grass,,obvious summit/Trimble GeoXH 6000,,W,,12-Sep-15,,"https://www.streetmap.co.uk/map?X=292831&Y=256735&SV=292831,256735&A=Y&Z=115","https://www.google.com/maps/search/?api=1&query=52.19841,-3.569444",https://www.hill-bagging.co.uk/hill-view/?qu=S&rf=14941,292831,256735,52.19841,-3.569444,SN9283156735,31.3,2203,Drygarn Fawr,,0,0,0,0,1,0,0,0,0,0,0,0,0,0,0,0,0,0,0,1,0,0,0,0,0,0,0,0,0,0,0,0,0,0,0,0,0,0,0,0,0,0,0,0,0,0,0,0,0,0,0,0,0,0,0,0,0,0,0,0,0,0,0,0,0,dobih:14941,DoBIH,18.5,https://www.hill-bagging.co.uk/dobih-downloads/hillcsv.zip,DoBIH_v18_5.csv,13396947,0c39e13ac59dd3fa172ac21dd56dd0f6fef19a14af47c7a5a444cce691e9f021,d27bc69dbb6d30a6f171ef277408831fe8763fc9043422f4e375e63f4cc190ea,2026-08-25T14:26:29+00:00,Creative Commons Attribution 4.0 International (CC BY 4.0) (https://creativecommons.org/licenses/by/4.0/),The Database of British and Irish Hills v18.5; https://www.hill-bagging.co.uk/dobih,Wales,52.19841,-3.569444,448.5,34.3,source_backed,pending,,pending,,pending,not_imported,warning,duplicate_name
14946,Bryn Mawr,,,31C,31C: South-West Wales,,,WM05 Drygarn-epynt,Powys,4,147,187N 200W,446,1463,SN880535,SN 88080 53585,35,SN877533,411,no feature,,,,W,,20-Jan-12,,"https://www.streetmap.co.uk/map?X=288077&Y=253580&SV=288077,253580&A=Y&Z=115","https://www.google.com/maps/search/?api=1&query=52.169111,-3.63793",https://www.hill-bagging.co.uk/hill-view/?qu=S&rf=14946,288077,253580,52.169111,-3.63793,SN8807753580,31.3,2209,Pen y Garn-goch,,0,0,0,0,1,0,0,0,0,0,0,0,0,0,0,0,0,0,0,1,0,0,0,0,0,0,0,0,0,0,0,0,0,0,0,0,0,0,0,0,0,0,0,0,0,0,0,0,0,0,0,0,0,0,0,0,0,0,0,0,0,0,0,0,0,dobih:14946,DoBIH,18.5,https://www.hill-bagging.co.uk/dobih-downloads/hillcsv.zip,DoBIH_v18_5.csv,13396947,0c39e13ac59dd3fa172ac21dd56dd0f6fef19a14af47c7a5a444cce691e9f021,d27bc69dbb6d30a6f171ef277408831fe8763fc9043422f4e375e63f4cc190ea,2026-08-25T14:26:29+00:00,Creative Commons Attribution 4.0 International (CC BY 4.0) (https://creativecommons.org/licenses/by/4.0/),The Database of British and Irish Hills v18.5; https://www.hill-bagging.co.uk/dobih,Wales,52.169111,-3.63793,446,35,source_backed,pending,,pending,,pending,not_imported,warning,duplicate_name
14951,Bryn Gwyn,,,31A,31A: Aberystwyth to Welshpool,Central Wales - Pumlumon,,WM02 Pumlumon-amlwg,Cardiganshire [Ceredigion],4,135,213,447.6,1469,SN748861,SN 74872 86170,35.4,SN 7416 8585,412.2,no feature,ground 170m WNW at SN 74723 86254 is 4m lower,,,W,,05-Feb-23,,"https://www.streetmap.co.uk/map?X=274869&Y=286165&SV=274869,286165&A=Y&Z=115","https://www.google.com/maps/search/?api=1&query=52.459073,-3.843083",https://www.hill-bagging.co.uk/hill-view/?qu=S&rf=14951,274869,286165,52.459073,-3.843083,SN7486986165,31.1,2169,Disgwylfa Fawr,,0,0,0,0,1,0,0,0,0,0,0,0,0,0,0,0,0,0,0,1,0,0,0,0,0,0,0,0,0,0,0,0,0,0,0,0,0,0,0,0,0,0,0,0,0,0,0,0,0,0,0,0,0,0,0,0,0,0,0,0,0,0,0,0,0,dobih:14951,DoBIH,18.5,https://www.hill-bagging.co.uk/dobih-downloads/hillcsv.zip,DoBIH_v18_5.csv,13396947,0c39e13ac59dd3fa172ac21dd56dd0f6fef19a14af47c7a5a444cce691e9f021,d27bc69dbb6d30a6f171ef277408831fe8763fc9043422f4e375e63f4cc190ea,2026-08-25T14:26:29+00:00,Creative Commons Attribution 4.0 International (CC BY 4.0) (https://creativecommons.org/licenses/by/4.0/),The Database of British and Irish Hills v18.5; https://www.hill-bagging.co.uk/dobih,Wales,52.459073,-3.843083,447.6,35.4,source_backed,pending,,pending,,pending,not_imported,warning,duplicate_name
14952,Cefn Bach,,,31C,31C: South-West Wales,,,WM05 Drygarn-epynt,Carmarthenshire [Sir Gaerfyrddin],4,146 147 160,187S,442,1450,SN705417,,55,SN710428,387,,,,,W,,25-Jan-24,,"https://www.streetmap.co.uk/map?X=270500&Y=241700&SV=270500,241700&A=Y&Z=115","https://www.google.com/maps/search/?api=1&query=52.058511,-3.890283",https://www.hill-bagging.co.uk/hill-view/?qu=S&rf=14952,270500,241700,52.058511,-3.890283,SN7050041700,31.3,2211,Mynydd Mallaen,,0,0,0,0,1,0,0,0,0,0,0,0,0,0,0,0,0,0,0,1,0,0,0,0,0,0,0,0,0,0,0,0,0,0,0,0,0,0,0,0,0,0,0,0,0,0,0,0,0,0,0,0,0,0,0,0,0,0,0,0,0,0,0,0,0,dobih:14952,DoBIH,18.5,https://www.hill-bagging.co.uk/dobih-downloads/hillcsv.zip,DoBIH_v18_5.csv,13396947,0c39e13ac59dd3fa172ac21dd56dd0f6fef19a14af47c7a5a444cce691e9f021,d27bc69dbb6d30a6f171ef277408831fe8763fc9043422f4e375e63f4cc190ea,2026-08-25T14:26:29+00:00,Creative Commons Attribution 4.0 International (CC BY 4.0) (https://creativecommons.org/licenses/by/4.0/),The Database of British and Irish Hills v18.5; https://www.hill-bagging.co.uk/dobih,Wales,52.058511,-3.890283,442,55,source_backed,pending,,pending,,pending,not_imported,warning,duplicate_name
14957,Lan Fawr,,,31C,31C: South-West Wales,,,WM05 Drygarn-epynt,Powys,4,147,187N 200W,440,1444,SN888545,SN 88894 54512,31,SN884548,409,hummock with tree stump,,,,W,,16-Feb-16,,"https://www.streetmap.co.uk/map?X=288891&Y=254507&SV=288891,254507&A=Y&Z=115","https://www.google.com/maps/search/?api=1&query=52.177606,-3.626337",https://www.hill-bagging.co.uk/hill-view/?qu=S&rf=14957,288891,254507,52.177606,-3.626337,SN8889154507,31.3,2203,Drygarn Fawr,,0,0,0,0,1,0,0,0,0,0,0,0,0,0,0,0,0,0,0,1,0,0,0,0,0,0,0,0,0,0,0,0,0,0,0,0,0,0,0,0,0,0,0,0,0,0,0,0,0,0,0,0,0,0,0,0,0,0,0,0,0,0,0,0,0,dobih:14957,DoBIH,18.5,https://www.hill-bagging.co.uk/dobih-downloads/hillcsv.zip,DoBIH_v18_5.csv,13396947,0c39e13ac59dd3fa172ac21dd56dd0f6fef19a14af47c7a5a444cce691e9f021,d27bc69dbb6d30a6f171ef277408831fe8763fc9043422f4e375e63f4cc190ea,2026-08-25T14:26:29+00:00,Creative Commons Attribution 4.0 International (CC BY 4.0) (https://creativecommons.org/licenses/by/4.0/),The Database of British and Irish Hills v18.5; https://www.hill-bagging.co.uk/dobih,Wales,52.177606,-3.626337,440,31,source_backed,pending,,pending,,pending,not_imported,warning,duplicate_name
14965,Wennallt,,,31B,31B: Welshpool to Hay-on-Wye,,,WM03 Pegwn-beacon,Powys,4,136 147,214W,435,1427,SN968784,SN 96853 78459,41,SN953787,394,no feature,,,,W,,25-Jan-24,,"https://www.streetmap.co.uk/map?X=296850&Y=278454&SV=296850,278454&A=Y&Z=115","https://www.google.com/maps/search/?api=1&query=52.394372,-3.517319",https://www.hill-bagging.co.uk/hill-view/?qu=S&rf=14965,296850,278454,52.394372,-3.517319,SN9685078454,31.2,2188,Garreg Lwyd,,0,0,0,0,1,0,0,0,0,0,0,0,0,0,0,0,0,0,0,1,0,0,0,0,0,0,0,0,0,0,0,0,0,0,0,0,0,0,0,0,0,0,0,0,0,0,0,0,0,0,0,0,0,0,0,0,0,0,0,0,0,0,0,0,0,dobih:14965,DoBIH,18.5,https://www.hill-bagging.co.uk/dobih-downloads/hillcsv.zip,DoBIH_v18_5.csv,13396947,0c39e13ac59dd3fa172ac21dd56dd0f6fef19a14af47c7a5a444cce691e9f021,d27bc69dbb6d30a6f171ef277408831fe8763fc9043422f4e375e63f4cc190ea,2026-08-25T14:26:29+00:00,Creative Commons Attribution 4.0 International (CC BY 4.0) (https://creativecommons.org/licenses/by/4.0/),The Database of British and Irish Hills v18.5; https://www.hill-bagging.co.uk/dobih,Wales,52.394372,-3.517319,435,41,source_backed,pending,,pending,,pending,not_imported,warning,duplicate_name
14968,Y Glog,,,31C,31C: South-West Wales,,,WM05 Drygarn-epynt,Cardiganshire [Ceredigion],4,146 147,187N,434,1424,SN727575,SN 72716 57529,30,SN724573,404,no feature: ground in clearing,clearing has been created from recent felling (2016),,,W,,02-Apr-14,,"https://www.streetmap.co.uk/map?X=272713&Y=257524&SV=272713,257524&A=Y&Z=115","https://www.google.com/maps/search/?api=1&query=52.201219,-3.863944",https://www.hill-bagging.co.uk/hill-view/?qu=S&rf=14968,272713,257524,52.201219,-3.863944,SN7271357524,31.3,2203,Drygarn Fawr,,0,0,0,0,1,0,0,0,0,0,0,0,0,0,0,0,0,0,0,1,0,0,0,0,0,0,0,0,0,0,0,0,0,0,0,0,0,0,0,0,0,0,0,0,0,0,0,0,0,0,0,0,0,0,0,0,0,0,0,0,0,0,0,0,0,dobih:14968,DoBIH,18.5,https://www.hill-bagging.co.uk/dobih-downloads/hillcsv.zip,DoBIH_v18_5.csv,13396947,0c39e13ac59dd3fa172ac21dd56dd0f6fef19a14af47c7a5a444cce691e9f021,d27bc69dbb6d30a6f171ef277408831fe8763fc9043422f4e375e63f4cc190ea,2026-08-25T14:26:29+00:00,Creative Commons Attribution 4.0 International (CC BY 4.0) (https://creativecommons.org/licenses/by/4.0/),The Database of British and Irish Hills v18.5; https://www.hill-bagging.co.uk/dobih,Wales,52.201219,-3.863944,434,30,source_backed,pending,,pending,,pending,not_imported,warning,duplicate_name
14972,Yr Allt,,,31B,31B: Welshpool to Hay-on-Wye,,,WM04 Greatrhos-hergest,Powys,4,148,188 200E,429,1407,SO193525,SO 19347 52517,50,SO196529,379,no feature,,,,W,,25-Jan-24,,"https://www.streetmap.co.uk/map?X=319345&Y=252512&SV=319345,252512&A=Y&Z=115","https://www.google.com/maps/search/?api=1&query=52.164972,-3.180614",https://www.hill-bagging.co.uk/hill-view/?qu=S&rf=14972,319345,252512,52.164972,-3.180614,SO1934552512,31.2,2184,Gwaunceste Hill,,0,0,0,0,1,0,0,0,0,0,0,0,0,0,0,0,0,0,0,1,0,0,0,0,0,0,0,0,0,0,0,0,0,0,0,0,0,0,0,0,0,0,0,0,0,0,0,0,0,0,0,0,0,0,0,0,0,0,0,0,0,0,0,0,0,dobih:14972,DoBIH,18.5,https://www.hill-bagging.co.uk/dobih-downloads/hillcsv.zip,DoBIH_v18_5.csv,13396947,0c39e13ac59dd3fa172ac21dd56dd0f6fef19a14af47c7a5a444cce691e9f021,d27bc69dbb6d30a6f171ef277408831fe8763fc9043422f4e375e63f4cc190ea,2026-08-25T14:26:29+00:00,Creative Commons Attribution 4.0 International (CC BY 4.0) (https://creativecommons.org/licenses/by/4.0/),The Database of British and Irish Hills v18.5; https://www.hill-bagging.co.uk/dobih,Wales,52.164972,-3.180614,429,50,source_backed,pending,,pending,,pending,not_imported,warning,duplicate_name
14978,Lan Fawr,,,31B,31B: Welshpool to Hay-on-Wye,,,EC02 Clee-corndon,Powys,4,137,216,426.1,1398,SO297967,SO 29714 96765,33.6,SO 2996 9677,392.5,no feature,,obvious summit/Trimble GeoXH 6000,,W,,03-Sep-15,,"https://www.streetmap.co.uk/map?X=329712&Y=296761&SV=329712,296761&A=Y&Z=115","https://www.google.com/maps/search/?api=1&query=52.56413,-3.038356",https://www.hill-bagging.co.uk/hill-view/?qu=S&rf=14978,329712,296761,52.56413,-3.038356,SO2971296761,31.2,2187,Corndon Hill,,0,0,0,0,1,0,0,0,0,0,0,0,0,0,0,0,0,0,0,1,0,0,0,0,0,0,0,0,0,0,0,0,0,0,0,0,0,0,0,0,0,0,0,0,0,0,0,0,0,0,0,0,0,0,0,0,0,0,0,0,0,0,0,0,0,dobih:14978,DoBIH,18.5,https://www.hill-bagging.co.uk/dobih-downloads/hillcsv.zip,DoBIH_v18_5.csv,13396947,0c39e13ac59dd3fa172ac21dd56dd0f6fef19a14af47c7a5a444cce691e9f021,d27bc69dbb6d30a6f171ef277408831fe8763fc9043422f4e375e63f4cc190ea,2026-08-25T14:26:29+00:00,Creative Commons Attribution 4.0 International (CC BY 4.0) (https://creativecommons.org/licenses/by/4.0/),The Database of British and Irish Hills v18.5; https://www.hill-bagging.co.uk/dobih,Wales,52.56413,-3.038356,426.1,33.6,source_backed,pending,,pending,,pending,not_imported,warning,duplicate_name;england_wales_border_source_signal
14988,Foel Fawr,,,31A,31A: Aberystwyth to Welshpool,,,WM02 Pumlumon-amlwg,Powys,4,136,214W 215W,422.9,1387,SN900904,SN 90033 90421,44.1,SN 9011 9140,378.7,small rock outcrop,,obvious summit/Trimble GeoXH 6000,,W,,04-Oct-14,,"https://www.streetmap.co.uk/map?X=290030&Y=290417&SV=290030,290417&A=Y&Z=115","https://www.google.com/maps/search/?api=1&query=52.500541,-3.62145",https://www.hill-bagging.co.uk/hill-view/?qu=S&rf=14988,290030,290417,52.500541,-3.62145,SN9003090417,31.1,2170,Bryn Amlwg,,0,0,0,0,1,0,0,0,0,0,0,0,0,0,0,0,0,0,0,1,0,0,0,0,0,0,0,0,0,0,0,0,0,0,0,0,0,0,0,0,0,0,0,0,0,0,0,0,0,0,0,0,0,0,0,0,0,0,0,0,0,0,0,0,0,dobih:14988,DoBIH,18.5,https://www.hill-bagging.co.uk/dobih-downloads/hillcsv.zip,DoBIH_v18_5.csv,13396947,0c39e13ac59dd3fa172ac21dd56dd0f6fef19a14af47c7a5a444cce691e9f021,d27bc69dbb6d30a6f171ef277408831fe8763fc9043422f4e375e63f4cc190ea,2026-08-25T14:26:29+00:00,Creative Commons Attribution 4.0 International (CC BY 4.0) (https://creativecommons.org/licenses/by/4.0/),The Database of British and Irish Hills v18.5; https://www.hill-bagging.co.uk/dobih,Wales,52.500541,-3.62145,422.9,44.1,source_backed,pending,,pending,,pending,not_imported,warning,duplicate_name
14997,Esgair Fraith,,,31C,31C: South-West Wales,,,WM05 Drygarn-epynt,Carmarthenshire [Sir Gaerfyrddin],Un,146,199,416.2,1365,SN650483,SN 65079 48403,29.7,SN 6551 4839,386.5,not recorded,cairn at SN 64814 48230 is 1m lower,,,W,,31-Mar-20,Tump deleted Feb 2014,"https://www.streetmap.co.uk/map?X=265076&Y=248398&SV=265076,248398&A=Y&Z=115","https://www.google.com/maps/search/?api=1&query=52.117401,-3.971996",https://www.hill-bagging.co.uk/hill-view/?qu=S&rf=14997,265076,248398,52.117401,-3.971996,SN6507648398,31.3,2203,Drygarn Fawr,,0,0,0,0,0,0,0,0,0,0,0,0,0,0,0,0,0,0,0,0,0,0,0,0,0,0,0,0,0,0,0,0,0,0,0,0,0,0,0,0,0,0,0,0,0,0,0,0,0,0,0,0,0,0,0,0,0,0,0,0,0,0,0,0,1,dobih:14997,DoBIH,18.5,https://www.hill-bagging.co.uk/dobih-downloads/hillcsv.zip,DoBIH_v18_5.csv,13396947,0c39e13ac59dd3fa172ac21dd56dd0f6fef19a14af47c7a5a444cce691e9f021,d27bc69dbb6d30a6f171ef277408831fe8763fc9043422f4e375e63f4cc190ea,2026-08-25T14:26:29+00:00,Creative Commons Attribution 4.0 International (CC BY 4.0) (https://creativecommons.org/licenses/by/4.0/),The Database of British and Irish Hills v18.5; https://www.hill-bagging.co.uk/dobih,Wales,52.117401,-3.971996,416.2,29.7,source_backed,pending,,pending,,pending,not_imported,warning,duplicate_name
15002,Esgair Fawr,,,31C,31C: South-West Wales,,,WM05 Drygarn-epynt,Carmarthenshire [Sir Gaerfyrddin],4,146,187S 199,412.4,1353,SN681482,SN 68196 48255,50.5,SN 6830 4784,361.9,ground by fence,,,,W,,23-Feb-25,,"https://www.streetmap.co.uk/map?X=268193&Y=248250&SV=268193,248250&A=Y&Z=115","https://www.google.com/maps/search/?api=1&query=52.116824,-3.926442",https://www.hill-bagging.co.uk/hill-view/?qu=S&rf=15002,268193,248250,52.116824,-3.926442,SN6819348250,31.3,2203,Drygarn Fawr,,0,0,0,0,1,0,0,0,0,0,0,0,0,0,0,0,0,0,0,1,0,0,0,0,0,0,0,0,0,0,0,0,0,0,0,0,0,0,0,0,0,0,0,0,0,0,0,0,0,0,0,0,0,0,0,0,0,0,0,0,0,0,0,0,0,dobih:15002,DoBIH,18.5,https://www.hill-bagging.co.uk/dobih-downloads/hillcsv.zip,DoBIH_v18_5.csv,13396947,0c39e13ac59dd3fa172ac21dd56dd0f6fef19a14af47c7a5a444cce691e9f021,d27bc69dbb6d30a6f171ef277408831fe8763fc9043422f4e375e63f4cc190ea,2026-08-25T14:26:29+00:00,Creative Commons Attribution 4.0 International (CC BY 4.0) (https://creativecommons.org/licenses/by/4.0/),The Database of British and Irish Hills v18.5; https://www.hill-bagging.co.uk/dobih,Wales,52.116824,-3.926442,412.4,50.5,source_backed,pending,,pending,,pending,not_imported,warning,duplicate_name
15016,Bryn y Fedwen,,,31A,31A: Aberystwyth to Welshpool,,,WM02 Pumlumon-amlwg,Powys,4,135 136,215W,405,1329,SN851972,SN 85173 97219,32,SN850975,373,rock outcrop,,obvious summit,,W,,22-Jun-14,,"https://www.streetmap.co.uk/map?X=285170&Y=297215&SV=285170,297215&A=Y&Z=115","https://www.google.com/maps/search/?api=1&query=52.560626,-3.695364",https://www.hill-bagging.co.uk/hill-view/?qu=S&rf=15016,285170,297215,52.560626,-3.695364,SN8517097215,31.1,2161,Pumlumon Fawr [Plynlimon],,0,0,0,0,1,0,0,0,0,0,0,0,0,0,0,0,0,0,0,1,0,0,0,0,0,0,0,0,0,0,0,0,0,0,0,0,0,0,0,0,0,0,0,0,0,0,0,0,0,0,0,0,0,0,0,0,0,0,0,0,0,0,0,0,0,dobih:15016,DoBIH,18.5,https://www.hill-bagging.co.uk/dobih-downloads/hillcsv.zip,DoBIH_v18_5.csv,13396947,0c39e13ac59dd3fa172ac21dd56dd0f6fef19a14af47c7a5a444cce691e9f021,d27bc69dbb6d30a6f171ef277408831fe8763fc9043422f4e375e63f4cc190ea,2026-08-25T14:26:29+00:00,Creative Commons Attribution 4.0 International (CC BY 4.0) (https://creativecommons.org/licenses/by/4.0/),The Database of British and Irish Hills v18.5; https://www.hill-bagging.co.uk/dobih,Wales,52.560626,-3.695364,405,32,source_backed,pending,,pending,,pending,not_imported,warning,duplicate_name
15018,Black Hill,,,31B,31B: Welshpool to Hay-on-Wye,,,WM03 Pegwn-beacon,Powys,4,137 148,201N,404.4,1327,SO247693,SO 24783 69308,50,SO252708,354,no feature: grass SW corner of compound,natural ground around circular reservoir cap is of similar height,,,W,,05-Feb-23,,"https://www.streetmap.co.uk/map?X=324781&Y=269303&SV=324781,269303&A=Y&Z=115","https://www.google.com/maps/search/?api=1&query=52.316672,-3.104896",https://www.hill-bagging.co.uk/hill-view/?qu=S&rf=15018,324781,269303,52.316672,-3.104896,SO2478169303,31.2,2183,Beacon Hill,,0,0,0,0,1,0,0,0,0,0,0,0,0,0,0,0,0,0,0,1,0,0,0,0,0,0,0,0,0,0,0,0,0,0,0,0,0,0,0,0,0,0,0,0,0,0,0,0,0,0,0,0,0,0,0,0,0,0,0,0,0,0,0,0,0,dobih:15018,DoBIH,18.5,https://www.hill-bagging.co.uk/dobih-downloads/hillcsv.zip,DoBIH_v18_5.csv,13396947,0c39e13ac59dd3fa172ac21dd56dd0f6fef19a14af47c7a5a444cce691e9f021,d27bc69dbb6d30a6f171ef277408831fe8763fc9043422f4e375e63f4cc190ea,2026-08-25T14:26:29+00:00,Creative Commons Attribution 4.0 International (CC BY 4.0) (https://creativecommons.org/licenses/by/4.0/),The Database of British and Irish Hills v18.5; https://www.hill-bagging.co.uk/dobih,Wales,52.316672,-3.104896,404.4,50,source_backed,pending,,pending,,pending,not_imported,warning,duplicate_name
15021,Yr Allt,,,31A,31A: Aberystwyth to Welshpool,,,WM02 Pumlumon-amlwg,Powys,4,136,214W,403,1322,SN908875,SN 90862 87556,52,SN904872,351,no feature,,obvious summit,,W,,20-Jan-12,,"https://www.streetmap.co.uk/map?X=290859&Y=287552&SV=290859,287552&A=Y&Z=115","https://www.google.com/maps/search/?api=1&query=52.474961,-3.608303",https://www.hill-bagging.co.uk/hill-view/?qu=S&rf=15021,290859,287552,52.474961,-3.608303,SN9085987552,31.1,2161,Pumlumon Fawr [Plynlimon],,0,0,0,0,1,0,0,0,0,0,0,0,0,0,0,0,0,0,0,1,0,0,0,0,0,0,0,0,0,0,0,0,0,0,0,0,0,0,0,0,0,0,0,0,0,0,0,0,0,0,0,0,0,0,0,0,0,0,0,0,0,0,0,0,0,dobih:15021,DoBIH,18.5,https://www.hill-bagging.co.uk/dobih-downloads/hillcsv.zip,DoBIH_v18_5.csv,13396947,0c39e13ac59dd3fa172ac21dd56dd0f6fef19a14af47c7a5a444cce691e9f021,d27bc69dbb6d30a6f171ef277408831fe8763fc9043422f4e375e63f4cc190ea,2026-08-25T14:26:29+00:00,Creative Commons Attribution 4.0 International (CC BY 4.0) (https://creativecommons.org/licenses/by/4.0/),The Database of British and Irish Hills v18.5; https://www.hill-bagging.co.uk/dobih,Wales,52.474961,-3.608303,403,52,source_backed,pending,,pending,,pending,not_imported,warning,duplicate_name
15023,Disgwylfa,,,31A,31A: Aberystwyth to Welshpool,,,WM01 Carneddwen-golfa,Powys,4,125,215E 239,403,1322,SJ033074,SJ 03376 07474,45,SJ028075,358,rock outcrop,hummock at SJ 03331 07444 may be as high,,,W,,21-Mar-15,,"https://www.streetmap.co.uk/map?X=303374&Y=307470&SV=303374,307470&A=Y&Z=115","https://www.google.com/maps/search/?api=1&query=52.656329,-3.429933",https://www.hill-bagging.co.uk/hill-view/?qu=S&rf=15023,303374,307470,52.656329,-3.429933,SJ0337407470,31.1,2171,Garreg-hir,,0,0,0,0,1,0,0,0,0,0,0,0,0,0,0,0,0,0,0,1,0,0,0,0,0,0,0,0,0,0,0,0,0,0,0,0,0,0,0,0,0,0,0,0,0,0,0,0,0,0,0,0,0,0,0,0,0,0,0,0,0,0,0,0,0,dobih:15023,DoBIH,18.5,https://www.hill-bagging.co.uk/dobih-downloads/hillcsv.zip,DoBIH_v18_5.csv,13396947,0c39e13ac59dd3fa172ac21dd56dd0f6fef19a14af47c7a5a444cce691e9f021,d27bc69dbb6d30a6f171ef277408831fe8763fc9043422f4e375e63f4cc190ea,2026-08-25T14:26:29+00:00,Creative Commons Attribution 4.0 International (CC BY 4.0) (https://creativecommons.org/licenses/by/4.0/),The Database of British and Irish Hills v18.5; https://www.hill-bagging.co.uk/dobih,Wales,52.656329,-3.429933,403,45,source_backed,pending,,pending,,pending,not_imported,warning,duplicate_name
15039,Penllyn,,,31A,31A: Aberystwyth to Welshpool,,,WM02 Pumlumon-amlwg,Powys,3,136,214W,393,1289,SN929813,SN 92963 81337,66,SN919805,327,no feature: pasture,,,,W,,05-Mar-14,,"https://www.streetmap.co.uk/map?X=292960&Y=281333&SV=292960,281333&A=Y&Z=115","https://www.google.com/maps/search/?api=1&query=52.419489,-3.575386",https://www.hill-bagging.co.uk/hill-view/?qu=S&rf=15039,292960,281333,52.419489,-3.575386,SN9296081333,31.1,2161,Pumlumon Fawr [Plynlimon],,0,0,0,0,1,0,0,0,0,0,0,0,0,0,0,0,0,0,0,0,1,0,0,0,0,0,0,0,0,0,0,0,0,0,0,0,0,0,0,0,0,0,0,0,0,0,0,0,0,0,0,0,0,0,0,0,0,0,0,0,0,0,0,0,0,dobih:15039,DoBIH,18.5,https://www.hill-bagging.co.uk/dobih-downloads/hillcsv.zip,DoBIH_v18_5.csv,13396947,0c39e13ac59dd3fa172ac21dd56dd0f6fef19a14af47c7a5a444cce691e9f021,d27bc69dbb6d30a6f171ef277408831fe8763fc9043422f4e375e63f4cc190ea,2026-08-25T14:26:29+00:00,Creative Commons Attribution 4.0 International (CC BY 4.0) (https://creativecommons.org/licenses/by/4.0/),The Database of British and Irish Hills v18.5; https://www.hill-bagging.co.uk/dobih,Wales,52.419489,-3.575386,393,66,source_backed,pending,,pending,,pending,not_imported,warning,duplicate_name
15045,Fforest,,,31A,31A: Aberystwyth to Welshpool,,,WM02 Pumlumon-amlwg,Powys,3,136,214W 215W,391,1283,SN944900,SN 94403 90015,35,SN939891,356,no feature: pasture,,,,W,,08-Nov-20,,"https://www.streetmap.co.uk/map?X=294400&Y=290011&SV=294400,290011&A=Y&Z=115","https://www.google.com/maps/search/?api=1&query=52.497757,-3.556969",https://www.hill-bagging.co.uk/hill-view/?qu=S&rf=15045,294400,290011,52.497757,-3.556969,SN9440090011,31.1,2172,Bryn y Fan,,0,0,0,0,1,0,0,0,0,0,0,0,0,0,0,0,0,0,0,0,1,0,0,0,0,0,0,0,0,0,0,0,0,0,0,0,0,0,0,0,0,0,0,0,0,0,0,0,0,0,0,0,0,0,0,0,0,0,0,0,0,0,0,0,0,dobih:15045,DoBIH,18.5,https://www.hill-bagging.co.uk/dobih-downloads/hillcsv.zip,DoBIH_v18_5.csv,13396947,0c39e13ac59dd3fa172ac21dd56dd0f6fef19a14af47c7a5a444cce691e9f021,d27bc69dbb6d30a6f171ef277408831fe8763fc9043422f4e375e63f4cc190ea,2026-08-25T14:26:29+00:00,Creative Commons Attribution 4.0 International (CC BY 4.0) (https://creativecommons.org/licenses/by/4.0/),The Database of British and Irish Hills v18.5; https://www.hill-bagging.co.uk/dobih,Wales,52.497757,-3.556969,391,35,source_backed,pending,,pending,,pending,not_imported,warning,duplicate_name
15046,Ciliau,,,31C,31C: South-West Wales,,,WM05 Drygarn-epynt,Powys,3,147,200W,390,1280,SN952552,SN 95207 55208,76,SN955558,314,no feature: pasture,,,,W,,05-Mar-14,,"https://www.streetmap.co.uk/map?X=295204&Y=255203&SV=295204,255203&A=Y&Z=115","https://www.google.com/maps/search/?api=1&query=52.185098,-3.534263",https://www.hill-bagging.co.uk/hill-view/?qu=S&rf=15046,295204,255203,52.185098,-3.534263,SN9520455203,31.3,2203,Drygarn Fawr,,0,0,0,0,1,0,0,0,0,0,0,0,0,0,0,0,0,0,0,0,1,0,0,0,0,0,0,0,0,0,0,0,0,0,0,0,0,0,0,0,0,0,0,0,0,0,0,0,0,0,0,0,0,0,0,0,0,0,0,0,0,0,0,0,0,dobih:15046,DoBIH,18.5,https://www.hill-bagging.co.uk/dobih-downloads/hillcsv.zip,DoBIH_v18_5.csv,13396947,0c39e13ac59dd3fa172ac21dd56dd0f6fef19a14af47c7a5a444cce691e9f021,d27bc69dbb6d30a6f171ef277408831fe8763fc9043422f4e375e63f4cc190ea,2026-08-25T14:26:29+00:00,Creative Commons Attribution 4.0 International (CC BY 4.0) (https://creativecommons.org/licenses/by/4.0/),The Database of British and Irish Hills v18.5; https://www.hill-bagging.co.uk/dobih,Wales,52.185098,-3.534263,390,76,source_backed,pending,,pending,,pending,not_imported,warning,duplicate_name
15048,Sugar Loaf,,,31B,31B: Welshpool to Hay-on-Wye,,,WM03 Pegwn-beacon,Powys,3,136 147,200E 214E,388,1273,SO048713,SO 04840 71353,60,SO 0479 7161,327.5,ground in trees,,,,W,,21-Mar-21,,"https://www.streetmap.co.uk/map?X=304838&Y=271348&SV=304838,271348&A=Y&Z=115","https://www.google.com/maps/search/?api=1&query=52.331954,-3.397962",https://www.hill-bagging.co.uk/hill-view/?qu=S&rf=15048,304838,271348,52.331954,-3.397962,SO0483871348,31.2,2182,Pegwn Mawr,,0,0,0,0,1,0,0,0,0,0,0,0,0,0,0,0,0,0,0,0,1,0,0,0,0,0,0,0,0,0,0,0,0,0,0,0,0,0,0,0,0,0,0,0,0,0,0,0,0,0,0,0,0,0,0,0,0,0,0,0,0,0,0,0,0,dobih:15048,DoBIH,18.5,https://www.hill-bagging.co.uk/dobih-downloads/hillcsv.zip,DoBIH_v18_5.csv,13396947,0c39e13ac59dd3fa172ac21dd56dd0f6fef19a14af47c7a5a444cce691e9f021,d27bc69dbb6d30a6f171ef277408831fe8763fc9043422f4e375e63f4cc190ea,2026-08-25T14:26:29+00:00,Creative Commons Attribution 4.0 International (CC BY 4.0) (https://creativecommons.org/licenses/by/4.0/),The Database of British and Irish Hills v18.5; https://www.hill-bagging.co.uk/dobih,Wales,52.331954,-3.397962,388,60,source_backed,pending,,pending,,pending,not_imported,warning,duplicate_name
15051,Trawsnant,,,31C,31C: South-West Wales,,,WM05 Drygarn-epynt,Carmarthenshire [Sir Gaerfyrddin],3,147,187N 187S,388,1273,SN800486,SN 80050 48641,42,SN803486,346,no feature,ground 130m NE at SN 80137 48744 is just lower,Abney level,,W,,25-Jan-24,,"https://www.streetmap.co.uk/map?X=280047&Y=248636&SV=280047,248636&A=Y&Z=115","https://www.google.com/maps/search/?api=1&query=52.122993,-3.753541",https://www.hill-bagging.co.uk/hill-view/?qu=S&rf=15051,280047,248636,52.122993,-3.753541,SN8004748636,31.3,2203,Drygarn Fawr,,0,0,0,0,1,0,0,0,0,0,0,0,0,0,0,0,0,0,0,0,1,0,0,0,0,0,0,0,0,0,0,0,0,0,0,0,0,0,0,0,0,0,0,0,0,0,0,0,0,0,0,0,0,0,0,0,0,0,0,0,0,0,0,0,0,dobih:15051,DoBIH,18.5,https://www.hill-bagging.co.uk/dobih-downloads/hillcsv.zip,DoBIH_v18_5.csv,13396947,0c39e13ac59dd3fa172ac21dd56dd0f6fef19a14af47c7a5a444cce691e9f021,d27bc69dbb6d30a6f171ef277408831fe8763fc9043422f4e375e63f4cc190ea,2026-08-25T14:26:29+00:00,Creative Commons Attribution 4.0 International (CC BY 4.0) (https://creativecommons.org/licenses/by/4.0/),The Database of British and Irish Hills v18.5; https://www.hill-bagging.co.uk/dobih,Wales,52.122993,-3.753541,388,42,source_backed,pending,,pending,,pending,not_imported,warning,duplicate_name
15054,Dinas,,,31A,31A: Aberystwyth to Welshpool,Central Wales - Pumlumon,,WM02 Pumlumon-amlwg,Cardiganshire [Ceredigion],3,135,213,386,1266,SN742833,SN 74251 83353,63,SN744839,323,no feature,,obvious summit,,W,,25-Jan-24,,"https://www.streetmap.co.uk/map?X=274248&Y=283348&SV=274248,283348&A=Y&Z=115","https://www.google.com/maps/search/?api=1&query=52.433618,-3.851156",https://www.hill-bagging.co.uk/hill-view/?qu=S&rf=15054,274248,283348,52.433618,-3.851156,SN7424883348,31.1,2169,Disgwylfa Fawr,,0,0,0,0,1,0,0,0,0,0,0,0,0,0,0,0,0,0,0,0,1,0,0,0,0,0,0,0,0,0,0,0,0,0,0,0,0,0,0,0,0,0,0,0,0,0,0,0,0,0,0,0,0,0,0,0,0,0,0,0,0,0,0,0,0,dobih:15054,DoBIH,18.5,https://www.hill-bagging.co.uk/dobih-downloads/hillcsv.zip,DoBIH_v18_5.csv,13396947,0c39e13ac59dd3fa172ac21dd56dd0f6fef19a14af47c7a5a444cce691e9f021,d27bc69dbb6d30a6f171ef277408831fe8763fc9043422f4e375e63f4cc190ea,2026-08-25T14:26:29+00:00,Creative Commons Attribution 4.0 International (CC BY 4.0) (https://creativecommons.org/licenses/by/4.0/),The Database of British and Irish Hills v18.5; https://www.hill-bagging.co.uk/dobih,Wales,52.433618,-3.851156,386,63,source_backed,pending,,pending,,pending,not_imported,warning,duplicate_name
15060,Castle Bank,,,31B,31B: Welshpool to Hay-on-Wye,,,WM04 Greatrhos-hergest,Powys,3,147,200E,383,1257,SO087561,SO 08759 56185,81,SO083565,302,cairn,,obvious summit,,W,,25-Jan-24,,"https://www.streetmap.co.uk/map?X=308757&Y=256180&SV=308757,256180&A=Y&Z=115","https://www.google.com/maps/search/?api=1&query=52.196290,-3.336360",https://www.hill-bagging.co.uk/hill-view/?qu=S&rf=15060,308757,256180,52.19629,-3.33636,SO0875756180,31.2,2178,Great Rhos,,0,0,0,0,1,0,0,0,0,0,0,0,0,0,0,0,0,0,0,0,1,0,0,0,0,0,0,0,0,0,0,0,0,0,0,0,0,0,0,0,0,0,0,0,0,0,0,0,0,0,0,0,0,0,0,0,0,0,0,0,0,0,0,0,0,dobih:15060,DoBIH,18.5,https://www.hill-bagging.co.uk/dobih-downloads/hillcsv.zip,DoBIH_v18_5.csv,13396947,0c39e13ac59dd3fa172ac21dd56dd0f6fef19a14af47c7a5a444cce691e9f021,d27bc69dbb6d30a6f171ef277408831fe8763fc9043422f4e375e63f4cc190ea,2026-08-25T14:26:29+00:00,Creative Commons Attribution 4.0 International (CC BY 4.0) (https://creativecommons.org/licenses/by/4.0/),The Database of British and Irish Hills v18.5; https://www.hill-bagging.co.uk/dobih,Wales,52.19629,-3.33636,383,81,source_backed,pending,,pending,,pending,not_imported,warning,duplicate_name
15068,Long Mountain North Top,,,31B,31B: Welshpool to Hay-on-Wye,,,EC02 Clee-corndon,Powys,3,126,216,381.6,1252,SJ275084,SJ 27543 08464,38.6,SJ 2782 0795,343,no feature,flat summit area,,,W,,11-Jul-23,,"https://www.streetmap.co.uk/map?X=327541&Y=308460&SV=327541,308460&A=Y&Z=115","https://www.google.com/maps/search/?api=1&query=52.669,-3.072946",https://www.hill-bagging.co.uk/hill-view/?qu=S&rf=15068,327541,308460,52.669,-3.072946,SJ2754108460,31.2,2200,Long Mountain,,0,0,0,0,1,0,0,0,0,0,0,0,0,0,0,0,0,0,0,0,1,0,0,0,0,0,0,0,0,0,0,0,0,0,0,0,0,0,0,0,0,0,0,0,0,0,0,0,0,0,0,0,0,0,0,0,0,0,0,0,0,0,0,0,0,dobih:15068,DoBIH,18.5,https://www.hill-bagging.co.uk/dobih-downloads/hillcsv.zip,DoBIH_v18_5.csv,13396947,0c39e13ac59dd3fa172ac21dd56dd0f6fef19a14af47c7a5a444cce691e9f021,d27bc69dbb6d30a6f171ef277408831fe8763fc9043422f4e375e63f4cc190ea,2026-08-25T14:26:29+00:00,Creative Commons Attribution 4.0 International (CC BY 4.0) (https://creativecommons.org/licenses/by/4.0/),The Database of British and Irish Hills v18.5; https://www.hill-bagging.co.uk/dobih,Wales,52.669,-3.072946,381.6,38.6,source_backed,pending,,pending,,pending,not_imported,warning,england_wales_border_source_signal
15078,Ciliau,,,31C,31C: South-West Wales,,,WM05 Drygarn-epynt,Powys,Un,147,200W,376.1,1234,SN951542,SN 95126 54287,29.8,SN 9489 5472,346.3,no feature: pasture,mound 100m NW at SN 95061 54361 is 0.1m lower,Abney level,,W,,26-Jul-20,Tump deleted July 2020,"https://www.streetmap.co.uk/map?X=295123&Y=254282&SV=295123,254282&A=Y&Z=115","https://www.google.com/maps/search/?api=1&query=52.176805,-3.535162",https://www.hill-bagging.co.uk/hill-view/?qu=S&rf=15078,295123,254282,52.176805,-3.535162,SN9512354282,31.3,2203,Drygarn Fawr,,0,0,0,0,0,0,0,0,0,0,0,0,0,0,0,0,0,0,0,0,0,0,0,0,0,0,0,0,0,0,0,0,0,0,0,0,0,0,0,0,0,0,0,0,0,0,0,0,0,0,0,0,0,0,0,0,0,0,0,0,0,0,0,0,1,dobih:15078,DoBIH,18.5,https://www.hill-bagging.co.uk/dobih-downloads/hillcsv.zip,DoBIH_v18_5.csv,13396947,0c39e13ac59dd3fa172ac21dd56dd0f6fef19a14af47c7a5a444cce691e9f021,d27bc69dbb6d30a6f171ef277408831fe8763fc9043422f4e375e63f4cc190ea,2026-08-25T14:26:29+00:00,Creative Commons Attribution 4.0 International (CC BY 4.0) (https://creativecommons.org/licenses/by/4.0/),The Database of British and Irish Hills v18.5; https://www.hill-bagging.co.uk/dobih,Wales,52.176805,-3.535162,376.1,29.8,source_backed,pending,,pending,,pending,not_imported,warning,duplicate_name
15079,Foel,,,31C,31C: South-West Wales,,,WM05 Drygarn-epynt,Carmarthenshire [Sir Gaerfyrddin],3,146,187S 199,377,1237,SN680459,SN 68012 45933,32,SN681461,345,no feature,,,,W,,21-Mar-14,,"https://www.streetmap.co.uk/map?X=268009&Y=245928&SV=268009,245928&A=Y&Z=115","https://www.google.com/maps/search/?api=1&query=52.095915,-3.928227",https://www.hill-bagging.co.uk/hill-view/?qu=S&rf=15079,268009,245928,52.095915,-3.928227,SN6800945928,31.3,2203,Drygarn Fawr,,0,0,0,0,1,0,0,0,0,0,0,0,0,0,0,0,0,0,0,0,1,0,0,0,0,0,0,0,0,0,0,0,0,0,0,0,0,0,0,0,0,0,0,0,0,0,0,0,0,0,0,0,0,0,0,0,0,0,0,0,0,0,0,0,0,dobih:15079,DoBIH,18.5,https://www.hill-bagging.co.uk/dobih-downloads/hillcsv.zip,DoBIH_v18_5.csv,13396947,0c39e13ac59dd3fa172ac21dd56dd0f6fef19a14af47c7a5a444cce691e9f021,d27bc69dbb6d30a6f171ef277408831fe8763fc9043422f4e375e63f4cc190ea,2026-08-25T14:26:29+00:00,Creative Commons Attribution 4.0 International (CC BY 4.0) (https://creativecommons.org/licenses/by/4.0/),The Database of British and Irish Hills v18.5; https://www.hill-bagging.co.uk/dobih,Wales,52.095915,-3.928227,377,32,source_backed,pending,,pending,,pending,not_imported,warning,duplicate_name
15080,Pen y Ddinas,,,31C,31C: South-West Wales,,,WM05 Drygarn-epynt,Powys,3,147,187N 187S,376,1234,SN859480,SN 85986 48096,84,SN856483,292,tree stump,,,,W,,21-Mar-15,,"https://www.streetmap.co.uk/map?X=285983&Y=248091&SV=285983,248091&A=Y&Z=115","https://www.google.com/maps/search/?api=1&query=52.119353,-3.666692",https://www.hill-bagging.co.uk/hill-view/?qu=S&rf=15080,285983,248091,52.119353,-3.666692,SN8598348091,31.3,2203,Drygarn Fawr,,0,0,0,0,1,0,0,0,0,0,0,0,0,0,0,0,0,0,0,0,1,0,0,0,0,0,0,0,0,0,0,0,0,0,0,0,0,0,0,0,0,0,0,0,0,0,0,0,0,0,0,0,0,0,0,0,0,0,0,0,0,0,0,0,0,dobih:15080,DoBIH,18.5,https://www.hill-bagging.co.uk/dobih-downloads/hillcsv.zip,DoBIH_v18_5.csv,13396947,0c39e13ac59dd3fa172ac21dd56dd0f6fef19a14af47c7a5a444cce691e9f021,d27bc69dbb6d30a6f171ef277408831fe8763fc9043422f4e375e63f4cc190ea,2026-08-25T14:26:29+00:00,Creative Commons Attribution 4.0 International (CC BY 4.0) (https://creativecommons.org/licenses/by/4.0/),The Database of British and Irish Hills v18.5; https://www.hill-bagging.co.uk/dobih,Wales,52.119353,-3.666692,376,84,source_backed,pending,,pending,,pending,not_imported,warning,duplicate_name
15081,Y Foel,,,31C,31C: South-West Wales,,,WM05 Drygarn-epynt,Powys,3,147,187N 187S,376,1234,SN887488,SN 88713 48877,44,SN884492,332,no feature: ground by fence,,,,W,,21-Mar-15,,"https://www.streetmap.co.uk/map?X=288710&Y=248872&SV=288710,248872&A=Y&Z=115","https://www.google.com/maps/search/?api=1&query=52.126928,-3.627135",https://www.hill-bagging.co.uk/hill-view/?qu=S&rf=15081,288710,248872,52.126928,-3.627135,SN8871048872,31.3,2209,Pen y Garn-goch,,0,0,0,0,1,0,0,0,0,0,0,0,0,0,0,0,0,0,0,0,1,0,0,0,0,0,0,0,0,0,0,0,0,0,0,0,0,0,0,0,0,0,0,0,0,0,0,0,0,0,0,0,0,0,0,0,0,0,0,0,0,0,0,0,0,dobih:15081,DoBIH,18.5,https://www.hill-bagging.co.uk/dobih-downloads/hillcsv.zip,DoBIH_v18_5.csv,13396947,0c39e13ac59dd3fa172ac21dd56dd0f6fef19a14af47c7a5a444cce691e9f021,d27bc69dbb6d30a6f171ef277408831fe8763fc9043422f4e375e63f4cc190ea,2026-08-25T14:26:29+00:00,Creative Commons Attribution 4.0 International (CC BY 4.0) (https://creativecommons.org/licenses/by/4.0/),The Database of British and Irish Hills v18.5; https://www.hill-bagging.co.uk/dobih,Wales,52.126928,-3.627135,376,44,source_backed,pending,,pending,,pending,not_imported,warning,duplicate_name
15091,Bryn Bras,,,31A,31A: Aberystwyth to Welshpool,,,WM02 Pumlumon-amlwg,Cardiganshire [Ceredigion],3,135 147,213,372,1220,SN742796,SN 74246 79637,32,SN741795,340,no feature,,obvious summit,,W,,25-Jan-24,,"https://www.streetmap.co.uk/map?X=274243&Y=279632&SV=274243,279632&A=Y&Z=115","https://www.google.com/maps/search/?api=1&query=52.400227,-3.849831",https://www.hill-bagging.co.uk/hill-view/?qu=S&rf=15091,274243,279632,52.400227,-3.849831,SN7424379632,31.1,2169,Disgwylfa Fawr,,0,0,0,0,1,0,0,0,0,0,0,0,0,0,0,0,0,0,0,0,1,0,0,0,0,0,0,0,0,0,0,0,0,0,0,0,0,0,0,0,0,0,0,0,0,0,0,0,0,0,0,0,0,0,0,0,0,0,0,0,0,0,0,0,0,dobih:15091,DoBIH,18.5,https://www.hill-bagging.co.uk/dobih-downloads/hillcsv.zip,DoBIH_v18_5.csv,13396947,0c39e13ac59dd3fa172ac21dd56dd0f6fef19a14af47c7a5a444cce691e9f021,d27bc69dbb6d30a6f171ef277408831fe8763fc9043422f4e375e63f4cc190ea,2026-08-25T14:26:29+00:00,Creative Commons Attribution 4.0 International (CC BY 4.0) (https://creativecommons.org/licenses/by/4.0/),The Database of British and Irish Hills v18.5; https://www.hill-bagging.co.uk/dobih,Wales,52.400227,-3.849831,372,32,source_backed,pending,,pending,,pending,not_imported,warning,duplicate_name
15092,Roundton,,,31B,31B: Welshpool to Hay-on-Wye,,,EC02 Clee-corndon,Powys,3,137,216,371,1217,SO298951,SO 29869 95164,59,SO298958,312,rock,,,,W,,20-Jan-12,,"https://www.streetmap.co.uk/map?X=329867&Y=295159&SV=329867,295159&A=Y&Z=115","https://www.google.com/maps/search/?api=1&query=52.549759,-3.035731",https://www.hill-bagging.co.uk/hill-view/?qu=S&rf=15092,329867,295159,52.549759,-3.035731,SO2986795159,31.2,2187,Corndon Hill,,0,0,0,0,1,0,0,0,0,0,0,0,0,0,0,0,0,0,0,0,1,0,0,0,0,0,0,0,0,0,0,0,0,0,0,0,0,0,0,0,0,0,0,0,0,0,0,0,0,0,0,0,0,0,0,0,0,0,0,0,0,0,0,0,0,dobih:15092,DoBIH,18.5,https://www.hill-bagging.co.uk/dobih-downloads/hillcsv.zip,DoBIH_v18_5.csv,13396947,0c39e13ac59dd3fa172ac21dd56dd0f6fef19a14af47c7a5a444cce691e9f021,d27bc69dbb6d30a6f171ef277408831fe8763fc9043422f4e375e63f4cc190ea,2026-08-25T14:26:29+00:00,Creative Commons Attribution 4.0 International (CC BY 4.0) (https://creativecommons.org/licenses/by/4.0/),The Database of British and Irish Hills v18.5; https://www.hill-bagging.co.uk/dobih,Wales,52.549759,-3.035731,371,59,source_backed,pending,,pending,,pending,not_imported,warning,england_wales_border_source_signal
15097,Roundton West Top,,,31B,31B: Welshpool to Hay-on-Wye,,,EC02 Clee-corndon,Powys,3,137,216,370,1214,SO294949,SO 29412 94958,43,SO295950,327,no feature,,obvious summit,,W,,08-Dec-14,,"https://www.streetmap.co.uk/map?X=329410&Y=294954&SV=329410,294954&A=Y&Z=115","https://www.google.com/maps/search/?api=1&query=52.547849,-3.042426",https://www.hill-bagging.co.uk/hill-view/?qu=S&rf=15097,329410,294954,52.547849,-3.042426,SO2941094954,31.2,2187,Corndon Hill,,0,0,0,0,1,0,0,0,0,0,0,0,0,0,0,0,0,0,0,0,1,0,0,0,0,0,0,0,0,0,0,0,0,0,0,0,0,0,0,0,0,0,0,0,0,0,0,0,0,0,0,0,0,0,0,0,0,0,0,0,0,0,0,0,0,dobih:15097,DoBIH,18.5,https://www.hill-bagging.co.uk/dobih-downloads/hillcsv.zip,DoBIH_v18_5.csv,13396947,0c39e13ac59dd3fa172ac21dd56dd0f6fef19a14af47c7a5a444cce691e9f021,d27bc69dbb6d30a6f171ef277408831fe8763fc9043422f4e375e63f4cc190ea,2026-08-25T14:26:29+00:00,Creative Commons Attribution 4.0 International (CC BY 4.0) (https://creativecommons.org/licenses/by/4.0/),The Database of British and Irish Hills v18.5; https://www.hill-bagging.co.uk/dobih,Wales,52.547849,-3.042426,370,43,source_backed,pending,,pending,,pending,not_imported,warning,england_wales_border_source_signal
15101,Drosgol,,,31A,31A: Aberystwyth to Welshpool,,,WM02 Pumlumon-amlwg,Cardiganshire [Ceredigion],3,135,213,368,1207,SN717885,SN 71770 88551,42,SN716888,326,outcrop,,,,W,,25-Jan-24,,"https://www.streetmap.co.uk/map?X=271767&Y=288547&SV=271767,288547&A=Y&Z=115","https://www.google.com/maps/search/?api=1&query=52.479747,-3.889628",https://www.hill-bagging.co.uk/hill-view/?qu=S&rf=15101,271767,288547,52.479747,-3.889628,SN7176788547,31.1,2166,Banc Llechwedd-mawr,,0,0,0,0,1,0,0,0,0,0,0,0,0,0,0,0,0,0,0,0,1,0,0,0,0,0,0,0,0,0,0,0,0,0,0,0,0,0,0,0,0,0,0,0,0,0,0,0,0,0,0,0,0,0,0,0,0,0,0,0,0,0,0,0,0,dobih:15101,DoBIH,18.5,https://www.hill-bagging.co.uk/dobih-downloads/hillcsv.zip,DoBIH_v18_5.csv,13396947,0c39e13ac59dd3fa172ac21dd56dd0f6fef19a14af47c7a5a444cce691e9f021,d27bc69dbb6d30a6f171ef277408831fe8763fc9043422f4e375e63f4cc190ea,2026-08-25T14:26:29+00:00,Creative Commons Attribution 4.0 International (CC BY 4.0) (https://creativecommons.org/licenses/by/4.0/),The Database of British and Irish Hills v18.5; https://www.hill-bagging.co.uk/dobih,Wales,52.479747,-3.889628,368,42,source_backed,pending,,pending,,pending,not_imported,warning,duplicate_name
15122,Bryn Melyn,,,31C,31C: South-West Wales,,,WM05 Drygarn-epynt,Carmarthenshire [Sir Gaerfyrddin],3,146,186 199,360,1181,SN604447,SN 60453 44801,39,SN615453,321,cairn,,,,W,,08-May-25,,"https://www.streetmap.co.uk/map?X=260450&Y=244796&SV=260450,244796&A=Y&Z=115","https://www.google.com/maps/search/?api=1&query=52.083888,-4.038038",https://www.hill-bagging.co.uk/hill-view/?qu=S&rf=15122,260450,244796,52.083888,-4.038038,SN6045044796,31.3,2203,Drygarn Fawr,,0,0,0,0,1,0,0,0,0,0,0,0,0,0,0,0,0,0,0,0,1,0,0,0,0,0,0,0,0,0,0,0,0,0,0,0,0,0,0,0,0,0,0,0,0,0,0,0,0,0,0,0,0,0,0,0,0,0,0,0,0,0,0,0,0,dobih:15122,DoBIH,18.5,https://www.hill-bagging.co.uk/dobih-downloads/hillcsv.zip,DoBIH_v18_5.csv,13396947,0c39e13ac59dd3fa172ac21dd56dd0f6fef19a14af47c7a5a444cce691e9f021,d27bc69dbb6d30a6f171ef277408831fe8763fc9043422f4e375e63f4cc190ea,2026-08-25T14:26:29+00:00,Creative Commons Attribution 4.0 International (CC BY 4.0) (https://creativecommons.org/licenses/by/4.0/),The Database of British and Irish Hills v18.5; https://www.hill-bagging.co.uk/dobih,Wales,52.083888,-4.038038,360,39,source_backed,pending,,pending,,pending,not_imported,warning,duplicate_name
15127,Little Hill,,,31B,31B: Welshpool to Hay-on-Wye,,,WM04 Greatrhos-hergest,Powys,3,147,200E,354.9,1164,SO074604,SO 07448 60407,57.6,SO 0790 5966,297.3,ground by trig point,,,,W,,21-Mar-21,,"https://www.streetmap.co.uk/map?X=307446&Y=260402&SV=307446,260402&A=Y&Z=115","https://www.google.com/maps/search/?api=1&query=52.234019,-3.356691",https://www.hill-bagging.co.uk/hill-view/?qu=S&rf=15127,307446,260402,52.234019,-3.356691,SO0744660402,31.2,2178,Great Rhos,,0,0,0,0,1,0,0,0,0,0,0,0,0,0,0,0,0,0,0,0,1,0,0,0,0,0,0,0,0,0,0,0,0,0,0,0,0,0,0,0,0,0,0,0,0,0,0,0,0,0,0,0,0,0,0,0,0,0,0,0,0,0,0,0,0,dobih:15127,DoBIH,18.5,https://www.hill-bagging.co.uk/dobih-downloads/hillcsv.zip,DoBIH_v18_5.csv,13396947,0c39e13ac59dd3fa172ac21dd56dd0f6fef19a14af47c7a5a444cce691e9f021,d27bc69dbb6d30a6f171ef277408831fe8763fc9043422f4e375e63f4cc190ea,2026-08-25T14:26:29+00:00,Creative Commons Attribution 4.0 International (CC BY 4.0) (https://creativecommons.org/licenses/by/4.0/),The Database of British and Irish Hills v18.5; https://www.hill-bagging.co.uk/dobih,Wales,52.234019,-3.356691,354.9,57.6,source_backed,pending,,pending,,pending,not_imported,warning,duplicate_name
15128,Garn Fawr,,,31B,31B: Welshpool to Hay-on-Wye,,,WM04 Greatrhos-hergest,Powys,3,148,200E,355,1165,SO107570,SO 10801 57039,53,SO104572,302,rocky knoll,,,,W,,21-Mar-15,,"https://www.streetmap.co.uk/map?X=310799&Y=257034&SV=310799,257034&A=Y&Z=115","https://www.google.com/maps/search/?api=1&query=52.204300,-3.306718",https://www.hill-bagging.co.uk/hill-view/?qu=S&rf=15128,310799,257034,52.2043,-3.306718,SO1079957034,31.2,2178,Great Rhos,,0,0,0,0,1,0,0,0,0,0,0,0,0,0,0,0,0,0,0,0,1,0,0,0,0,0,0,0,0,0,0,0,0,0,0,0,0,0,0,0,0,0,0,0,0,0,0,0,0,0,0,0,0,0,0,0,0,0,0,0,0,0,0,0,0,dobih:15128,DoBIH,18.5,https://www.hill-bagging.co.uk/dobih-downloads/hillcsv.zip,DoBIH_v18_5.csv,13396947,0c39e13ac59dd3fa172ac21dd56dd0f6fef19a14af47c7a5a444cce691e9f021,d27bc69dbb6d30a6f171ef277408831fe8763fc9043422f4e375e63f4cc190ea,2026-08-25T14:26:29+00:00,Creative Commons Attribution 4.0 International (CC BY 4.0) (https://creativecommons.org/licenses/by/4.0/),The Database of British and Irish Hills v18.5; https://www.hill-bagging.co.uk/dobih,Wales,52.2043,-3.306718,355,53,source_backed,pending,,pending,,pending,not_imported,warning,duplicate_name
15129,Moelfre,,,31B,31B: Welshpool to Hay-on-Wye,,,WM03 Pegwn-beacon,Powys,3,136 147,214W,355,1165,SN999744,SN 99927 74442,32,SO004742,323,no feature: pasture,,,,W,,25-Jan-24,,"https://www.streetmap.co.uk/map?X=299925&Y=274437&SV=299925,274437&A=Y&Z=115","https://www.google.com/maps/search/?api=1&query=52.358841,-3.470959",https://www.hill-bagging.co.uk/hill-view/?qu=S&rf=15129,299925,274437,52.358841,-3.470959,SN9992574437,31.2,2182,Pegwn Mawr,,0,0,0,0,1,0,0,0,0,0,0,0,0,0,0,0,0,0,0,0,1,0,0,0,0,0,0,0,0,0,0,0,0,0,0,0,0,0,0,0,0,0,0,0,0,0,0,0,0,0,0,0,0,0,0,0,0,0,0,0,0,0,0,0,0,dobih:15129,DoBIH,18.5,https://www.hill-bagging.co.uk/dobih-downloads/hillcsv.zip,DoBIH_v18_5.csv,13396947,0c39e13ac59dd3fa172ac21dd56dd0f6fef19a14af47c7a5a444cce691e9f021,d27bc69dbb6d30a6f171ef277408831fe8763fc9043422f4e375e63f4cc190ea,2026-08-25T14:26:29+00:00,Creative Commons Attribution 4.0 International (CC BY 4.0) (https://creativecommons.org/licenses/by/4.0/),The Database of British and Irish Hills v18.5; https://www.hill-bagging.co.uk/dobih,Wales,52.358841,-3.470959,355,32,source_backed,pending,,pending,,pending,not_imported,warning,duplicate_name
15138,Fishpool Hill,,,31B,31B: Welshpool to Hay-on-Wye,,,EC02 Clee-corndon,Powys,3,137,216,351,1152,SO317953,SO 31768 95338,38,SO315955,313,no feature,,Abney level,,W,,25-Jan-24,,"https://www.streetmap.co.uk/map?X=331766&Y=295333&SV=331766,295333&A=Y&Z=115","https://www.google.com/maps/search/?api=1&query=52.551565,-3.007765",https://www.hill-bagging.co.uk/hill-view/?qu=S&rf=15138,331766,295333,52.551565,-3.007765,SO3176695333,31.2,2187,Corndon Hill,,0,0,0,0,1,0,0,0,0,0,0,0,0,0,0,0,0,0,0,0,1,0,0,0,0,0,0,0,0,0,0,0,0,0,0,0,0,0,0,0,0,0,0,0,0,0,0,0,0,0,0,0,0,0,0,0,0,0,0,0,0,0,0,0,0,dobih:15138,DoBIH,18.5,https://www.hill-bagging.co.uk/dobih-downloads/hillcsv.zip,DoBIH_v18_5.csv,13396947,0c39e13ac59dd3fa172ac21dd56dd0f6fef19a14af47c7a5a444cce691e9f021,d27bc69dbb6d30a6f171ef277408831fe8763fc9043422f4e375e63f4cc190ea,2026-08-25T14:26:29+00:00,Creative Commons Attribution 4.0 International (CC BY 4.0) (https://creativecommons.org/licenses/by/4.0/),The Database of British and Irish Hills v18.5; https://www.hill-bagging.co.uk/dobih,Wales,52.551565,-3.007765,351,38,source_backed,pending,,pending,,pending,not_imported,warning,england_wales_border_source_signal
15145,Garth Hill,,,31B,31B: Welshpool to Hay-on-Wye,,,WM03 Pegwn-beacon,Powys,3,137 148,201N,346,1135,SO271725,SO 27183 72602,74,SO268728,272,no feature,,,,W,,20-Jan-12,,"https://www.streetmap.co.uk/map?X=327181&Y=272597&SV=327181,272597&A=Y&Z=115","https://www.google.com/maps/search/?api=1&query=52.346605,-3.070408",https://www.hill-bagging.co.uk/hill-view/?qu=S&rf=15145,327181,272597,52.346605,-3.070408,SO2718172597,31.2,2183,Beacon Hill,,0,0,0,0,1,0,0,0,0,0,0,0,0,0,0,0,0,0,0,0,1,0,0,0,0,0,0,0,0,0,0,0,0,0,0,0,0,0,0,0,0,0,0,0,0,0,0,0,0,0,0,0,0,0,0,0,0,0,0,0,0,0,0,0,0,dobih:15145,DoBIH,18.5,https://www.hill-bagging.co.uk/dobih-downloads/hillcsv.zip,DoBIH_v18_5.csv,13396947,0c39e13ac59dd3fa172ac21dd56dd0f6fef19a14af47c7a5a444cce691e9f021,d27bc69dbb6d30a6f171ef277408831fe8763fc9043422f4e375e63f4cc190ea,2026-08-25T14:26:29+00:00,Creative Commons Attribution 4.0 International (CC BY 4.0) (https://creativecommons.org/licenses/by/4.0/),The Database of British and Irish Hills v18.5; https://www.hill-bagging.co.uk/dobih,Wales,52.346605,-3.070408,346,74,source_backed,pending,,pending,,pending,not_imported,warning,duplicate_name
15150,Trichrug,,,31C,31C: South-West Wales,,,WM05 Drygarn-epynt,Cardiganshire [Ceredigion],3,146,199,343,1125,SN542599,SN 54233 59921,73,SN578619,270,ground by trig point,,,,W,,25-Jan-24,,"https://www.streetmap.co.uk/map?X=254230&Y=259916&SV=254230,259916&A=Y&Z=115","https://www.google.com/maps/search/?api=1&query=52.218129,-4.135241",https://www.hill-bagging.co.uk/hill-view/?qu=S&rf=15150,254230,259916,52.218129,-4.135241,SN5423059916,31.3,2214,Hafod Ithel,,0,0,0,0,1,0,0,0,0,0,0,0,0,0,0,0,0,0,0,0,1,0,0,0,0,0,0,0,0,0,0,0,0,0,0,0,0,0,0,0,0,0,0,0,0,0,0,0,0,0,0,1,0,0,0,0,0,0,0,0,0,0,0,0,0,dobih:15150,DoBIH,18.5,https://www.hill-bagging.co.uk/dobih-downloads/hillcsv.zip,DoBIH_v18_5.csv,13396947,0c39e13ac59dd3fa172ac21dd56dd0f6fef19a14af47c7a5a444cce691e9f021,d27bc69dbb6d30a6f171ef277408831fe8763fc9043422f4e375e63f4cc190ea,2026-08-25T14:26:29+00:00,Creative Commons Attribution 4.0 International (CC BY 4.0) (https://creativecommons.org/licenses/by/4.0/),The Database of British and Irish Hills v18.5; https://www.hill-bagging.co.uk/dobih,Wales,52.218129,-4.135241,343,73,source_backed,pending,,pending,,pending,not_imported,warning,duplicate_name
15163,Bank Farm Top,,,31B,31B: Welshpool to Hay-on-Wye,,,EC02 Clee-corndon,Powys,3,137,216,332,1089,SO319948,SO 31945 94841,33,SO318949,299,no feature: ground by fence,,,,W,,20-Jan-12,,"https://www.streetmap.co.uk/map?X=331943&Y=294836&SV=331943,294836&A=Y&Z=115","https://www.google.com/maps/search/?api=1&query=52.54712,-3.005053",https://www.hill-bagging.co.uk/hill-view/?qu=S&rf=15163,331943,294836,52.54712,-3.005053,SO3194394836,31.2,2187,Corndon Hill,,0,0,0,0,1,0,0,0,0,0,0,0,0,0,0,0,0,0,0,0,1,0,0,0,0,0,0,0,0,0,0,0,0,0,0,0,0,0,0,0,0,0,0,0,0,0,0,0,0,0,0,0,0,0,0,0,0,0,0,0,0,0,0,0,0,dobih:15163,DoBIH,18.5,https://www.hill-bagging.co.uk/dobih-downloads/hillcsv.zip,DoBIH_v18_5.csv,13396947,0c39e13ac59dd3fa172ac21dd56dd0f6fef19a14af47c7a5a444cce691e9f021,d27bc69dbb6d30a6f171ef277408831fe8763fc9043422f4e375e63f4cc190ea,2026-08-25T14:26:29+00:00,Creative Commons Attribution 4.0 International (CC BY 4.0) (https://creativecommons.org/licenses/by/4.0/),The Database of British and Irish Hills v18.5; https://www.hill-bagging.co.uk/dobih,Wales,52.54712,-3.005053,332,33,source_backed,pending,,pending,,pending,not_imported,warning,england_wales_border_source_signal
15166,Cefn Isaf,,,31C,31C: South-West Wales,,,WM05 Drygarn-epynt,Powys,3,147,200W,328,1076,SN928532,SN 92853 53249,56,SN922535,272,rocky knoll,,,,W,,21-Mar-15,,"https://www.streetmap.co.uk/map?X=292850&Y=253244&SV=292850,253244&A=Y&Z=115","https://www.google.com/maps/search/?api=1&query=52.167039,-3.568062",https://www.hill-bagging.co.uk/hill-view/?qu=S&rf=15166,292850,253244,52.167039,-3.568062,SN9285053244,31.3,2203,Drygarn Fawr,,0,0,0,0,1,0,0,0,0,0,0,0,0,0,0,0,0,0,0,0,1,0,0,0,0,0,0,0,0,0,0,0,0,0,0,0,0,0,0,0,0,0,0,0,0,0,0,0,0,0,0,0,0,0,0,0,0,0,0,0,0,0,0,0,0,dobih:15166,DoBIH,18.5,https://www.hill-bagging.co.uk/dobih-downloads/hillcsv.zip,DoBIH_v18_5.csv,13396947,0c39e13ac59dd3fa172ac21dd56dd0f6fef19a14af47c7a5a444cce691e9f021,d27bc69dbb6d30a6f171ef277408831fe8763fc9043422f4e375e63f4cc190ea,2026-08-25T14:26:29+00:00,Creative Commons Attribution 4.0 International (CC BY 4.0) (https://creativecommons.org/licenses/by/4.0/),The Database of British and Irish Hills v18.5; https://www.hill-bagging.co.uk/dobih,Wales,52.167039,-3.568062,328,56,source_backed,pending,,pending,,pending,not_imported,warning,duplicate_name
15174,Parc,,,31C,31C: South-West Wales,,,WM05 Drygarn-epynt,Carmarthenshire [Sir Gaerfyrddin],3,146,186,325,1066,SN546285,,79,SN571302,246,,,,,W,,15-Sep-14,,"https://www.streetmap.co.uk/map?X=254600&Y=228500&SV=254600,228500&A=Y&Z=115","https://www.google.com/maps/search/?api=1&query=51.935967,-4.116436",https://www.hill-bagging.co.uk/hill-view/?qu=S&rf=15174,254600,228500,51.935967,-4.116436,SN5460028500,31.3,2219,Mynydd Cynros,,0,0,0,0,1,0,0,0,0,0,0,0,0,0,0,0,0,0,0,0,1,0,0,0,0,0,0,0,0,0,0,0,0,0,0,0,0,0,0,0,0,0,0,0,0,0,0,0,0,0,0,1,0,0,0,0,0,0,0,0,0,0,0,0,0,dobih:15174,DoBIH,18.5,https://www.hill-bagging.co.uk/dobih-downloads/hillcsv.zip,DoBIH_v18_5.csv,13396947,0c39e13ac59dd3fa172ac21dd56dd0f6fef19a14af47c7a5a444cce691e9f021,d27bc69dbb6d30a6f171ef277408831fe8763fc9043422f4e375e63f4cc190ea,2026-08-25T14:26:29+00:00,Creative Commons Attribution 4.0 International (CC BY 4.0) (https://creativecommons.org/licenses/by/4.0/),The Database of British and Irish Hills v18.5; https://www.hill-bagging.co.uk/dobih,Wales,51.935967,-4.116436,325,79,source_backed,pending,,pending,,pending,not_imported,warning,duplicate_name
15180,New Pieces,,,31B,31B: Welshpool to Hay-on-Wye,,,EC02 Clee-corndon,Powys,3,126,240,321.6,1055,SJ295136,SJ 29555 13658,41.3,SJ298138,280.3,no feature,flat summit area,Abney level/Trimble GeoXH 6000,,W,,30-Oct-14,,"https://www.streetmap.co.uk/map?X=329553&Y=313654&SV=329553,313654&A=Y&Z=115","https://www.google.com/maps/search/?api=1&query=52.715951,-3.044312",https://www.hill-bagging.co.uk/hill-view/?qu=S&rf=15180,329553,313654,52.715951,-3.044312,SJ2955313654,31.2,2201,Moel y Golfa,,0,0,0,0,1,0,0,0,0,0,0,0,0,0,0,0,0,0,0,0,1,0,0,0,0,0,0,0,0,0,0,0,0,0,0,0,0,0,0,0,0,0,0,0,0,0,0,0,0,0,0,0,0,0,0,0,0,0,0,0,0,0,0,0,0,dobih:15180,DoBIH,18.5,https://www.hill-bagging.co.uk/dobih-downloads/hillcsv.zip,DoBIH_v18_5.csv,13396947,0c39e13ac59dd3fa172ac21dd56dd0f6fef19a14af47c7a5a444cce691e9f021,d27bc69dbb6d30a6f171ef277408831fe8763fc9043422f4e375e63f4cc190ea,2026-08-25T14:26:29+00:00,Creative Commons Attribution 4.0 International (CC BY 4.0) (https://creativecommons.org/licenses/by/4.0/),The Database of British and Irish Hills v18.5; https://www.hill-bagging.co.uk/dobih,Wales,52.715951,-3.044312,321.6,41.3,source_backed,pending,,pending,,pending,not_imported,warning,england_wales_border_source_signal
15189,Pen y Banc,,,31B,31B: Welshpool to Hay-on-Wye,,,WM03 Pegwn-beacon,Powys,3,136,214E,317,1040,SO092887,SO 09271 88712,33,SO092883,284,no feature: pasture,flat summit area,,,W,,20-Jan-12,,"https://www.streetmap.co.uk/map?X=309269&Y=288707&SV=309269,288707&A=Y&Z=115","https://www.google.com/maps/search/?api=1&query=52.488724,-3.337666",https://www.hill-bagging.co.uk/hill-view/?qu=S&rf=15189,309269,288707,52.488724,-3.337666,SO0926988707,31.2,2183,Beacon Hill,,0,0,0,0,1,0,0,0,0,0,0,0,0,0,0,0,0,0,0,0,1,0,0,0,0,0,0,0,0,0,0,0,0,0,0,0,0,0,0,0,0,0,0,0,0,0,0,0,0,0,0,0,0,0,0,0,0,0,0,0,0,0,0,0,0,dobih:15189,DoBIH,18.5,https://www.hill-bagging.co.uk/dobih-downloads/hillcsv.zip,DoBIH_v18_5.csv,13396947,0c39e13ac59dd3fa172ac21dd56dd0f6fef19a14af47c7a5a444cce691e9f021,d27bc69dbb6d30a6f171ef277408831fe8763fc9043422f4e375e63f4cc190ea,2026-08-25T14:26:29+00:00,Creative Commons Attribution 4.0 International (CC BY 4.0) (https://creativecommons.org/licenses/by/4.0/),The Database of British and Irish Hills v18.5; https://www.hill-bagging.co.uk/dobih,Wales,52.488724,-3.337666,317,33,source_backed,pending,,pending,,pending,not_imported,warning,duplicate_name
15199,Waun Fawr,,,31C,31C: South-West Wales,,,WM05 Drygarn-epynt,Carmarthenshire [Sir Gaerfyrddin],3,145,185,314,1030,SN393336,,66,SN378337,248,,,,,W,,21-Mar-15,,"https://www.streetmap.co.uk/map?X=239300&Y=233600&SV=239300,233600&A=Y&Z=115","https://www.google.com/maps/search/?api=1&query=51.977573,-4.341190",https://www.hill-bagging.co.uk/hill-view/?qu=S&rf=15199,239300,233600,51.977573,-4.34119,SN3930033600,31.3,2203,Drygarn Fawr,,0,0,0,0,1,0,0,0,0,0,0,0,0,0,0,0,0,0,0,0,1,0,0,0,0,0,0,0,0,0,0,0,0,0,0,0,0,0,0,0,0,0,0,0,0,0,0,0,0,0,0,1,0,0,0,0,0,0,0,0,0,0,0,0,0,dobih:15199,DoBIH,18.5,https://www.hill-bagging.co.uk/dobih-downloads/hillcsv.zip,DoBIH_v18_5.csv,13396947,0c39e13ac59dd3fa172ac21dd56dd0f6fef19a14af47c7a5a444cce691e9f021,d27bc69dbb6d30a6f171ef277408831fe8763fc9043422f4e375e63f4cc190ea,2026-08-25T14:26:29+00:00,Creative Commons Attribution 4.0 International (CC BY 4.0) (https://creativecommons.org/licenses/by/4.0/),The Database of British and Irish Hills v18.5; https://www.hill-bagging.co.uk/dobih,Wales,51.977573,-4.34119,314,66,source_backed,pending,,pending,,pending,not_imported,warning,duplicate_name
15204,Disgwylfa,,,31A,31A: Aberystwyth to Welshpool,,,WM02 Pumlumon-amlwg,Cardiganshire [Ceredigion],3,135,213,311,1020,SN683894,SN 68317 89430,37,SN686895,274,no feature: pasture,,,,W,,15-Sep-20,,"https://www.streetmap.co.uk/map?X=268314&Y=289426&SV=268314,289426&A=Y&Z=115","https://www.google.com/maps/search/?api=1&query=52.486822,-3.94079",https://www.hill-bagging.co.uk/hill-view/?qu=S&rf=15204,268314,289426,52.486822,-3.94079,SN6831489426,31.1,2166,Banc Llechwedd-mawr,,0,0,0,0,1,0,0,0,0,0,0,0,0,0,0,0,0,0,0,0,1,0,0,0,0,0,0,0,0,0,0,0,0,0,0,0,0,0,0,0,0,0,0,0,0,0,0,0,0,0,0,0,0,0,0,0,0,0,0,0,0,0,0,0,0,dobih:15204,DoBIH,18.5,https://www.hill-bagging.co.uk/dobih-downloads/hillcsv.zip,DoBIH_v18_5.csv,13396947,0c39e13ac59dd3fa172ac21dd56dd0f6fef19a14af47c7a5a444cce691e9f021,d27bc69dbb6d30a6f171ef277408831fe8763fc9043422f4e375e63f4cc190ea,2026-08-25T14:26:29+00:00,Creative Commons Attribution 4.0 International (CC BY 4.0) (https://creativecommons.org/licenses/by/4.0/),The Database of British and Irish Hills v18.5; https://www.hill-bagging.co.uk/dobih,Wales,52.486822,-3.94079,311,37,source_backed,pending,,pending,,pending,not_imported,warning,duplicate_name
15205,Pen y Banc,,,31A,31A: Aberystwyth to Welshpool,,,WM02 Pumlumon-amlwg,Powys,3,136,214W,312,1024,SN939845,SN 93932 84595,36,SN936851,276,small mound,,,,W,,18-Sep-16,,"https://www.streetmap.co.uk/map?X=293929&Y=284591&SV=293929,284591&A=Y&Z=115","https://www.google.com/maps/search/?api=1&query=52.448957,-3.562179",https://www.hill-bagging.co.uk/hill-view/?qu=S&rf=15205,293929,284591,52.448957,-3.562179,SN9392984591,31.1,2161,Pumlumon Fawr [Plynlimon],,0,0,0,0,1,0,0,0,0,0,0,0,0,0,0,0,0,0,0,0,1,0,0,0,0,0,0,0,0,0,0,0,0,0,0,0,0,0,0,0,0,0,0,0,0,0,0,0,0,0,0,0,0,0,0,0,0,0,0,0,0,0,0,0,0,dobih:15205,DoBIH,18.5,https://www.hill-bagging.co.uk/dobih-downloads/hillcsv.zip,DoBIH_v18_5.csv,13396947,0c39e13ac59dd3fa172ac21dd56dd0f6fef19a14af47c7a5a444cce691e9f021,d27bc69dbb6d30a6f171ef277408831fe8763fc9043422f4e375e63f4cc190ea,2026-08-25T14:26:29+00:00,Creative Commons Attribution 4.0 International (CC BY 4.0) (https://creativecommons.org/licenses/by/4.0/),The Database of British and Irish Hills v18.5; https://www.hill-bagging.co.uk/dobih,Wales,52.448957,-3.562179,312,36,source_backed,pending,,pending,,pending,not_imported,warning,duplicate_name
15206,Todleth Hill,,,31B,31B: Welshpool to Hay-on-Wye,,,EC02 Clee-corndon,Powys,3,137,216,310,1017,SO288945,SO 28894 94524,64,SO288950,246,no feature: grass,,,,W,,08-Dec-14,,"https://www.streetmap.co.uk/map?X=328892&Y=294519&SV=328892,294519&A=Y&Z=115","https://www.google.com/maps/search/?api=1&query=52.54388,-3.04997",https://www.hill-bagging.co.uk/hill-view/?qu=S&rf=15206,328892,294519,52.54388,-3.04997,SO2889294519,31.2,2187,Corndon Hill,,0,0,0,0,1,0,0,0,0,0,0,0,0,0,0,0,0,0,0,0,1,0,0,0,0,0,0,0,0,0,0,0,0,0,0,0,0,0,0,0,0,0,0,0,0,0,0,0,0,0,0,0,0,0,0,0,0,0,0,0,0,0,0,0,0,dobih:15206,DoBIH,18.5,https://www.hill-bagging.co.uk/dobih-downloads/hillcsv.zip,DoBIH_v18_5.csv,13396947,0c39e13ac59dd3fa172ac21dd56dd0f6fef19a14af47c7a5a444cce691e9f021,d27bc69dbb6d30a6f171ef277408831fe8763fc9043422f4e375e63f4cc190ea,2026-08-25T14:26:29+00:00,Creative Commons Attribution 4.0 International (CC BY 4.0) (https://creativecommons.org/licenses/by/4.0/),The Database of British and Irish Hills v18.5; https://www.hill-bagging.co.uk/dobih,Wales,52.54388,-3.04997,310,64,source_backed,pending,,pending,,pending,not_imported,warning,england_wales_border_source_signal
15210,Mynydd Dinas,,,31C,31C: South-West Wales,,,WM06 Cwmcerwyn-brandy,Pembrokeshire [Sir Benfro],3,145 157,0035E,307.8,1010,SN007368,SN 00743 36897,51,SN 0162 3664,256.8,tor,,,,W,,23-Feb-25,,"https://www.streetmap.co.uk/map?X=200740&Y=236892&SV=200740,236892&A=Y&Z=115","https://www.google.com/maps/search/?api=1&query=51.994642,-4.903835",https://www.hill-bagging.co.uk/hill-view/?qu=S&rf=15210,200740,236892,51.994642,-4.903835,SN0074036892,31.3,2215,Mynydd Carningli,,0,0,0,0,1,0,0,0,0,0,0,0,0,0,0,0,0,0,0,0,1,0,0,0,0,0,0,0,0,0,0,0,0,0,0,0,0,0,0,0,0,0,0,0,0,0,0,0,0,0,0,0,0,0,0,0,0,0,0,0,0,0,0,0,0,dobih:15210,DoBIH,18.5,https://www.hill-bagging.co.uk/dobih-downloads/hillcsv.zip,DoBIH_v18_5.csv,13396947,0c39e13ac59dd3fa172ac21dd56dd0f6fef19a14af47c7a5a444cce691e9f021,d27bc69dbb6d30a6f171ef277408831fe8763fc9043422f4e375e63f4cc190ea,2026-08-25T14:26:29+00:00,Creative Commons Attribution 4.0 International (CC BY 4.0) (https://creativecommons.org/licenses/by/4.0/),The Database of British and Irish Hills v18.5; https://www.hill-bagging.co.uk/dobih,Wales,51.994642,-4.903835,307.8,51,source_backed,pending,,pending,,pending,not_imported,warning,duplicate_name
15219,Pen y Gaer,,,31A,31A: Aberystwyth to Welshpool,,,WM01 Carneddwen-golfa,Powys,3,136,215E,300,984,SO139976,SO 14001 97681,85,SO131992,215,no feature: grass,,Abney level/Trimble GeoXH 6000,,W,,25-Jan-24,,"https://www.streetmap.co.uk/map?X=313999&Y=297677&SV=313999,297677&A=Y&Z=115","https://www.google.com/maps/search/?api=1&query=52.570104,-3.270348",https://www.hill-bagging.co.uk/hill-view/?qu=S&rf=15219,313999,297677,52.570104,-3.270348,SO1399997677,31.1,2174,Stingwern Hill,,0,0,0,0,1,0,0,0,0,0,0,0,0,0,0,0,0,0,0,0,1,0,0,0,0,0,0,0,0,0,0,0,0,0,0,0,0,0,0,0,0,0,0,0,0,0,0,0,0,0,0,1,0,0,0,0,0,0,0,0,0,0,0,0,0,dobih:15219,DoBIH,18.5,https://www.hill-bagging.co.uk/dobih-downloads/hillcsv.zip,DoBIH_v18_5.csv,13396947,0c39e13ac59dd3fa172ac21dd56dd0f6fef19a14af47c7a5a444cce691e9f021,d27bc69dbb6d30a6f171ef277408831fe8763fc9043422f4e375e63f4cc190ea,2026-08-25T14:26:29+00:00,Creative Commons Attribution 4.0 International (CC BY 4.0) (https://creativecommons.org/licenses/by/4.0/),The Database of British and Irish Hills v18.5; https://www.hill-bagging.co.uk/dobih,Wales,52.570104,-3.270348,300,85,source_backed,pending,,pending,,pending,not_imported,warning,duplicate_name
15222,Moelfre,,,31C,31C: South-West Wales,,,WM05 Drygarn-epynt,Cardiganshire [Ceredigion],2,146,198E 199,294,965,SN501561,SN 50115 56173,73,SN488533,221,no feature: pasture,,,,W,,21-Mar-15,,"https://www.streetmap.co.uk/map?X=250112&Y=256168&SV=250112,256168&A=Y&Z=115","https://www.google.com/maps/search/?api=1&query=52.183351,-4.193816",https://www.hill-bagging.co.uk/hill-view/?qu=S&rf=15222,250112,256168,52.183351,-4.193816,SN5011256168,31.3,2221,Rhos Ymryson,,0,0,0,0,1,0,0,0,0,0,0,0,0,0,0,0,0,0,0,0,0,1,0,0,0,0,0,0,0,0,0,0,0,0,0,0,0,0,0,0,0,0,0,0,0,0,0,0,0,0,0,1,0,0,0,0,0,0,0,0,0,0,0,0,0,dobih:15222,DoBIH,18.5,https://www.hill-bagging.co.uk/dobih-downloads/hillcsv.zip,DoBIH_v18_5.csv,13396947,0c39e13ac59dd3fa172ac21dd56dd0f6fef19a14af47c7a5a444cce691e9f021,d27bc69dbb6d30a6f171ef277408831fe8763fc9043422f4e375e63f4cc190ea,2026-08-25T14:26:29+00:00,Creative Commons Attribution 4.0 International (CC BY 4.0) (https://creativecommons.org/licenses/by/4.0/),The Database of British and Irish Hills v18.5; https://www.hill-bagging.co.uk/dobih,Wales,52.183351,-4.193816,294,73,source_backed,pending,,pending,,pending,not_imported,warning,duplicate_name
15235,Pen y Garn,,,31C,31C: South-West Wales,,,WM05 Drygarn-epynt,Carmarthenshire [Sir Gaerfyrddin],2,145,185,289,948,SN314371,SN 31420 37194,61,SN322367,228,no feature,flat summit area,Seco 2x Hand Level,,W,,29-May-17,,"https://www.streetmap.co.uk/map?X=231417&Y=237189&SV=231417,237189&A=Y&Z=115","https://www.google.com/maps/search/?api=1&query=52.007475,-4.45762",https://www.hill-bagging.co.uk/hill-view/?qu=S&rf=15235,231417,237189,52.007475,-4.45762,SN3141737189,31.3,2203,Drygarn Fawr,,0,0,0,0,1,0,0,0,0,0,0,0,0,0,0,0,0,0,0,0,0,1,0,0,0,0,0,0,0,0,0,0,0,0,0,0,0,0,0,0,0,0,0,0,0,0,0,0,0,0,0,0,0,0,0,0,0,0,0,0,0,0,0,0,0,dobih:15235,DoBIH,18.5,https://www.hill-bagging.co.uk/dobih-downloads/hillcsv.zip,DoBIH_v18_5.csv,13396947,0c39e13ac59dd3fa172ac21dd56dd0f6fef19a14af47c7a5a444cce691e9f021,d27bc69dbb6d30a6f171ef277408831fe8763fc9043422f4e375e63f4cc190ea,2026-08-25T14:26:29+00:00,Creative Commons Attribution 4.0 International (CC BY 4.0) (https://creativecommons.org/licenses/by/4.0/),The Database of British and Irish Hills v18.5; https://www.hill-bagging.co.uk/dobih,Wales,52.007475,-4.45762,289,61,source_backed,pending,,pending,,pending,not_imported,warning,duplicate_name
15238,Drysgol,,,31C,31C: South-West Wales,,,WM05 Drygarn-epynt,Cardiganshire [Ceredigion],2,135,199,289.3,949,SN694674,SN 69406 67412,40,SN684681,249,no feature,ground on fence bank 150m N at SN 69437 67574 is 1m lower,,,W,,11-Feb-21,,"https://www.streetmap.co.uk/map?X=269403&Y=267407&SV=269403,267407&A=Y&Z=115","https://www.google.com/maps/search/?api=1&query=52.289247,-3.916173",https://www.hill-bagging.co.uk/hill-view/?qu=S&rf=15238,269403,267407,52.289247,-3.916173,SN6940367407,31.3,2207,Llan Ddu Fawr [Carnyrhyrddod] [Waun Claerddu],,0,0,0,0,1,0,0,0,0,0,0,0,0,0,0,0,0,0,0,0,0,1,0,0,0,0,0,0,0,0,0,0,0,0,0,0,0,0,0,0,0,0,0,0,0,0,0,0,0,0,0,0,0,0,0,0,0,0,0,0,0,0,0,0,0,dobih:15238,DoBIH,18.5,https://www.hill-bagging.co.uk/dobih-downloads/hillcsv.zip,DoBIH_v18_5.csv,13396947,0c39e13ac59dd3fa172ac21dd56dd0f6fef19a14af47c7a5a444cce691e9f021,d27bc69dbb6d30a6f171ef277408831fe8763fc9043422f4e375e63f4cc190ea,2026-08-25T14:26:29+00:00,Creative Commons Attribution 4.0 International (CC BY 4.0) (https://creativecommons.org/licenses/by/4.0/),The Database of British and Irish Hills v18.5; https://www.hill-bagging.co.uk/dobih,Wales,52.289247,-3.916173,289.3,40,source_backed,pending,,pending,,pending,not_imported,warning,duplicate_name
15257,Pen-y-foel,,,30E,30E: Bala to Welshpool,,,WM01 Carneddwen-golfa,Powys,2,125,239,279,915,SJ160117,SJ 16078 11780,54,SJ169117,225,knoll,,,,W,,06-Apr-17,,"https://www.streetmap.co.uk/map?X=316075&Y=311776&SV=316075,311776&A=Y&Z=115","https://www.google.com/maps/search/?api=1&query=52.697147,-3.243297",https://www.hill-bagging.co.uk/hill-view/?qu=S&rf=15257,316075,311776,52.697147,-3.243297,SJ1607511776,30.5,2136,Y Golfa,,0,0,0,0,1,0,0,0,0,0,0,0,0,0,0,0,0,0,0,0,0,1,0,0,0,0,0,0,0,0,0,0,0,0,0,0,0,0,0,0,0,0,0,0,0,0,0,0,0,0,0,0,0,0,0,0,0,0,0,0,0,0,0,0,0,dobih:15257,DoBIH,18.5,https://www.hill-bagging.co.uk/dobih-downloads/hillcsv.zip,DoBIH_v18_5.csv,13396947,0c39e13ac59dd3fa172ac21dd56dd0f6fef19a14af47c7a5a444cce691e9f021,d27bc69dbb6d30a6f171ef277408831fe8763fc9043422f4e375e63f4cc190ea,2026-08-25T14:26:29+00:00,Creative Commons Attribution 4.0 International (CC BY 4.0) (https://creativecommons.org/licenses/by/4.0/),The Database of British and Irish Hills v18.5; https://www.hill-bagging.co.uk/dobih,Wales,52.697147,-3.243297,279,54,source_backed,pending,,pending,,pending,not_imported,warning,duplicate_name
15261,Pen-y-gaer,,,31C,31C: South-West Wales,,,WM05 Drygarn-epynt,Carmarthenshire [Sir Gaerfyrddin],2,146 160,187S,274,899,SN780386,SN 78017 38672,50,SN781389,224,no feature: pasture,,,,W,,21-Mar-15,,"https://www.streetmap.co.uk/map?X=278014&Y=238667&SV=278014,238667&A=Y&Z=115","https://www.google.com/maps/search/?api=1&query=52.032963,-3.779654",https://www.hill-bagging.co.uk/hill-view/?qu=S&rf=15261,278014,238667,52.032963,-3.779654,SN7801438667,31.3,2203,Drygarn Fawr,,0,0,0,0,1,0,0,0,0,0,0,0,0,0,0,0,0,0,0,0,0,1,0,0,0,0,0,0,0,0,0,0,0,0,0,0,0,0,0,0,0,0,0,0,0,0,0,0,0,0,0,0,0,0,0,0,0,0,0,0,0,0,0,0,0,dobih:15261,DoBIH,18.5,https://www.hill-bagging.co.uk/dobih-downloads/hillcsv.zip,DoBIH_v18_5.csv,13396947,0c39e13ac59dd3fa172ac21dd56dd0f6fef19a14af47c7a5a444cce691e9f021,d27bc69dbb6d30a6f171ef277408831fe8763fc9043422f4e375e63f4cc190ea,2026-08-25T14:26:29+00:00,Creative Commons Attribution 4.0 International (CC BY 4.0) (https://creativecommons.org/licenses/by/4.0/),The Database of British and Irish Hills v18.5; https://www.hill-bagging.co.uk/dobih,Wales,52.032963,-3.779654,274,50,source_backed,pending,,pending,,pending,not_imported,warning,duplicate_name
15269,Brynglas,,,31C,31C: South-West Wales,,,WM05 Drygarn-epynt,Cardiganshire [Ceredigion],2,146,199,268,879,SN539516,SN 53973 51681,83,SN544514,185,ground by vehicle track,,,,W,,20-Jan-12,,"https://www.streetmap.co.uk/map?X=253970&Y=251676&SV=253970,251676&A=Y&Z=115","https://www.google.com/maps/search/?api=1&query=52.144029,-4.135494",https://www.hill-bagging.co.uk/hill-view/?qu=S&rf=15269,253970,251676,52.144029,-4.135494,SN5397051676,31.3,2221,Rhos Ymryson,,0,0,0,0,1,0,0,0,0,0,0,0,0,0,0,0,0,0,0,0,0,1,0,0,0,0,0,0,0,0,0,0,0,0,0,0,0,0,0,0,0,0,0,0,0,0,0,0,0,0,0,0,0,0,0,0,0,0,0,0,0,0,0,0,0,dobih:15269,DoBIH,18.5,https://www.hill-bagging.co.uk/dobih-downloads/hillcsv.zip,DoBIH_v18_5.csv,13396947,0c39e13ac59dd3fa172ac21dd56dd0f6fef19a14af47c7a5a444cce691e9f021,d27bc69dbb6d30a6f171ef277408831fe8763fc9043422f4e375e63f4cc190ea,2026-08-25T14:26:29+00:00,Creative Commons Attribution 4.0 International (CC BY 4.0) (https://creativecommons.org/licenses/by/4.0/),The Database of British and Irish Hills v18.5; https://www.hill-bagging.co.uk/dobih,Wales,52.144029,-4.135494,268,83,source_backed,pending,,pending,,pending,not_imported,warning,duplicate_name
15271,Foel Fawr,,,31A,31A: Aberystwyth to Welshpool,,,WM02 Pumlumon-amlwg,Cardiganshire [Ceredigion],2,135,023W,268,879,SN694953,SN 69488 95325,46,SN696953,222,outcrop,grassy outcrop a few m SW at SN 69499 95345 is 5cm lower.,Seco 2x Hand Level,,W,,25-Jan-24,,"https://www.streetmap.co.uk/map?X=269485&Y=295321&SV=269485,295321&A=Y&Z=115","https://www.google.com/maps/search/?api=1&query=52.540071,-3.925869",https://www.hill-bagging.co.uk/hill-view/?qu=S&rf=15271,269485,295321,52.540071,-3.925869,SN6948595321,31.1,2166,Banc Llechwedd-mawr,,0,0,0,0,1,0,0,0,0,0,0,0,0,0,0,0,0,0,0,0,0,1,0,0,0,0,0,0,0,0,0,0,0,0,0,0,0,0,0,0,0,0,0,0,0,0,0,0,0,0,0,0,0,0,0,0,0,0,0,0,0,0,0,0,0,dobih:15271,DoBIH,18.5,https://www.hill-bagging.co.uk/dobih-downloads/hillcsv.zip,DoBIH_v18_5.csv,13396947,0c39e13ac59dd3fa172ac21dd56dd0f6fef19a14af47c7a5a444cce691e9f021,d27bc69dbb6d30a6f171ef277408831fe8763fc9043422f4e375e63f4cc190ea,2026-08-25T14:26:29+00:00,Creative Commons Attribution 4.0 International (CC BY 4.0) (https://creativecommons.org/licenses/by/4.0/),The Database of British and Irish Hills v18.5; https://www.hill-bagging.co.uk/dobih,Wales,52.540071,-3.925869,268,46,source_backed,pending,,pending,,pending,not_imported,warning,duplicate_name
15273,Cefn Mawr,,,31A,31A: Aberystwyth to Welshpool,,,WM01 Carneddwen-golfa,Powys,2,136,215E,267,876,SO117940,SO 11710 94084,38,SO106937,229,ground 8m NE of trig point,,,,W,,20-Jan-12,,"https://www.streetmap.co.uk/map?X=311708&Y=294080&SV=311708,294080&A=Y&Z=115","https://www.google.com/maps/search/?api=1&query=52.537407,-3.303184",https://www.hill-bagging.co.uk/hill-view/?qu=S&rf=15273,311708,294080,52.537407,-3.303184,SO1170894080,31.1,2171,Garreg-hir,,0,0,0,0,1,0,0,0,0,0,0,0,0,0,0,0,0,0,0,0,0,1,0,0,0,0,0,0,0,0,0,0,0,0,0,0,0,0,0,0,0,0,0,0,0,0,0,0,0,0,0,0,0,0,0,0,0,0,0,0,0,0,0,0,0,dobih:15273,DoBIH,18.5,https://www.hill-bagging.co.uk/dobih-downloads/hillcsv.zip,DoBIH_v18_5.csv,13396947,0c39e13ac59dd3fa172ac21dd56dd0f6fef19a14af47c7a5a444cce691e9f021,d27bc69dbb6d30a6f171ef277408831fe8763fc9043422f4e375e63f4cc190ea,2026-08-25T14:26:29+00:00,Creative Commons Attribution 4.0 International (CC BY 4.0) (https://creativecommons.org/licenses/by/4.0/),The Database of British and Irish Hills v18.5; https://www.hill-bagging.co.uk/dobih,Wales,52.537407,-3.303184,267,38,source_backed,pending,,pending,,pending,not_imported,warning,duplicate_name
15279,Fan,,,31C,31C: South-West Wales,,,WM05 Drygarn-epynt,Carmarthenshire [Sir Gaerfyrddin],Un,146,012W 186,265,869,SN675314,SN 67519 31474,11,SN674315,254,trig point,,,,W,,15-Sep-14,"Tump replaced by hill 7881, 300m NE","https://www.streetmap.co.uk/map?X=267516&Y=231469&SV=267516,231469&A=Y&Z=115","https://www.google.com/maps/search/?api=1&query=51.965873,-3.929816",https://www.hill-bagging.co.uk/hill-view/?qu=S&rf=15279,267516,231469,51.965873,-3.929816,SN6751631469,31.3,2211,Mynydd Mallaen,,0,0,0,0,0,0,0,0,0,0,0,0,0,0,0,0,0,0,0,0,0,0,0,0,0,0,0,0,0,0,0,0,0,0,0,0,0,0,0,0,0,0,0,0,0,0,0,0,0,0,0,0,0,0,0,0,0,0,0,0,0,0,0,0,1,dobih:15279,DoBIH,18.5,https://www.hill-bagging.co.uk/dobih-downloads/hillcsv.zip,DoBIH_v18_5.csv,13396947,0c39e13ac59dd3fa172ac21dd56dd0f6fef19a14af47c7a5a444cce691e9f021,d27bc69dbb6d30a6f171ef277408831fe8763fc9043422f4e375e63f4cc190ea,2026-08-25T14:26:29+00:00,Creative Commons Attribution 4.0 International (CC BY 4.0) (https://creativecommons.org/licenses/by/4.0/),The Database of British and Irish Hills v18.5; https://www.hill-bagging.co.uk/dobih,Wales,51.965873,-3.929816,265,11,source_backed,pending,,pending,,pending,not_imported,warning,duplicate_name
15283,Bryn-eithin,,,31C,31C: South-West Wales,,,WM06 Cwmcerwyn-brandy,Pembrokeshire [Sir Benfro],2,145,0035E,263,863,SN199311,SN 19923 31154,51,SN198319,212,junction of hedgebanks,,,,W,,25-Jan-24,,"https://www.streetmap.co.uk/map?X=219920&Y=231149&SV=219920,231149&A=Y&Z=115","https://www.google.com/maps/search/?api=1&query=51.949615,-4.621775",https://www.hill-bagging.co.uk/hill-view/?qu=S&rf=15283,219920,231149,51.949615,-4.621775,SN1992031149,31.3,2208,Foel Cwmcerwyn,,0,0,0,0,1,0,0,0,0,0,0,0,0,0,0,0,0,0,0,0,0,1,0,0,0,0,0,0,0,0,0,0,0,0,0,0,0,0,0,0,0,0,0,0,0,0,0,0,0,0,0,0,0,0,0,0,0,0,0,0,0,0,0,0,0,dobih:15283,DoBIH,18.5,https://www.hill-bagging.co.uk/dobih-downloads/hillcsv.zip,DoBIH_v18_5.csv,13396947,0c39e13ac59dd3fa172ac21dd56dd0f6fef19a14af47c7a5a444cce691e9f021,d27bc69dbb6d30a6f171ef277408831fe8763fc9043422f4e375e63f4cc190ea,2026-08-25T14:26:29+00:00,Creative Commons Attribution 4.0 International (CC BY 4.0) (https://creativecommons.org/licenses/by/4.0/),The Database of British and Irish Hills v18.5; https://www.hill-bagging.co.uk/dobih,Wales,51.949615,-4.621775,263,51,source_backed,pending,,pending,,pending,not_imported,warning,duplicate_name
15297,Bryn-teg,,,31C,31C: South-West Wales,,,WM05 Drygarn-epynt,Cardiganshire [Ceredigion],2,145,198E,258,846,SN347511,SN 34769 51189,35,SN367523,223,no feature: arable,,,,W,,24-Oct-20,,"https://www.streetmap.co.uk/map?X=234766&Y=251184&SV=234766,251184&A=Y&Z=115","https://www.google.com/maps/search/?api=1&query=52.134197,-4.415651",https://www.hill-bagging.co.uk/hill-view/?qu=S&rf=15297,234766,251184,52.134197,-4.415651,SN3476651184,31.3,2221,Rhos Ymryson,,0,0,0,0,1,0,0,0,0,0,0,0,0,0,0,0,0,0,0,0,0,1,0,0,0,0,0,0,0,0,0,0,0,0,0,0,0,0,0,0,0,0,0,0,0,0,0,0,0,0,0,0,0,0,0,0,0,0,0,0,0,0,0,0,0,dobih:15297,DoBIH,18.5,https://www.hill-bagging.co.uk/dobih-downloads/hillcsv.zip,DoBIH_v18_5.csv,13396947,0c39e13ac59dd3fa172ac21dd56dd0f6fef19a14af47c7a5a444cce691e9f021,d27bc69dbb6d30a6f171ef277408831fe8763fc9043422f4e375e63f4cc190ea,2026-08-25T14:26:29+00:00,Creative Commons Attribution 4.0 International (CC BY 4.0) (https://creativecommons.org/licenses/by/4.0/),The Database of British and Irish Hills v18.5; https://www.hill-bagging.co.uk/dobih,Wales,52.134197,-4.415651,258,35,source_backed,pending,,pending,,pending,not_imported,warning,duplicate_name
15315,Pentre,,,31A,31A: Aberystwyth to Welshpool,,,WM02 Pumlumon-amlwg,Powys,Un,136,214W,245,804,SN989857,SN 98937 85800,29,SN 9833 8604,216.3,not recorded,,,,W,,05-Jul-20,Tump deleted June 2020,"https://www.streetmap.co.uk/map?X=298935&Y=285796&SV=298935,285796&A=Y&Z=115","https://www.google.com/maps/search/?api=1&query=52.460736,-3.488925",https://www.hill-bagging.co.uk/hill-view/?qu=S&rf=15315,298935,285796,52.460736,-3.488925,SN9893585796,31.1,2170,Bryn Amlwg,,0,0,0,0,0,0,0,0,0,0,0,0,0,0,0,0,0,0,0,0,0,0,0,0,0,0,0,0,0,0,0,0,0,0,0,0,0,0,0,0,0,0,0,0,0,0,0,0,0,0,0,0,0,0,0,0,0,0,0,0,0,0,0,0,1,dobih:15315,DoBIH,18.5,https://www.hill-bagging.co.uk/dobih-downloads/hillcsv.zip,DoBIH_v18_5.csv,13396947,0c39e13ac59dd3fa172ac21dd56dd0f6fef19a14af47c7a5a444cce691e9f021,d27bc69dbb6d30a6f171ef277408831fe8763fc9043422f4e375e63f4cc190ea,2026-08-25T14:26:29+00:00,Creative Commons Attribution 4.0 International (CC BY 4.0) (https://creativecommons.org/licenses/by/4.0/),The Database of British and Irish Hills v18.5; https://www.hill-bagging.co.uk/dobih,Wales,52.460736,-3.488925,245,29,source_backed,pending,,pending,,pending,not_imported,warning,duplicate_name
15318,Kempster's Hill,,,31B,31B: Welshpool to Hay-on-Wye,,,EC02 Clee-corndon,Powys,2,126,240,246.1,807,SJ318143,SJ 31834 14346,48.2,SJ314139,197.9,knoll,,Trimble GeoXH 6000,,W,,30-Oct-14,,"https://www.streetmap.co.uk/map?X=331832&Y=314342&SV=331832,314342&A=Y&Z=115","https://www.google.com/maps/search/?api=1&query=52.722427,-3.010722",https://www.hill-bagging.co.uk/hill-view/?qu=S&rf=15318,331832,314342,52.722427,-3.010722,SJ3183214342,31.2,2201,Moel y Golfa,,0,0,0,0,1,0,0,0,0,0,0,0,0,0,0,0,0,0,0,0,0,1,0,0,0,0,0,0,0,0,0,0,0,0,0,0,0,0,0,0,0,0,0,0,0,0,0,0,0,0,0,0,0,0,0,0,0,0,0,0,0,0,0,0,0,dobih:15318,DoBIH,18.5,https://www.hill-bagging.co.uk/dobih-downloads/hillcsv.zip,DoBIH_v18_5.csv,13396947,0c39e13ac59dd3fa172ac21dd56dd0f6fef19a14af47c7a5a444cce691e9f021,d27bc69dbb6d30a6f171ef277408831fe8763fc9043422f4e375e63f4cc190ea,2026-08-25T14:26:29+00:00,Creative Commons Attribution 4.0 International (CC BY 4.0) (https://creativecommons.org/licenses/by/4.0/),The Database of British and Irish Hills v18.5; https://www.hill-bagging.co.uk/dobih,Wales,52.722427,-3.010722,246.1,48.2,source_backed,pending,,pending,,pending,not_imported,warning,england_wales_border_source_signal
15324,Ffridd Fawr,,,31A,31A: Aberystwyth to Welshpool,,,WM01 Carneddwen-golfa,Powys,2,135 136,215W,244,801,SH869033,SH 86946 03374,30,SH 8741 0378,213.5,knoll,,,,W,,24-Dec-20,,"https://www.streetmap.co.uk/map?X=286943&Y=303370&SV=286943,303370&A=Y&Z=115","https://www.google.com/maps/search/?api=1&query=52.616308,-3.671325",https://www.hill-bagging.co.uk/hill-view/?qu=S&rf=15324,286943,303370,52.616308,-3.671325,SH8694303370,31.1,2173,Esgair Ddu,,0,0,0,0,1,0,0,0,0,0,0,0,0,0,0,0,0,0,0,0,0,1,0,0,0,0,0,0,0,0,0,0,0,0,0,0,0,0,0,0,0,0,0,0,0,0,0,0,0,0,0,0,0,0,0,0,0,0,0,0,0,0,0,0,0,dobih:15324,DoBIH,18.5,https://www.hill-bagging.co.uk/dobih-downloads/hillcsv.zip,DoBIH_v18_5.csv,13396947,0c39e13ac59dd3fa172ac21dd56dd0f6fef19a14af47c7a5a444cce691e9f021,d27bc69dbb6d30a6f171ef277408831fe8763fc9043422f4e375e63f4cc190ea,2026-08-25T14:26:29+00:00,Creative Commons Attribution 4.0 International (CC BY 4.0) (https://creativecommons.org/licenses/by/4.0/),The Database of British and Irish Hills v18.5; https://www.hill-bagging.co.uk/dobih,Wales,52.616308,-3.671325,244,30,source_backed,pending,,pending,,pending,not_imported,warning,duplicate_name
15333,Allt Goch,,,31C,31C: South-West Wales,,,WM02 Pumlumon-amlwg,Cardiganshire [Ceredigion],2,135,213,238,781,SN671773,SN 67122 77403,45,SN678776,193,knoll/ridge in pasture,,,,W,,20-Jan-12,,"https://www.streetmap.co.uk/map?X=267119&Y=277398&SV=267119,277398&A=Y&Z=115","https://www.google.com/maps/search/?api=1&query=52.37847,-3.953592",https://www.hill-bagging.co.uk/hill-view/?qu=S&rf=15333,267119,277398,52.37847,-3.953592,SN6711977398,31.3,2205,Pen y Garn,,0,0,0,0,1,0,0,0,0,0,0,0,0,0,0,0,0,0,0,0,0,1,0,0,0,0,0,0,0,0,0,0,0,0,0,0,0,0,0,0,0,0,0,0,0,0,0,0,0,0,0,0,0,0,0,0,0,0,0,0,0,0,0,0,0,dobih:15333,DoBIH,18.5,https://www.hill-bagging.co.uk/dobih-downloads/hillcsv.zip,DoBIH_v18_5.csv,13396947,0c39e13ac59dd3fa172ac21dd56dd0f6fef19a14af47c7a5a444cce691e9f021,d27bc69dbb6d30a6f171ef277408831fe8763fc9043422f4e375e63f4cc190ea,2026-08-25T14:26:29+00:00,Creative Commons Attribution 4.0 International (CC BY 4.0) (https://creativecommons.org/licenses/by/4.0/),The Database of British and Irish Hills v18.5; https://www.hill-bagging.co.uk/dobih,Wales,52.37847,-3.953592,238,45,source_backed,pending,,pending,,pending,not_imported,warning,duplicate_name
15336,Penlan,,,31C,31C: South-West Wales,,,WM06 Cwmcerwyn-brandy,Pembrokeshire [Sir Benfro],2,145 158,0035E,238,781,SN063261,SN 06397 26138,33,SN065271,205,no feature,flat summit area in meadow,,,W,,20-Jan-12,,"https://www.streetmap.co.uk/map?X=206394&Y=226133&SV=206394,226133&A=Y&Z=115","https://www.google.com/maps/search/?api=1&query=51.900026,-4.815526",https://www.hill-bagging.co.uk/hill-view/?qu=S&rf=15336,206394,226133,51.900026,-4.815526,SN0639426133,31.3,2208,Foel Cwmcerwyn,,0,0,0,0,1,0,0,0,0,0,0,0,0,0,0,0,0,0,0,0,0,1,0,0,0,0,0,0,0,0,0,0,0,0,0,0,0,0,0,0,0,0,0,0,0,0,0,0,0,0,0,0,0,0,0,0,0,0,0,0,0,0,0,0,0,dobih:15336,DoBIH,18.5,https://www.hill-bagging.co.uk/dobih-downloads/hillcsv.zip,DoBIH_v18_5.csv,13396947,0c39e13ac59dd3fa172ac21dd56dd0f6fef19a14af47c7a5a444cce691e9f021,d27bc69dbb6d30a6f171ef277408831fe8763fc9043422f4e375e63f4cc190ea,2026-08-25T14:26:29+00:00,Creative Commons Attribution 4.0 International (CC BY 4.0) (https://creativecommons.org/licenses/by/4.0/),The Database of British and Irish Hills v18.5; https://www.hill-bagging.co.uk/dobih,Wales,51.900026,-4.815526,238,33,source_backed,pending,,pending,,pending,not_imported,warning,duplicate_name
15337,Bryncoch,,,31A,31A: Aberystwyth to Welshpool,,,WM01 Carneddwen-golfa,Powys,2,136,215E,238,781,SO111962,SO 11141 96258,30,SO102964,208,no feature: pasture,ground by communications mast 120m NW is several m lower,Seco 2x Hand Level,,W,,21-Mar-14,,"https://www.streetmap.co.uk/map?X=311139&Y=296254&SV=311139,296254&A=Y&Z=115","https://www.google.com/maps/search/?api=1&query=52.556854,-3.312153",https://www.hill-bagging.co.uk/hill-view/?qu=S&rf=15337,311139,296254,52.556854,-3.312153,SO1113996254,31.1,2171,Garreg-hir,,0,0,0,0,1,0,0,0,0,0,0,0,0,0,0,0,0,0,0,0,0,1,0,0,0,0,0,0,0,0,0,0,0,0,0,0,0,0,0,0,0,0,0,0,0,0,0,0,0,0,0,0,0,0,0,0,0,0,0,0,0,0,0,0,0,dobih:15337,DoBIH,18.5,https://www.hill-bagging.co.uk/dobih-downloads/hillcsv.zip,DoBIH_v18_5.csv,13396947,0c39e13ac59dd3fa172ac21dd56dd0f6fef19a14af47c7a5a444cce691e9f021,d27bc69dbb6d30a6f171ef277408831fe8763fc9043422f4e375e63f4cc190ea,2026-08-25T14:26:29+00:00,Creative Commons Attribution 4.0 International (CC BY 4.0) (https://creativecommons.org/licenses/by/4.0/),The Database of British and Irish Hills v18.5; https://www.hill-bagging.co.uk/dobih,Wales,52.556854,-3.312153,238,30,source_backed,pending,,pending,,pending,not_imported,warning,duplicate_name
15343,Penlan,,,31C,31C: South-West Wales,,,WM05 Drygarn-epynt,Carmarthenshire [Sir Gaerfyrddin],2,146 160,187S,233,764,SN744367,SN 74448 36722,83,SN732370,150,ground at intersection of hedgebanks,,,,W,,08-May-25,,"https://www.streetmap.co.uk/map?X=274445&Y=236717&SV=274445,236717&A=Y&Z=115","https://www.google.com/maps/search/?api=1&query=52.014642,-3.830938",https://www.hill-bagging.co.uk/hill-view/?qu=S&rf=15343,274445,236717,52.014642,-3.830938,SN7444536717,31.3,2211,Mynydd Mallaen,,0,0,0,0,1,0,0,0,0,0,0,0,0,0,0,0,0,0,0,0,0,1,0,0,0,0,0,0,0,0,0,0,0,0,0,0,0,0,0,0,0,0,0,0,0,0,0,0,0,0,0,0,0,0,0,0,0,0,0,0,0,0,0,0,0,dobih:15343,DoBIH,18.5,https://www.hill-bagging.co.uk/dobih-downloads/hillcsv.zip,DoBIH_v18_5.csv,13396947,0c39e13ac59dd3fa172ac21dd56dd0f6fef19a14af47c7a5a444cce691e9f021,d27bc69dbb6d30a6f171ef277408831fe8763fc9043422f4e375e63f4cc190ea,2026-08-25T14:26:29+00:00,Creative Commons Attribution 4.0 International (CC BY 4.0) (https://creativecommons.org/licenses/by/4.0/),The Database of British and Irish Hills v18.5; https://www.hill-bagging.co.uk/dobih,Wales,52.014642,-3.830938,233,83,source_backed,pending,,pending,,pending,not_imported,warning,duplicate_name
15345,Parc,,,31A,31A: Aberystwyth to Welshpool,,,WM02 Pumlumon-amlwg,Powys,2,135,023W 215W,233,764,SN753994,SN 75304 99430,32,SN751991,201,outcrop,,Seco 2x Hand Level,,W,,25-Jan-24,,"https://www.streetmap.co.uk/map?X=275301&Y=299426&SV=275301,299426&A=Y&Z=115","https://www.google.com/maps/search/?api=1&query=52.578319,-3.841705",https://www.hill-bagging.co.uk/hill-view/?qu=S&rf=15345,275301,299426,52.578319,-3.841705,SN7530199426,31.1,2166,Banc Llechwedd-mawr,,0,0,0,0,1,0,0,0,0,0,0,0,0,0,0,0,0,0,0,0,0,1,0,0,0,0,0,0,0,0,0,0,0,0,0,0,0,0,0,0,0,0,0,0,0,0,0,0,0,0,0,0,0,0,0,0,0,0,0,0,0,0,0,0,0,dobih:15345,DoBIH,18.5,https://www.hill-bagging.co.uk/dobih-downloads/hillcsv.zip,DoBIH_v18_5.csv,13396947,0c39e13ac59dd3fa172ac21dd56dd0f6fef19a14af47c7a5a444cce691e9f021,d27bc69dbb6d30a6f171ef277408831fe8763fc9043422f4e375e63f4cc190ea,2026-08-25T14:26:29+00:00,Creative Commons Attribution 4.0 International (CC BY 4.0) (https://creativecommons.org/licenses/by/4.0/),The Database of British and Irish Hills v18.5; https://www.hill-bagging.co.uk/dobih,Wales,52.578319,-3.841705,233,32,source_backed,pending,,pending,,pending,not_imported,warning,duplicate_name
15352,Pen-y-banc,,,31C,31C: South-West Wales,,,WM05 Drygarn-epynt,Powys,2,147,188 200E,229,751,SO013528,SO 01370 52863,49,SN998537,180,no feature,,,,W,,25-Jan-24,,"https://www.streetmap.co.uk/map?X=301368&Y=252858&SV=301368,252858&A=Y&Z=115","https://www.google.com/maps/search/?api=1&query=52.165159,-3.443464",https://www.hill-bagging.co.uk/hill-view/?qu=S&rf=15352,301368,252858,52.165159,-3.443464,SO0136852858,31.3,2203,Drygarn Fawr,,0,0,0,0,1,0,0,0,0,0,0,0,0,0,0,0,0,0,0,0,0,1,0,0,0,0,0,0,0,0,0,0,0,0,0,0,0,0,0,0,0,0,0,0,0,0,0,0,0,0,0,0,0,0,0,0,0,0,0,0,0,0,0,0,0,dobih:15352,DoBIH,18.5,https://www.hill-bagging.co.uk/dobih-downloads/hillcsv.zip,DoBIH_v18_5.csv,13396947,0c39e13ac59dd3fa172ac21dd56dd0f6fef19a14af47c7a5a444cce691e9f021,d27bc69dbb6d30a6f171ef277408831fe8763fc9043422f4e375e63f4cc190ea,2026-08-25T14:26:29+00:00,Creative Commons Attribution 4.0 International (CC BY 4.0) (https://creativecommons.org/licenses/by/4.0/),The Database of British and Irish Hills v18.5; https://www.hill-bagging.co.uk/dobih,Wales,52.165159,-3.443464,229,49,source_backed,pending,,pending,,pending,not_imported,warning,duplicate_name
15376,Allt Goch,,,31A,31A: Aberystwyth to Welshpool,,,WM02 Pumlumon-amlwg,Powys,2,135,215W,213,699,SN793991,SN 79305 99171,40,SN790992,173,no feature,summit in trees,,,W,,25-Jan-24,,"https://www.streetmap.co.uk/map?X=279302&Y=299167&SV=279302,299167&A=Y&Z=115","https://www.google.com/maps/search/?api=1&query=52.576895,-3.782595",https://www.hill-bagging.co.uk/hill-view/?qu=S&rf=15376,279302,299167,52.576895,-3.782595,SN7930299167,31.1,2161,Pumlumon Fawr [Plynlimon],,0,0,0,0,1,0,0,0,0,0,0,0,0,0,0,0,0,0,0,0,0,1,0,0,0,0,0,0,0,0,0,0,0,0,0,0,0,0,0,0,0,0,0,0,0,0,0,0,0,0,0,0,0,0,0,0,0,0,0,0,0,0,0,0,0,dobih:15376,DoBIH,18.5,https://www.hill-bagging.co.uk/dobih-downloads/hillcsv.zip,DoBIH_v18_5.csv,13396947,0c39e13ac59dd3fa172ac21dd56dd0f6fef19a14af47c7a5a444cce691e9f021,d27bc69dbb6d30a6f171ef277408831fe8763fc9043422f4e375e63f4cc190ea,2026-08-25T14:26:29+00:00,Creative Commons Attribution 4.0 International (CC BY 4.0) (https://creativecommons.org/licenses/by/4.0/),The Database of British and Irish Hills v18.5; https://www.hill-bagging.co.uk/dobih,Wales,52.576895,-3.782595,213,40,source_backed,pending,,pending,,pending,not_imported,warning,duplicate_name
15381,Penbwlch,,,31C,31C: South-West Wales,,,WM05 Drygarn-epynt,Cardiganshire [Ceredigion],2,146,199,210,689,SN594571,,37,SN595564,173,,,,,W,,20-Jan-12,,"https://www.streetmap.co.uk/map?X=259400&Y=257100&SV=259400,257100&A=Y&Z=115","https://www.google.com/maps/search/?api=1&query=52.194171,-4.058446",https://www.hill-bagging.co.uk/hill-view/?qu=S&rf=15381,259400,257100,52.194171,-4.058446,SN5940057100,31.3,2221,Rhos Ymryson,,0,0,0,0,1,0,0,0,0,0,0,0,0,0,0,0,0,0,0,0,0,1,0,0,0,0,0,0,0,0,0,0,0,0,0,0,0,0,0,0,0,0,0,0,0,0,0,0,0,0,0,0,0,0,0,0,0,0,0,0,0,0,0,0,0,dobih:15381,DoBIH,18.5,https://www.hill-bagging.co.uk/dobih-downloads/hillcsv.zip,DoBIH_v18_5.csv,13396947,0c39e13ac59dd3fa172ac21dd56dd0f6fef19a14af47c7a5a444cce691e9f021,d27bc69dbb6d30a6f171ef277408831fe8763fc9043422f4e375e63f4cc190ea,2026-08-25T14:26:29+00:00,Creative Commons Attribution 4.0 International (CC BY 4.0) (https://creativecommons.org/licenses/by/4.0/),The Database of British and Irish Hills v18.5; https://www.hill-bagging.co.uk/dobih,Wales,52.194171,-4.058446,210,37,source_backed,pending,,pending,,pending,not_imported,warning,duplicate_name
15382,Cefn,,,31C,31C: South-West Wales,,,WM05 Drygarn-epynt,Cardiganshire [Ceredigion],2,146,199,209,686,SN619611,SN 61916 61115,36,SN625621,173,no feature: ground on N side of hedge,flat summit area,,,W,,25-Jan-24,,"https://www.streetmap.co.uk/map?X=261913&Y=261110&SV=261913,261110&A=Y&Z=115","https://www.google.com/maps/search/?api=1&query=52.230838,-4.023339",https://www.hill-bagging.co.uk/hill-view/?qu=S&rf=15382,261913,261110,52.230838,-4.023339,SN6191361110,31.3,2214,Hafod Ithel,,0,0,0,0,1,0,0,0,0,0,0,0,0,0,0,0,0,0,0,0,0,1,0,0,0,0,0,0,0,0,0,0,0,0,0,0,0,0,0,0,0,0,0,0,0,0,0,0,0,0,0,0,0,0,0,0,0,0,0,0,0,0,0,0,0,dobih:15382,DoBIH,18.5,https://www.hill-bagging.co.uk/dobih-downloads/hillcsv.zip,DoBIH_v18_5.csv,13396947,0c39e13ac59dd3fa172ac21dd56dd0f6fef19a14af47c7a5a444cce691e9f021,d27bc69dbb6d30a6f171ef277408831fe8763fc9043422f4e375e63f4cc190ea,2026-08-25T14:26:29+00:00,Creative Commons Attribution 4.0 International (CC BY 4.0) (https://creativecommons.org/licenses/by/4.0/),The Database of British and Irish Hills v18.5; https://www.hill-bagging.co.uk/dobih,Wales,52.230838,-4.023339,209,36,source_backed,pending,,pending,,pending,not_imported,warning,duplicate_name
15388,Pen y Ddinas,,,31C,31C: South-West Wales,,,WM05 Drygarn-epynt,Carmarthenshire [Sir Gaerfyrddin],2,146,186,230.9,758,SN627357,SN 62759 35752,77.5,SN 6224 3547,153.4,not recorded,,,,W,,10-Dec-25,,"https://www.streetmap.co.uk/map?X=262756&Y=235747&SV=262756,235747&A=Y&Z=115","https://www.google.com/maps/search/?api=1&query=52.003157,-4.000771",https://www.hill-bagging.co.uk/hill-view/?qu=S&rf=15388,262756,235747,52.003157,-4.000771,SN6275635747,31.3,2203,Drygarn Fawr,,0,0,0,0,1,0,0,0,0,0,0,0,0,0,0,0,0,0,0,0,0,1,0,0,0,0,0,0,0,0,0,0,0,0,0,0,0,0,0,0,0,0,0,0,0,0,0,0,0,0,0,0,0,0,0,0,0,0,0,0,0,0,0,0,0,dobih:15388,DoBIH,18.5,https://www.hill-bagging.co.uk/dobih-downloads/hillcsv.zip,DoBIH_v18_5.csv,13396947,0c39e13ac59dd3fa172ac21dd56dd0f6fef19a14af47c7a5a444cce691e9f021,d27bc69dbb6d30a6f171ef277408831fe8763fc9043422f4e375e63f4cc190ea,2026-08-25T14:26:29+00:00,Creative Commons Attribution 4.0 International (CC BY 4.0) (https://creativecommons.org/licenses/by/4.0/),The Database of British and Irish Hills v18.5; https://www.hill-bagging.co.uk/dobih,Wales,52.003157,-4.000771,230.9,77.5,source_backed,pending,,pending,,pending,not_imported,warning,duplicate_name
15393,Cefn,,,31A,31A: Aberystwyth to Welshpool,,,WM02 Pumlumon-amlwg,Powys,2,136,214W 215E,206,676,SN991915,SN 99168 91527,39,SN985916,167,no feature: ground in hedgebank,hedgebank crosses natural summit,,,W,,05-Dec-12,,"https://www.streetmap.co.uk/map?X=299166&Y=291523&SV=299166,291523&A=Y&Z=115","https://www.google.com/maps/search/?api=1&query=52.512248,-3.487262",https://www.hill-bagging.co.uk/hill-view/?qu=S&rf=15393,299166,291523,52.512248,-3.487262,SN9916691523,31.1,2170,Bryn Amlwg,,0,0,0,0,1,0,0,0,0,0,0,0,0,0,0,0,0,0,0,0,0,1,0,0,0,0,0,0,0,0,0,0,0,0,0,0,0,0,0,0,0,0,0,0,0,0,0,0,0,0,0,0,0,0,0,0,0,0,0,0,0,0,0,0,0,dobih:15393,DoBIH,18.5,https://www.hill-bagging.co.uk/dobih-downloads/hillcsv.zip,DoBIH_v18_5.csv,13396947,0c39e13ac59dd3fa172ac21dd56dd0f6fef19a14af47c7a5a444cce691e9f021,d27bc69dbb6d30a6f171ef277408831fe8763fc9043422f4e375e63f4cc190ea,2026-08-25T14:26:29+00:00,Creative Commons Attribution 4.0 International (CC BY 4.0) (https://creativecommons.org/licenses/by/4.0/),The Database of British and Irish Hills v18.5; https://www.hill-bagging.co.uk/dobih,Wales,52.512248,-3.487262,206,39,source_backed,pending,,pending,,pending,not_imported,warning,duplicate_name
15405,Pen y Gaer,,,31C,31C: South-West Wales,,,WM05 Drygarn-epynt,Carmarthenshire [Sir Gaerfyrddin],1,146,186 199,194,636,SN523434,,34,SN525432,160,,,,,W,,25-Jan-24,,"https://www.streetmap.co.uk/map?X=252300&Y=243400&SV=252300,243400&A=Y&Z=115","https://www.google.com/maps/search/?api=1&query=52.069230,-4.156292",https://www.hill-bagging.co.uk/hill-view/?qu=S&rf=15405,252300,243400,52.06923,-4.156292,SN5230043400,31.3,2203,Drygarn Fawr,,0,0,0,0,1,0,0,0,0,0,0,0,0,0,0,0,0,0,0,0,0,0,1,0,0,0,0,0,0,0,0,0,0,0,0,0,0,0,0,0,0,0,0,0,0,0,0,0,0,0,0,0,0,0,0,0,0,0,0,0,0,0,0,0,0,dobih:15405,DoBIH,18.5,https://www.hill-bagging.co.uk/dobih-downloads/hillcsv.zip,DoBIH_v18_5.csv,13396947,0c39e13ac59dd3fa172ac21dd56dd0f6fef19a14af47c7a5a444cce691e9f021,d27bc69dbb6d30a6f171ef277408831fe8763fc9043422f4e375e63f4cc190ea,2026-08-25T14:26:29+00:00,Creative Commons Attribution 4.0 International (CC BY 4.0) (https://creativecommons.org/licenses/by/4.0/),The Database of British and Irish Hills v18.5; https://www.hill-bagging.co.uk/dobih,Wales,52.06923,-4.156292,194,34,source_backed,pending,,pending,,pending,not_imported,warning,duplicate_name
15413,Penlan,,,31C,31C: South-West Wales,,,WM06 Cwmcerwyn-brandy,Pembrokeshire [Sir Benfro],1,145,0035E,192,630,SN102433,,40,SN110427,152,,,,,W,,20-Jan-12,,"https://www.streetmap.co.uk/map?X=210200&Y=243300&SV=210200,243300&A=Y&Z=115","https://www.google.com/maps/search/?api=1&query=52.055505,-4.769769",https://www.hill-bagging.co.uk/hill-view/?qu=S&rf=15413,210200,243300,52.055505,-4.769769,SN1020043300,31.3,2213,Frenni Fawr,,0,0,0,0,1,0,0,0,0,0,0,0,0,0,0,0,0,0,0,0,0,0,1,0,0,0,0,0,0,0,0,0,0,0,0,0,0,0,0,0,0,0,0,0,0,0,0,0,0,0,0,0,0,0,0,0,0,0,0,0,0,0,0,0,0,dobih:15413,DoBIH,18.5,https://www.hill-bagging.co.uk/dobih-downloads/hillcsv.zip,DoBIH_v18_5.csv,13396947,0c39e13ac59dd3fa172ac21dd56dd0f6fef19a14af47c7a5a444cce691e9f021,d27bc69dbb6d30a6f171ef277408831fe8763fc9043422f4e375e63f4cc190ea,2026-08-25T14:26:29+00:00,Creative Commons Attribution 4.0 International (CC BY 4.0) (https://creativecommons.org/licenses/by/4.0/),The Database of British and Irish Hills v18.5; https://www.hill-bagging.co.uk/dobih,Wales,52.055505,-4.769769,192,40,source_backed,pending,,pending,,pending,not_imported,warning,duplicate_name
15414,Y Foel,,,31A,31A: Aberystwyth to Welshpool,,,WM02 Pumlumon-amlwg,Cardiganshire [Ceredigion],1,135,023W,192,630,SN668929,SN 66851 92927,40,SN675925,152,outcrop on E side of wall near comms mast,,,,W,,25-Jan-24,,"https://www.streetmap.co.uk/map?X=266848&Y=292923&SV=266848,292923&A=Y&Z=115","https://www.google.com/maps/search/?api=1&query=52.517886,-3.963766",https://www.hill-bagging.co.uk/hill-view/?qu=S&rf=15414,266848,292923,52.517886,-3.963766,SN6684892923,31.1,2166,Banc Llechwedd-mawr,,0,0,0,0,1,0,0,0,0,0,0,0,0,0,0,0,0,0,0,0,0,0,1,0,0,0,0,0,0,0,0,0,0,0,0,0,0,0,0,0,0,0,0,0,0,0,0,0,0,0,0,0,0,0,0,0,0,0,0,0,0,0,0,0,0,dobih:15414,DoBIH,18.5,https://www.hill-bagging.co.uk/dobih-downloads/hillcsv.zip,DoBIH_v18_5.csv,13396947,0c39e13ac59dd3fa172ac21dd56dd0f6fef19a14af47c7a5a444cce691e9f021,d27bc69dbb6d30a6f171ef277408831fe8763fc9043422f4e375e63f4cc190ea,2026-08-25T14:26:29+00:00,Creative Commons Attribution 4.0 International (CC BY 4.0) (https://creativecommons.org/licenses/by/4.0/),The Database of British and Irish Hills v18.5; https://www.hill-bagging.co.uk/dobih,Wales,52.517886,-3.963766,192,40,source_backed,pending,,pending,,pending,not_imported,warning,duplicate_name
15416,Carn Gelli,,,31C,31C: South-West Wales,,,WM06 Cwmcerwyn-brandy,Pembrokeshire [Sir Benfro],1,157,0035W,191,627,SM923379,SM 92314 37949,63,SM919387,128,rock tor,,,,W,,15-Dec-14,,"https://www.streetmap.co.uk/map?X=192311&Y=237944&SV=192311,237944&A=Y&Z=115","https://www.google.com/maps/search/?api=1&query=52.000999,-5.027069",https://www.hill-bagging.co.uk/hill-view/?qu=S&rf=15416,192311,237944,52.000999,-5.027069,SM9231137944,31.3,2208,Foel Cwmcerwyn,,0,0,0,0,1,0,0,0,0,0,0,0,0,0,0,0,0,0,0,0,0,0,1,0,0,0,0,0,0,0,0,0,0,0,0,0,0,0,0,0,0,0,0,0,0,0,0,0,0,0,0,0,0,0,0,0,0,0,0,0,0,0,0,0,0,dobih:15416,DoBIH,18.5,https://www.hill-bagging.co.uk/dobih-downloads/hillcsv.zip,DoBIH_v18_5.csv,13396947,0c39e13ac59dd3fa172ac21dd56dd0f6fef19a14af47c7a5a444cce691e9f021,d27bc69dbb6d30a6f171ef277408831fe8763fc9043422f4e375e63f4cc190ea,2026-08-25T14:26:29+00:00,Creative Commons Attribution 4.0 International (CC BY 4.0) (https://creativecommons.org/licenses/by/4.0/),The Database of British and Irish Hills v18.5; https://www.hill-bagging.co.uk/dobih,Wales,52.000999,-5.027069,191,63,source_backed,pending,,pending,,pending,not_imported,warning,duplicate_name
15419,Park Wood Hill,,,31C,31C: South-West Wales,,,WM05 Drygarn-epynt,Powys,1,147,188 200E,186,610,SO025516,,41,SO022519,145,,,,,W,,25-Jan-24,,"https://www.streetmap.co.uk/map?X=302500&Y=251600&SV=302500,251600&A=Y&Z=115","https://www.google.com/maps/search/?api=1&query=52.154051,-3.426552",https://www.hill-bagging.co.uk/hill-view/?qu=S&rf=15419,302500,251600,52.154051,-3.426552,SO0250051600,31.3,2203,Drygarn Fawr,,0,0,0,0,1,0,0,0,0,0,0,0,0,0,0,0,0,0,0,0,0,0,1,0,0,0,0,0,0,0,0,0,0,0,0,0,0,0,0,0,0,0,0,0,0,0,0,0,0,0,0,0,0,0,0,0,0,0,0,0,0,0,0,0,0,dobih:15419,DoBIH,18.5,https://www.hill-bagging.co.uk/dobih-downloads/hillcsv.zip,DoBIH_v18_5.csv,13396947,0c39e13ac59dd3fa172ac21dd56dd0f6fef19a14af47c7a5a444cce691e9f021,d27bc69dbb6d30a6f171ef277408831fe8763fc9043422f4e375e63f4cc190ea,2026-08-25T14:26:29+00:00,Creative Commons Attribution 4.0 International (CC BY 4.0) (https://creativecommons.org/licenses/by/4.0/),The Database of British and Irish Hills v18.5; https://www.hill-bagging.co.uk/dobih,Wales,52.154051,-3.426552,186,41,source_backed,pending,,pending,,pending,not_imported,warning,duplicate_name
15423,Brynhyfryd,,,31C,31C: South-West Wales,,,WM06 Cwmcerwyn-brandy,Carmarthenshire [Sir Gaerfyrddin],Un,158,177,184.3,605,SN202110,SN 20229 11015,29.4,SN 2048 1153,154.9,not recorded,trig point is 30m E in hedge at SN 20257 11013,,,W,,01-Oct-18,"Tump deleted September 2018, LIDAR data","https://www.streetmap.co.uk/map?X=220226&Y=211010&SV=220226,211010&A=Y&Z=115","https://www.google.com/maps/search/?api=1&query=51.768831,-4.606846",https://www.hill-bagging.co.uk/hill-view/?qu=S&rf=15423,220226,211010,51.768831,-4.606846,SN2022611010,31.3,2224,Brandy Hill,,0,0,0,0,0,0,0,0,0,0,0,0,0,0,0,0,0,0,0,0,0,0,0,0,0,0,0,0,0,0,0,0,0,0,0,0,0,0,0,0,0,0,0,0,0,0,0,0,0,0,0,0,0,0,0,0,0,0,0,0,0,0,0,0,1,dobih:15423,DoBIH,18.5,https://www.hill-bagging.co.uk/dobih-downloads/hillcsv.zip,DoBIH_v18_5.csv,13396947,0c39e13ac59dd3fa172ac21dd56dd0f6fef19a14af47c7a5a444cce691e9f021,d27bc69dbb6d30a6f171ef277408831fe8763fc9043422f4e375e63f4cc190ea,2026-08-25T14:26:29+00:00,Creative Commons Attribution 4.0 International (CC BY 4.0) (https://creativecommons.org/licenses/by/4.0/),The Database of British and Irish Hills v18.5; https://www.hill-bagging.co.uk/dobih,Wales,51.768831,-4.606846,184.3,29.4,source_backed,pending,,pending,,pending,not_imported,warning,duplicate_name
15429,Allt y Parc,,,31C,31C: South-West Wales,,,WM05 Drygarn-epynt,Carmarthenshire [Sir Gaerfyrddin],1,146,012W,184.5,605,SN681300,SN 68181 30064,60,SN677304,125,outcrop,,obvious summit,,W,,25-Jan-24,,"https://www.streetmap.co.uk/map?X=268178&Y=230059&SV=268178,230059&A=Y&Z=115","https://www.google.com/maps/search/?api=1&query=51.95336,-3.919645",https://www.hill-bagging.co.uk/hill-view/?qu=S&rf=15429,268178,230059,51.95336,-3.919645,SN6817830059,31.3,2211,Mynydd Mallaen,,0,0,0,0,1,0,0,0,0,0,0,0,0,0,0,0,0,0,0,0,0,0,1,0,0,0,0,0,0,0,0,0,0,0,0,0,0,0,0,0,0,0,0,0,0,0,0,0,0,0,0,0,0,0,0,0,0,0,0,0,0,0,0,0,0,dobih:15429,DoBIH,18.5,https://www.hill-bagging.co.uk/dobih-downloads/hillcsv.zip,DoBIH_v18_5.csv,13396947,0c39e13ac59dd3fa172ac21dd56dd0f6fef19a14af47c7a5a444cce691e9f021,d27bc69dbb6d30a6f171ef277408831fe8763fc9043422f4e375e63f4cc190ea,2026-08-25T14:26:29+00:00,Creative Commons Attribution 4.0 International (CC BY 4.0) (https://creativecommons.org/licenses/by/4.0/),The Database of British and Irish Hills v18.5; https://www.hill-bagging.co.uk/dobih,Wales,51.95336,-3.919645,184.5,60,source_backed,pending,,pending,,pending,not_imported,warning,duplicate_name
15431,Moelfre,,,31C,31C: South-West Wales,,,WM05 Drygarn-epynt,Carmarthenshire [Sir Gaerfyrddin],1,146,186,179,587,SN629341,SN 62964 34138,48,SN624339,131,no feature: pasture,flat summit area,,,W,,20-Jan-12,,"https://www.streetmap.co.uk/map?X=262961&Y=234133&SV=262961,234133&A=Y&Z=115","https://www.google.com/maps/search/?api=1&query=51.988705,-3.997141",https://www.hill-bagging.co.uk/hill-view/?qu=S&rf=15431,262961,234133,51.988705,-3.997141,SN6296134133,31.3,2219,Mynydd Cynros,,0,0,0,0,1,0,0,0,0,0,0,0,0,0,0,0,0,0,0,0,0,0,1,0,0,0,0,0,0,0,0,0,0,0,0,0,0,0,0,0,0,0,0,0,0,0,0,0,0,0,0,0,0,0,0,0,0,0,0,0,0,0,0,0,0,dobih:15431,DoBIH,18.5,https://www.hill-bagging.co.uk/dobih-downloads/hillcsv.zip,DoBIH_v18_5.csv,13396947,0c39e13ac59dd3fa172ac21dd56dd0f6fef19a14af47c7a5a444cce691e9f021,d27bc69dbb6d30a6f171ef277408831fe8763fc9043422f4e375e63f4cc190ea,2026-08-25T14:26:29+00:00,Creative Commons Attribution 4.0 International (CC BY 4.0) (https://creativecommons.org/licenses/by/4.0/),The Database of British and Irish Hills v18.5; https://www.hill-bagging.co.uk/dobih,Wales,51.988705,-3.997141,179,48,source_backed,pending,,pending,,pending,not_imported,warning,duplicate_name
15434,Pen-y-banc,,,31C,31C: South-West Wales,,,WM05 Drygarn-epynt,Carmarthenshire [Sir Gaerfyrddin],1,146,186,179,587,SN571265,SN 57108 26566,32,SN576274,147,no feature: ground on SE side of road,,,,W,,04-Feb-18,,"https://www.streetmap.co.uk/map?X=257105&Y=226561&SV=257105,226561&A=Y&Z=115","https://www.google.com/maps/search/?api=1&query=51.919194,-4.079214",https://www.hill-bagging.co.uk/hill-view/?qu=S&rf=15434,257105,226561,51.919194,-4.079214,SN5710526561,31.3,2219,Mynydd Cynros,,0,0,0,0,1,0,0,0,0,0,0,0,0,0,0,0,0,0,0,0,0,0,1,0,0,0,0,0,0,0,0,0,0,0,0,0,0,0,0,0,0,0,0,0,0,0,0,0,0,0,0,0,0,0,0,0,0,0,0,0,0,0,0,0,0,dobih:15434,DoBIH,18.5,https://www.hill-bagging.co.uk/dobih-downloads/hillcsv.zip,DoBIH_v18_5.csv,13396947,0c39e13ac59dd3fa172ac21dd56dd0f6fef19a14af47c7a5a444cce691e9f021,d27bc69dbb6d30a6f171ef277408831fe8763fc9043422f4e375e63f4cc190ea,2026-08-25T14:26:29+00:00,Creative Commons Attribution 4.0 International (CC BY 4.0) (https://creativecommons.org/licenses/by/4.0/),The Database of British and Irish Hills v18.5; https://www.hill-bagging.co.uk/dobih,Wales,51.919194,-4.079214,179,32,source_backed,pending,,pending,,pending,not_imported,warning,duplicate_name
15443,Bryn Mawr,,,30E,30E: Bala to Welshpool,,,WM01 Carneddwen-golfa,Powys,1,126,240,178,584,SJ251190,SJ 25119 19058,89,SJ 2037 1527,88.6,no feature: grass,summit in trees; height given to nearest metre,Trimble GeoXH 6000,,W,,01-Apr-19,,"https://www.streetmap.co.uk/map?X=325117&Y=319054&SV=325117,319054&A=Y&Z=115","https://www.google.com/maps/search/?api=1&query=52.76389,-3.111203",https://www.hill-bagging.co.uk/hill-view/?qu=S&rf=15443,325117,319054,52.76389,-3.111203,SJ2511719054,30.5,2136,Y Golfa,,0,0,0,0,1,0,0,0,0,0,0,0,0,0,0,0,0,0,0,0,0,0,1,0,0,0,0,0,0,0,0,0,0,0,0,0,0,0,0,0,0,0,0,0,0,0,0,0,0,0,0,1,0,0,0,0,0,0,0,0,0,0,0,0,0,dobih:15443,DoBIH,18.5,https://www.hill-bagging.co.uk/dobih-downloads/hillcsv.zip,DoBIH_v18_5.csv,13396947,0c39e13ac59dd3fa172ac21dd56dd0f6fef19a14af47c7a5a444cce691e9f021,d27bc69dbb6d30a6f171ef277408831fe8763fc9043422f4e375e63f4cc190ea,2026-08-25T14:26:29+00:00,Creative Commons Attribution 4.0 International (CC BY 4.0) (https://creativecommons.org/licenses/by/4.0/),The Database of British and Irish Hills v18.5; https://www.hill-bagging.co.uk/dobih,Wales,52.76389,-3.111203,178,89,source_backed,pending,,pending,,pending,not_imported,warning,duplicate_name
15460,Brynhyfryd,,,30E,30E: Bala to Welshpool,,,WM01 Carneddwen-golfa,Powys,1,125,239,166,545,SJ171137,SJ 17135 13708,58,SJ175135,108,no feature: pasture,,,,W,,05-Dec-12,,"https://www.streetmap.co.uk/map?X=317132&Y=313704&SV=317132,313704&A=Y&Z=115","https://www.google.com/maps/search/?api=1&query=52.714639,-3.228147",https://www.hill-bagging.co.uk/hill-view/?qu=S&rf=15460,317132,313704,52.714639,-3.228147,SJ1713213704,30.5,2136,Y Golfa,,0,0,0,0,1,0,0,0,0,0,0,0,0,0,0,0,0,0,0,0,0,0,1,0,0,0,0,0,0,0,0,0,0,0,0,0,0,0,0,0,0,0,0,0,0,0,0,0,0,0,0,0,0,0,0,0,0,0,0,0,0,0,0,0,0,dobih:15460,DoBIH,18.5,https://www.hill-bagging.co.uk/dobih-downloads/hillcsv.zip,DoBIH_v18_5.csv,13396947,0c39e13ac59dd3fa172ac21dd56dd0f6fef19a14af47c7a5a444cce691e9f021,d27bc69dbb6d30a6f171ef277408831fe8763fc9043422f4e375e63f4cc190ea,2026-08-25T14:26:29+00:00,Creative Commons Attribution 4.0 International (CC BY 4.0) (https://creativecommons.org/licenses/by/4.0/),The Database of British and Irish Hills v18.5; https://www.hill-bagging.co.uk/dobih,Wales,52.714639,-3.228147,166,58,source_backed,pending,,pending,,pending,not_imported,warning,duplicate_name
15464,Penlan,,,31C,31C: South-West Wales,,,WM06 Cwmcerwyn-brandy,Carmarthenshire [Sir Gaerfyrddin],1,145 158,177,158,518,SN253216,SN 25387 21683,46,SN257219,112,no feature: pasture,,,,W,,20-Jan-12,,"https://www.streetmap.co.uk/map?X=225384&Y=221678&SV=225384,221678&A=Y&Z=115","https://www.google.com/maps/search/?api=1&query=51.866288,-4.537551",https://www.hill-bagging.co.uk/hill-view/?qu=S&rf=15464,225384,221678,51.866288,-4.537551,SN2538421678,31.3,2213,Frenni Fawr,,0,0,0,0,1,0,0,0,0,0,0,0,0,0,0,0,0,0,0,0,0,0,1,0,0,0,0,0,0,0,0,0,0,0,0,0,0,0,0,0,0,0,0,0,0,0,0,0,0,0,0,0,0,0,0,0,0,0,0,0,0,0,0,0,0,dobih:15464,DoBIH,18.5,https://www.hill-bagging.co.uk/dobih-downloads/hillcsv.zip,DoBIH_v18_5.csv,13396947,0c39e13ac59dd3fa172ac21dd56dd0f6fef19a14af47c7a5a444cce691e9f021,d27bc69dbb6d30a6f171ef277408831fe8763fc9043422f4e375e63f4cc190ea,2026-08-25T14:26:29+00:00,Creative Commons Attribution 4.0 International (CC BY 4.0) (https://creativecommons.org/licenses/by/4.0/),The Database of British and Irish Hills v18.5; https://www.hill-bagging.co.uk/dobih,Wales,51.866288,-4.537551,158,46,source_backed,pending,,pending,,pending,not_imported,warning,duplicate_name
15471,The Mount,,,30E,30E: Bala to Welshpool,,,WM01 Carneddwen-golfa,Powys,1,126,240,154.9,508,SJ225167,SJ 22600 16707,48,SJ234175,107,no feature: grass,summit is 50m NE of trig point,Trimble GeoXH 6000,,W,,12-Sep-15,,"https://www.streetmap.co.uk/map?X=322598&Y=316703&SV=322598,316703&A=Y&Z=115","https://www.google.com/maps/search/?api=1&query=52.742404,-3.147971",https://www.hill-bagging.co.uk/hill-view/?qu=S&rf=15471,322598,316703,52.742404,-3.147971,SJ2259816703,30.5,2136,Y Golfa,,0,0,0,0,1,0,0,0,0,0,0,0,0,0,0,0,0,0,0,0,0,0,1,0,0,0,0,0,0,0,0,0,0,0,0,0,0,0,0,0,0,0,0,0,0,0,0,0,0,0,0,0,0,0,0,0,0,0,0,0,0,0,0,0,0,dobih:15471,DoBIH,18.5,https://www.hill-bagging.co.uk/dobih-downloads/hillcsv.zip,DoBIH_v18_5.csv,13396947,0c39e13ac59dd3fa172ac21dd56dd0f6fef19a14af47c7a5a444cce691e9f021,d27bc69dbb6d30a6f171ef277408831fe8763fc9043422f4e375e63f4cc190ea,2026-08-25T14:26:29+00:00,Creative Commons Attribution 4.0 International (CC BY 4.0) (https://creativecommons.org/licenses/by/4.0/),The Database of British and Irish Hills v18.5; https://www.hill-bagging.co.uk/dobih,Wales,52.742404,-3.147971,154.9,48,source_backed,pending,,pending,,pending,not_imported,warning,duplicate_name
15477,Bryncoch,,,31C,31C: South-West Wales,,,WM06 Cwmcerwyn-brandy,Carmarthenshire [Sir Gaerfyrddin],1,158,177,151,495,SN219182,,53,SN227201,98,,,,,W,,15-Mar-15,,"https://www.streetmap.co.uk/map?X=221900&Y=218200&SV=221900,218200&A=Y&Z=115","https://www.google.com/maps/search/?api=1&query=51.833949,-4.586307",https://www.hill-bagging.co.uk/hill-view/?qu=S&rf=15477,221900,218200,51.833949,-4.586307,SN2190018200,31.3,2213,Frenni Fawr,,0,0,0,0,1,0,0,0,0,0,0,0,0,0,0,0,0,0,0,0,0,0,1,0,0,0,0,0,0,0,0,0,0,0,0,0,0,0,0,0,0,0,0,0,0,0,0,0,0,0,0,1,0,0,0,0,0,0,0,0,0,0,0,0,0,dobih:15477,DoBIH,18.5,https://www.hill-bagging.co.uk/dobih-downloads/hillcsv.zip,DoBIH_v18_5.csv,13396947,0c39e13ac59dd3fa172ac21dd56dd0f6fef19a14af47c7a5a444cce691e9f021,d27bc69dbb6d30a6f171ef277408831fe8763fc9043422f4e375e63f4cc190ea,2026-08-25T14:26:29+00:00,Creative Commons Attribution 4.0 International (CC BY 4.0) (https://creativecommons.org/licenses/by/4.0/),The Database of British and Irish Hills v18.5; https://www.hill-bagging.co.uk/dobih,Wales,51.833949,-4.586307,151,53,source_backed,pending,,pending,,pending,not_imported,warning,duplicate_name
15478,Moel Ddu,,,31C,31C: South-West Wales,,,WM06 Cwmcerwyn-brandy,Pembrokeshire [Sir Benfro],1,157,0035W,151,495,SM911346,SM 91119 34670,45,SM908354,106,trig point,,,,W,,20-Jan-12,,"https://www.streetmap.co.uk/map?X=191116&Y=234665&SV=191116,234665&A=Y&Z=115","https://www.google.com/maps/search/?api=1&query=51.971111,-5.042455",https://www.hill-bagging.co.uk/hill-view/?qu=S&rf=15478,191116,234665,51.971111,-5.042455,SM9111634665,31.3,2208,Foel Cwmcerwyn,,0,0,0,0,1,0,0,0,0,0,0,0,0,0,0,0,0,0,0,0,0,0,1,0,0,0,0,0,0,0,0,0,0,0,0,0,0,0,0,0,0,0,0,0,0,0,0,0,0,0,0,0,0,0,0,0,0,0,0,0,0,0,0,0,0,dobih:15478,DoBIH,18.5,https://www.hill-bagging.co.uk/dobih-downloads/hillcsv.zip,DoBIH_v18_5.csv,13396947,0c39e13ac59dd3fa172ac21dd56dd0f6fef19a14af47c7a5a444cce691e9f021,d27bc69dbb6d30a6f171ef277408831fe8763fc9043422f4e375e63f4cc190ea,2026-08-25T14:26:29+00:00,Creative Commons Attribution 4.0 International (CC BY 4.0) (https://creativecommons.org/licenses/by/4.0/),The Database of British and Irish Hills v18.5; https://www.hill-bagging.co.uk/dobih,Wales,51.971111,-5.042455,151,45,source_backed,pending,,pending,,pending,not_imported,warning,duplicate_name
15484,Waun Fawr,,,31C,31C: South-West Wales,,,WM06 Cwmcerwyn-brandy,Carmarthenshire [Sir Gaerfyrddin],1,145 158,177 185,149,489,SN236231,,35,SN238239,114,,,,,W,,25-Jan-24,,"https://www.streetmap.co.uk/map?X=223600&Y=223100&SV=223600,223100&A=Y&Z=115","https://www.google.com/maps/search/?api=1&query=51.878501,-4.564162",https://www.hill-bagging.co.uk/hill-view/?qu=S&rf=15484,223600,223100,51.878501,-4.564162,SN2360023100,31.3,2213,Frenni Fawr,,0,0,0,0,1,0,0,0,0,0,0,0,0,0,0,0,0,0,0,0,0,0,1,0,0,0,0,0,0,0,0,0,0,0,0,0,0,0,0,0,0,0,0,0,0,0,0,0,0,0,0,0,0,0,0,0,0,0,0,0,0,0,0,0,0,dobih:15484,DoBIH,18.5,https://www.hill-bagging.co.uk/dobih-downloads/hillcsv.zip,DoBIH_v18_5.csv,13396947,0c39e13ac59dd3fa172ac21dd56dd0f6fef19a14af47c7a5a444cce691e9f021,d27bc69dbb6d30a6f171ef277408831fe8763fc9043422f4e375e63f4cc190ea,2026-08-25T14:26:29+00:00,Creative Commons Attribution 4.0 International (CC BY 4.0) (https://creativecommons.org/licenses/by/4.0/),The Database of British and Irish Hills v18.5; https://www.hill-bagging.co.uk/dobih,Wales,51.878501,-4.564162,149,35,source_backed,pending,,pending,,pending,not_imported,warning,duplicate_name
15489,Penlan,,,31C,31C: South-West Wales,,,WM06 Cwmcerwyn-brandy,Carmarthenshire [Sir Gaerfyrddin],1,158,177,145,476,SN201192,,47,SN198195,98,,flat summit area,,,W,,20-Jan-12,,"https://www.streetmap.co.uk/map?X=220100&Y=219200&SV=220100,219200&A=Y&Z=115","https://www.google.com/maps/search/?api=1&query=51.842354,-4.612923",https://www.hill-bagging.co.uk/hill-view/?qu=S&rf=15489,220100,219200,51.842354,-4.612923,SN2010019200,31.3,2213,Frenni Fawr,,0,0,0,0,1,0,0,0,0,0,0,0,0,0,0,0,0,0,0,0,0,0,1,0,0,0,0,0,0,0,0,0,0,0,0,0,0,0,0,0,0,0,0,0,0,0,0,0,0,0,0,0,0,0,0,0,0,0,0,0,0,0,0,0,0,dobih:15489,DoBIH,18.5,https://www.hill-bagging.co.uk/dobih-downloads/hillcsv.zip,DoBIH_v18_5.csv,13396947,0c39e13ac59dd3fa172ac21dd56dd0f6fef19a14af47c7a5a444cce691e9f021,d27bc69dbb6d30a6f171ef277408831fe8763fc9043422f4e375e63f4cc190ea,2026-08-25T14:26:29+00:00,Creative Commons Attribution 4.0 International (CC BY 4.0) (https://creativecommons.org/licenses/by/4.0/),The Database of British and Irish Hills v18.5; https://www.hill-bagging.co.uk/dobih,Wales,51.842354,-4.612923,145,47,source_backed,pending,,pending,,pending,not_imported,warning,duplicate_name
15491,Carn Gelli,,,31C,31C: South-West Wales,,,WM06 Cwmcerwyn-brandy,Pembrokeshire [Sir Benfro],1,157,0035E 0035W,143.5,471,SM982375,SM 98236 37537,55.2,SM 9917 3689,88.3,not recorded,Carn Bica 160m N is probably lower,,,W,,23-Feb-25,,"https://www.streetmap.co.uk/map?X=198233&Y=237532&SV=198233,237532&A=Y&Z=115","https://www.google.com/maps/search/?api=1&query=51.999484,-4.940677",https://www.hill-bagging.co.uk/hill-view/?qu=S&rf=15491,198233,237532,51.999484,-4.940677,SM9823337532,31.3,2215,Mynydd Carningli,,0,0,0,0,1,0,0,0,0,0,0,0,0,0,0,0,0,0,0,0,0,0,1,0,0,0,0,0,0,0,0,0,0,0,0,0,0,0,0,0,0,0,0,0,0,0,0,0,0,0,0,0,0,0,0,0,0,0,0,0,0,0,0,0,0,dobih:15491,DoBIH,18.5,https://www.hill-bagging.co.uk/dobih-downloads/hillcsv.zip,DoBIH_v18_5.csv,13396947,0c39e13ac59dd3fa172ac21dd56dd0f6fef19a14af47c7a5a444cce691e9f021,d27bc69dbb6d30a6f171ef277408831fe8763fc9043422f4e375e63f4cc190ea,2026-08-25T14:26:29+00:00,Creative Commons Attribution 4.0 International (CC BY 4.0) (https://creativecommons.org/licenses/by/4.0/),The Database of British and Irish Hills v18.5; https://www.hill-bagging.co.uk/dobih,Wales,51.999484,-4.940677,143.5,55.2,source_backed,pending,,pending,,pending,not_imported,warning,duplicate_name
15511,Y Gaer,,,30E,30E: Bala to Welshpool,,,WM01 Carneddwen-golfa,Powys,1,126,239 240,130.4,428,SJ204155,SJ 20415 15567,37,SJ211160,93,ground by concrete structure,,Trimble GeoXH 6000,,W,,12-Sep-15,,"https://www.streetmap.co.uk/map?X=320413&Y=315563&SV=320413,315563&A=Y&Z=115","https://www.google.com/maps/search/?api=1&query=52.73184,-3.180053",https://www.hill-bagging.co.uk/hill-view/?qu=S&rf=15511,320413,315563,52.73184,-3.180053,SJ2041315563,30.5,2136,Y Golfa,,0,0,0,0,1,0,0,0,0,0,0,0,0,0,0,0,0,0,0,0,0,0,1,0,0,0,0,0,0,0,0,0,0,0,0,0,0,0,0,0,0,0,0,0,0,0,0,0,0,0,0,0,0,0,0,0,0,0,0,0,0,0,0,0,0,dobih:15511,DoBIH,18.5,https://www.hill-bagging.co.uk/dobih-downloads/hillcsv.zip,DoBIH_v18_5.csv,13396947,0c39e13ac59dd3fa172ac21dd56dd0f6fef19a14af47c7a5a444cce691e9f021,d27bc69dbb6d30a6f171ef277408831fe8763fc9043422f4e375e63f4cc190ea,2026-08-25T14:26:29+00:00,Creative Commons Attribution 4.0 International (CC BY 4.0) (https://creativecommons.org/licenses/by/4.0/),The Database of British and Irish Hills v18.5; https://www.hill-bagging.co.uk/dobih,Wales,52.73184,-3.180053,130.4,37,source_backed,pending,,pending,,pending,not_imported,warning,duplicate_name
15527,Allt y Ddinas,,,31C,31C: South-West Wales,,,WM05 Drygarn-epynt,Cardiganshire [Ceredigion],1,145,185 198W,104,341,SN318433,SN 31812 43328,37,SN316435,67,no feature,flat summit area,,,W,,20-Jan-12,,"https://www.streetmap.co.uk/map?X=231809&Y=243323&SV=231809,243323&A=Y&Z=115","https://www.google.com/maps/search/?api=1&query=52.062693,-4.454932",https://www.hill-bagging.co.uk/hill-view/?qu=S&rf=15527,231809,243323,52.062693,-4.454932,SN3180943323,31.3,2221,Rhos Ymryson,,0,0,0,0,1,0,0,0,0,0,0,0,0,0,0,0,0,0,0,0,0,0,1,0,0,0,0,0,0,0,0,0,0,0,0,0,0,0,0,0,0,0,0,0,0,0,0,0,0,0,0,0,0,0,0,0,0,0,0,0,0,0,0,0,0,dobih:15527,DoBIH,18.5,https://www.hill-bagging.co.uk/dobih-downloads/hillcsv.zip,DoBIH_v18_5.csv,13396947,0c39e13ac59dd3fa172ac21dd56dd0f6fef19a14af47c7a5a444cce691e9f021,d27bc69dbb6d30a6f171ef277408831fe8763fc9043422f4e375e63f4cc190ea,2026-08-25T14:26:29+00:00,Creative Commons Attribution 4.0 International (CC BY 4.0) (https://creativecommons.org/licenses/by/4.0/),The Database of British and Irish Hills v18.5; https://www.hill-bagging.co.uk/dobih,Wales,52.062693,-4.454932,104,37,source_backed,pending,,pending,,pending,not_imported,warning,duplicate_name
15550,Gorse Hill,,,31C,31C: South-West Wales,,Skomer,IW02 Ramsey-caldey,Pembrokeshire [Sir Benfro],"0,SIB",157,0036W,79,259,SM726094,SM 72693 09464,79,Sea,0,trig point,,,,W,,20-Jan-12,,"https://www.streetmap.co.uk/map?X=172690&Y=209458&SV=172690,209458&A=Y&Z=115","https://www.google.com/maps/search/?api=1&query=51.737627,-5.293673",https://www.hill-bagging.co.uk/hill-view/?qu=S&rf=15550,172690,209458,51.737627,-5.293673,SM7269009458,31.3,0,,,0,0,0,0,1,0,0,0,0,0,0,0,0,0,0,0,0,0,0,0,0,0,0,1,0,0,0,0,0,0,0,0,0,0,0,0,0,0,0,1,0,0,0,0,0,0,0,0,0,0,0,0,0,0,0,0,0,0,0,0,0,0,0,0,0,dobih:15550,DoBIH,18.5,https://www.hill-bagging.co.uk/dobih-downloads/hillcsv.zip,DoBIH_v18_5.csv,13396947,0c39e13ac59dd3fa172ac21dd56dd0f6fef19a14af47c7a5a444cce691e9f021,d27bc69dbb6d30a6f171ef277408831fe8763fc9043422f4e375e63f4cc190ea,2026-08-25T14:26:29+00:00,Creative Commons Attribution 4.0 International (CC BY 4.0) (https://creativecommons.org/licenses/by/4.0/),The Database of British and Irish Hills v18.5; https://www.hill-bagging.co.uk/dobih,Wales,51.737627,-5.293673,79,79,source_backed,pending,,pending,,pending,not_imported,warning,duplicate_name
15552,Penlan,,,31C,31C: South-West Wales,,,WM05 Drygarn-epynt,Carmarthenshire [Sir Gaerfyrddin],0,159,177,79,259,SN314179,SN 31440 17964,42,SN312183,37,no feature: pasture,flat summit area,,,W,,20-Jan-12,,"https://www.streetmap.co.uk/map?X=231437&Y=217959&SV=231437,217959&A=Y&Z=115","https://www.google.com/maps/search/?api=1&query=51.834743,-4.447909",https://www.hill-bagging.co.uk/hill-view/?qu=S&rf=15552,231437,217959,51.834743,-4.447909,SN3143717959,31.3,2203,Drygarn Fawr,,0,0,0,0,1,0,0,0,0,0,0,0,0,0,0,0,0,0,0,0,0,0,0,1,0,0,0,0,0,0,0,0,0,0,0,0,0,0,0,0,0,0,0,0,0,0,0,0,0,0,0,0,0,0,0,0,0,0,0,0,0,0,0,0,0,dobih:15552,DoBIH,18.5,https://www.hill-bagging.co.uk/dobih-downloads/hillcsv.zip,DoBIH_v18_5.csv,13396947,0c39e13ac59dd3fa172ac21dd56dd0f6fef19a14af47c7a5a444cce691e9f021,d27bc69dbb6d30a6f171ef277408831fe8763fc9043422f4e375e63f4cc190ea,2026-08-25T14:26:29+00:00,Creative Commons Attribution 4.0 International (CC BY 4.0) (https://creativecommons.org/licenses/by/4.0/),The Database of British and Irish Hills v18.5; https://www.hill-bagging.co.uk/dobih,Wales,51.834743,-4.447909,79,42,source_backed,pending,,pending,,pending,not_imported,warning,duplicate_name
15559,Foel Fawr,,,31C,31C: South-West Wales,,Ramsey,IW02 Ramsey-caldey,Pembrokeshire [Sir Benfro],0,157,0035W,72,236,SM705225,SM 70540 22573,30,SM705226,42,outcrop,small pointed outcrop 3m SW is slightly lower,,,W,,05-Dec-12,,"https://www.streetmap.co.uk/map?X=170537&Y=222567&SV=170537,222567&A=Y&Z=115","https://www.google.com/maps/search/?api=1&query=51.854416,-5.333474",https://www.hill-bagging.co.uk/hill-view/?qu=S&rf=15559,170537,222567,51.854416,-5.333474,SM7053722567,31.3,0,,,0,0,0,0,1,0,0,0,0,0,0,0,0,0,0,0,0,0,0,0,0,0,0,1,0,0,0,0,0,0,0,0,0,0,0,0,0,0,0,0,0,0,0,0,0,0,0,0,0,0,0,0,0,0,0,0,0,0,0,0,0,0,0,0,0,dobih:15559,DoBIH,18.5,https://www.hill-bagging.co.uk/dobih-downloads/hillcsv.zip,DoBIH_v18_5.csv,13396947,0c39e13ac59dd3fa172ac21dd56dd0f6fef19a14af47c7a5a444cce691e9f021,d27bc69dbb6d30a6f171ef277408831fe8763fc9043422f4e375e63f4cc190ea,2026-08-25T14:26:29+00:00,Creative Commons Attribution 4.0 International (CC BY 4.0) (https://creativecommons.org/licenses/by/4.0/),The Database of British and Irish Hills v18.5; https://www.hill-bagging.co.uk/dobih,Wales,51.854416,-5.333474,72,30,source_backed,pending,,pending,,pending,not_imported,warning,duplicate_name
15563,Golden Hill,,,31C,31C: South-West Wales,,,WM06 Cwmcerwyn-brandy,Pembrokeshire [Sir Benfro],0,157 158,0036E,69,226,SM989022,SM 98966 02277,40,SM996024,29,ground by SW side of covered reservoir,,,,W,,25-Jan-24,,"https://www.streetmap.co.uk/map?X=198963&Y=202271&SV=198963,202271&A=Y&Z=115","https://www.google.com/maps/search/?api=1&query=51.683133,-4.909559",https://www.hill-bagging.co.uk/hill-view/?qu=S&rf=15563,198963,202271,51.683133,-4.909559,SM9896302271,31.3,2224,Brandy Hill,,0,0,0,0,1,0,0,0,0,0,0,0,0,0,0,0,0,0,0,0,0,0,0,1,0,0,0,0,0,0,0,0,0,0,0,0,0,0,0,0,0,0,0,0,0,0,0,0,0,0,0,0,0,0,0,0,0,0,0,0,0,0,0,0,0,dobih:15563,DoBIH,18.5,https://www.hill-bagging.co.uk/dobih-downloads/hillcsv.zip,DoBIH_v18_5.csv,13396947,0c39e13ac59dd3fa172ac21dd56dd0f6fef19a14af47c7a5a444cce691e9f021,d27bc69dbb6d30a6f171ef277408831fe8763fc9043422f4e375e63f4cc190ea,2026-08-25T14:26:29+00:00,Creative Commons Attribution 4.0 International (CC BY 4.0) (https://creativecommons.org/licenses/by/4.0/),The Database of British and Irish Hills v18.5; https://www.hill-bagging.co.uk/dobih,Wales,51.683133,-4.909559,69,40,source_backed,pending,,pending,,pending,not_imported,warning,duplicate_name
15571,Dinas Mawr,,,31C,31C: South-West Wales,,,WM06 Cwmcerwyn-brandy,Pembrokeshire [Sir Benfro],Un,157,0035W,58,190,SM887386,SM 88778 38682,22,SM888387,36,no feature,,,,W,,23-May-20,demoted Tump May 2020,"https://www.streetmap.co.uk/map?X=188775&Y=238677&SV=188775,238677&A=Y&Z=115","https://www.google.com/maps/search/?api=1&query=52.006245,-5.078955",https://www.hill-bagging.co.uk/hill-view/?qu=S&rf=15571,188775,238677,52.006245,-5.078955,SM8877538677,31.3,2208,Foel Cwmcerwyn,,0,0,0,0,0,0,0,0,0,0,0,0,0,0,0,0,0,0,0,0,0,0,0,0,0,0,0,0,0,0,0,0,0,0,0,0,0,0,0,0,0,0,0,0,0,0,0,0,0,0,0,0,0,0,0,0,0,0,0,0,0,0,0,0,1,dobih:15571,DoBIH,18.5,https://www.hill-bagging.co.uk/dobih-downloads/hillcsv.zip,DoBIH_v18_5.csv,13396947,0c39e13ac59dd3fa172ac21dd56dd0f6fef19a14af47c7a5a444cce691e9f021,d27bc69dbb6d30a6f171ef277408831fe8763fc9043422f4e375e63f4cc190ea,2026-08-25T14:26:29+00:00,Creative Commons Attribution 4.0 International (CC BY 4.0) (https://creativecommons.org/licenses/by/4.0/),The Database of British and Irish Hills v18.5; https://www.hill-bagging.co.uk/dobih,Wales,52.006245,-5.078955,58,22,source_backed,pending,,pending,,pending,not_imported,warning,duplicate_name
15577,North Hill,,,31C,31C: South-West Wales,,,WM06 Cwmcerwyn-brandy,Pembrokeshire [Sir Benfro],0,157 158,0036W,53,174,SM867034,SM 86729 03458,41,SM858030,12,no feature: pasture,,,,W,,15-Mar-15,,"https://www.streetmap.co.uk/map?X=186726&Y=203452&SV=186726,203452&A=Y&Z=115","https://www.google.com/maps/search/?api=1&query=51.689222,-5.087031",https://www.hill-bagging.co.uk/hill-view/?qu=S&rf=15577,186726,203452,51.689222,-5.087031,SM8672603452,31.3,2224,Brandy Hill,,0,0,0,0,1,0,0,0,0,0,0,0,0,0,0,0,0,0,0,0,0,0,0,1,0,0,0,0,0,0,0,0,0,0,0,0,0,0,0,0,0,0,0,0,0,0,0,0,0,0,0,0,0,0,0,0,0,0,0,0,0,0,0,0,0,dobih:15577,DoBIH,18.5,https://www.hill-bagging.co.uk/dobih-downloads/hillcsv.zip,DoBIH_v18_5.csv,13396947,0c39e13ac59dd3fa172ac21dd56dd0f6fef19a14af47c7a5a444cce691e9f021,d27bc69dbb6d30a6f171ef277408831fe8763fc9043422f4e375e63f4cc190ea,2026-08-25T14:26:29+00:00,Creative Commons Attribution 4.0 International (CC BY 4.0) (https://creativecommons.org/licenses/by/4.0/),The Database of British and Irish Hills v18.5; https://www.hill-bagging.co.uk/dobih,Wales,51.689222,-5.087031,53,41,source_backed,pending,,pending,,pending,not_imported,warning,duplicate_name
15597,Ynys-fach,,,31C,31C: South-West Wales,,Non Tump island (t),WM06 Cwmcerwyn-brandy,Pembrokeshire [Sir Benfro],Un,157,0035W,30.6,100,SM822327,,29.1,SM 8218 3268,1.6,,,,,W,,19-Oct-18,Deleted Tump Oct 2016,"https://www.streetmap.co.uk/map?X=182200&Y=232700&SV=182200,232700&A=Y&Z=115","https://www.google.com/maps/search/?api=1&query=51.950052,-5.170798",https://www.hill-bagging.co.uk/hill-view/?qu=S&rf=15597,182200,232700,51.950052,-5.170798,SM8220032700,31.3,2208,Foel Cwmcerwyn,,0,0,0,0,0,0,0,0,0,0,0,0,0,0,0,0,0,0,0,0,0,0,0,0,0,0,0,0,0,0,0,0,0,0,0,0,0,0,0,0,0,0,0,0,0,0,0,0,0,0,0,0,0,0,0,0,0,0,0,0,0,0,0,0,1,dobih:15597,DoBIH,18.5,https://www.hill-bagging.co.uk/dobih-downloads/hillcsv.zip,DoBIH_v18_5.csv,13396947,0c39e13ac59dd3fa172ac21dd56dd0f6fef19a14af47c7a5a444cce691e9f021,d27bc69dbb6d30a6f171ef277408831fe8763fc9043422f4e375e63f4cc190ea,2026-08-25T14:26:29+00:00,Creative Commons Attribution 4.0 International (CC BY 4.0) (https://creativecommons.org/licenses/by/4.0/),The Database of British and Irish Hills v18.5; https://www.hill-bagging.co.uk/dobih,Wales,51.950052,-5.170798,30.6,29.1,source_backed,pending,,pending,,pending,not_imported,warning,duplicate_name
15602,Drum Ddu,,,32A,32A: Llandovery to Monmouth,,,WM05 Drygarn-epynt,Powys,4,147 160,188,474,1555,SN979447,SN 97935 44748,36,SN962458,438,trig point,,,,W,,11-Jul-23,,"https://www.streetmap.co.uk/map?X=297932&Y=244743&SV=297932,244743&A=Y&Z=115","https://www.google.com/maps/search/?api=1&query=52.091599,-3.491231",https://www.hill-bagging.co.uk/hill-view/?qu=S&rf=15602,297932,244743,52.091599,-3.491231,SN9793244743,32.1,2270,Mynydd Epynt [Mynydd Eppynt],,0,0,0,0,1,0,0,0,0,0,0,0,0,0,0,0,0,0,0,1,0,0,0,0,0,0,0,0,0,0,0,0,0,0,0,0,0,0,0,0,0,0,0,0,0,0,0,0,0,0,0,0,0,0,0,0,0,0,0,0,0,0,0,0,0,dobih:15602,DoBIH,18.5,https://www.hill-bagging.co.uk/dobih-downloads/hillcsv.zip,DoBIH_v18_5.csv,13396947,0c39e13ac59dd3fa172ac21dd56dd0f6fef19a14af47c7a5a444cce691e9f021,d27bc69dbb6d30a6f171ef277408831fe8763fc9043422f4e375e63f4cc190ea,2026-08-25T14:26:29+00:00,Creative Commons Attribution 4.0 International (CC BY 4.0) (https://creativecommons.org/licenses/by/4.0/),The Database of British and Irish Hills v18.5; https://www.hill-bagging.co.uk/dobih,Wales,52.091599,-3.491231,474,36,source_backed,pending,,pending,,pending,not_imported,warning,duplicate_name
15606,The Warren,,,32A,32A: Llandovery to Monmouth,,,WM05 Drygarn-epynt,Powys,4,147,188,467,1532,SN968470,SN 96827 47011,34,SN965467,433,no feature,flat summit area; ground to NW and SW obscured by trees,Abney level,,W,,25-Jan-24,,"https://www.streetmap.co.uk/map?X=296824&Y=247006&SV=296824,247006&A=Y&Z=115","https://www.google.com/maps/search/?api=1&query=52.111733,-3.508084",https://www.hill-bagging.co.uk/hill-view/?qu=S&rf=15606,296824,247006,52.111733,-3.508084,SN9682447006,32.1,2270,Mynydd Epynt [Mynydd Eppynt],,0,0,0,0,1,0,0,0,0,0,0,0,0,0,0,0,0,0,0,1,0,0,0,0,0,0,0,0,0,0,0,0,0,0,0,0,0,0,0,0,0,0,0,0,0,0,0,0,0,0,0,0,0,0,0,0,0,0,0,0,0,0,0,0,0,dobih:15606,DoBIH,18.5,https://www.hill-bagging.co.uk/dobih-downloads/hillcsv.zip,DoBIH_v18_5.csv,13396947,0c39e13ac59dd3fa172ac21dd56dd0f6fef19a14af47c7a5a444cce691e9f021,d27bc69dbb6d30a6f171ef277408831fe8763fc9043422f4e375e63f4cc190ea,2026-08-25T14:26:29+00:00,Creative Commons Attribution 4.0 International (CC BY 4.0) (https://creativecommons.org/licenses/by/4.0/),The Database of British and Irish Hills v18.5; https://www.hill-bagging.co.uk/dobih,Wales,52.111733,-3.508084,467,34,source_backed,pending,,pending,,pending,not_imported,warning,duplicate_name
15620,Bryn Melyn,,,32A,32A: Llandovery to Monmouth,,,WS03 Penyfan-mynyddmaen,Powys,4,161,012E 013S,450.5,1478,SO109184,SO 10943 18437,38.6,SO 1099 1872,411.9,small grassy mound,,Trimble GeoXH 6000,,W,,19-Oct-14,,"https://www.streetmap.co.uk/map?X=310941&Y=218432&SV=310941,218432&A=Y&Z=115","https://www.google.com/maps/search/?api=1&query=51.857349,-3.294580",https://www.hill-bagging.co.uk/hill-view/?qu=S&rf=15620,310941,218432,51.857349,-3.29458,SO1094118432,32.1,2267,Tor y Foel,,0,0,0,0,1,0,0,0,0,0,0,0,0,0,0,0,0,0,0,1,0,0,0,0,0,0,0,0,0,0,0,0,0,0,0,0,0,0,0,0,0,0,0,0,0,0,0,0,0,0,0,0,0,0,0,0,0,0,0,0,0,0,0,0,0,dobih:15620,DoBIH,18.5,https://www.hill-bagging.co.uk/dobih-downloads/hillcsv.zip,DoBIH_v18_5.csv,13396947,0c39e13ac59dd3fa172ac21dd56dd0f6fef19a14af47c7a5a444cce691e9f021,d27bc69dbb6d30a6f171ef277408831fe8763fc9043422f4e375e63f4cc190ea,2026-08-25T14:26:29+00:00,Creative Commons Attribution 4.0 International (CC BY 4.0) (https://creativecommons.org/licenses/by/4.0/),The Database of British and Irish Hills v18.5; https://www.hill-bagging.co.uk/dobih,Wales,51.857349,-3.29458,450.5,38.6,source_backed,pending,,pending,,pending,not_imported,warning,duplicate_name
15629,Twyn y Gaer,,,32A,32A: Llandovery to Monmouth,Black Mountains,,WS04 Waunfach-black,Monmouthshire [Sir Fynwy],4,161,013S,427,1401,SO293219,SO 29361 21963,81,SO286235,346,cairn on grassy mound,,,,W,,20-Jan-12,,"https://www.streetmap.co.uk/map?X=329359&Y=221958&SV=329359,221958&A=Y&Z=115","https://www.google.com/maps/search/?api=1&query=51.891685,-3.027915",https://www.hill-bagging.co.uk/hill-view/?qu=S&rf=15629,329359,221958,51.891685,-3.027915,SO2935921958,32.1,2229,Waun Fach,,0,0,0,0,1,0,0,0,0,0,0,0,0,0,0,0,0,0,0,1,0,0,0,0,0,0,0,0,0,0,0,0,0,0,0,0,0,0,0,0,0,0,0,0,0,0,0,0,0,0,0,0,0,0,0,0,0,0,0,0,0,0,0,0,0,dobih:15629,DoBIH,18.5,https://www.hill-bagging.co.uk/dobih-downloads/hillcsv.zip,DoBIH_v18_5.csv,13396947,0c39e13ac59dd3fa172ac21dd56dd0f6fef19a14af47c7a5a444cce691e9f021,d27bc69dbb6d30a6f171ef277408831fe8763fc9043422f4e375e63f4cc190ea,2026-08-25T14:26:29+00:00,Creative Commons Attribution 4.0 International (CC BY 4.0) (https://creativecommons.org/licenses/by/4.0/),The Database of British and Irish Hills v18.5; https://www.hill-bagging.co.uk/dobih,Wales,51.891685,-3.027915,427,81,source_backed,pending,,pending,,pending,not_imported,warning,duplicate_name
15653,Cefn Bach,,,32A,32A: Llandovery to Monmouth,,,WM05 Drygarn-epynt,Powys,3,160,188,389.4,1278,SO002372,SO 00295 37296,54,SO002369,335,no feature: grass,fence bank at SO 00228 37322 is 0.4m lower in LIDAR,Trimble GeoXH 6000,,W,,25-Jan-24,LIDAR gives northern summit 0.2m lower at SO004387,"https://www.streetmap.co.uk/map?X=300293&Y=237291&SV=300293,237291&A=Y&Z=115","https://www.google.com/maps/search/?api=1&query=52.025052,-3.454617",https://www.hill-bagging.co.uk/hill-view/?qu=S&rf=15653,300293,237291,52.025052,-3.454617,SO0029337291,32.1,2270,Mynydd Epynt [Mynydd Eppynt],,0,0,0,0,1,0,0,0,0,0,0,0,0,0,0,0,0,0,0,0,1,0,0,0,0,0,0,0,0,0,0,0,0,0,0,0,0,0,0,0,0,0,0,0,0,0,0,0,0,0,0,0,0,0,0,0,0,0,0,0,0,0,0,0,0,dobih:15653,DoBIH,18.5,https://www.hill-bagging.co.uk/dobih-downloads/hillcsv.zip,DoBIH_v18_5.csv,13396947,0c39e13ac59dd3fa172ac21dd56dd0f6fef19a14af47c7a5a444cce691e9f021,d27bc69dbb6d30a6f171ef277408831fe8763fc9043422f4e375e63f4cc190ea,2026-08-25T14:26:29+00:00,Creative Commons Attribution 4.0 International (CC BY 4.0) (https://creativecommons.org/licenses/by/4.0/),The Database of British and Irish Hills v18.5; https://www.hill-bagging.co.uk/dobih,Wales,52.025052,-3.454617,389.4,54,source_backed,pending,,pending,,pending,not_imported,warning,duplicate_name
15656,Gaer Fawr,,,32A,32A: Llandovery to Monmouth,,,WM05 Drygarn-epynt,Powys,3,160,188,387,1270,SO021380,SO 02117 38022,50,SO022382,337,no feature: pasture,,,,W,,20-Jan-12,,"https://www.streetmap.co.uk/map?X=302115&Y=238017&SV=302115,238017&A=Y&Z=115","https://www.google.com/maps/search/?api=1&query=52.031902,-3.428279",https://www.hill-bagging.co.uk/hill-view/?qu=S&rf=15656,302115,238017,52.031902,-3.428279,SO0211538017,32.1,2270,Mynydd Epynt [Mynydd Eppynt],,0,0,0,0,1,0,0,0,0,0,0,0,0,0,0,0,0,0,0,0,1,0,0,0,0,0,0,0,0,0,0,0,0,0,0,0,0,0,0,0,0,0,0,0,0,0,0,0,0,0,0,0,0,0,0,0,0,0,0,0,0,0,0,0,0,dobih:15656,DoBIH,18.5,https://www.hill-bagging.co.uk/dobih-downloads/hillcsv.zip,DoBIH_v18_5.csv,13396947,0c39e13ac59dd3fa172ac21dd56dd0f6fef19a14af47c7a5a444cce691e9f021,d27bc69dbb6d30a6f171ef277408831fe8763fc9043422f4e375e63f4cc190ea,2026-08-25T14:26:29+00:00,Creative Commons Attribution 4.0 International (CC BY 4.0) (https://creativecommons.org/licenses/by/4.0/),The Database of British and Irish Hills v18.5; https://www.hill-bagging.co.uk/dobih,Wales,52.031902,-3.428279,387,50,source_backed,pending,,pending,,pending,not_imported,warning,duplicate_name
15668,Twyn y Gaer,,,32A,32A: Llandovery to Monmouth,,,WM05 Drygarn-epynt,Powys,3,160,188,373.1,1224,SO057353,SO 05727 35375,49.2,SO 0516 3587,323.9,no feature: pasture,,,,W,,23-Feb-25,,"https://www.streetmap.co.uk/map?X=305725&Y=235370&SV=305725,235370&A=Y&Z=115","https://www.google.com/maps/search/?api=1&query=52.008736,-3.374942",https://www.hill-bagging.co.uk/hill-view/?qu=S&rf=15668,305725,235370,52.008736,-3.374942,SO0572535370,32.1,2270,Mynydd Epynt [Mynydd Eppynt],,0,0,0,0,1,0,0,0,0,0,0,0,0,0,0,0,0,0,0,0,1,0,0,0,0,0,0,0,0,0,0,0,0,0,0,0,0,0,0,0,0,0,0,0,0,0,0,0,0,0,0,0,0,0,0,0,0,0,0,0,0,0,0,0,0,dobih:15668,DoBIH,18.5,https://www.hill-bagging.co.uk/dobih-downloads/hillcsv.zip,DoBIH_v18_5.csv,13396947,0c39e13ac59dd3fa172ac21dd56dd0f6fef19a14af47c7a5a444cce691e9f021,d27bc69dbb6d30a6f171ef277408831fe8763fc9043422f4e375e63f4cc190ea,2026-08-25T14:26:29+00:00,Creative Commons Attribution 4.0 International (CC BY 4.0) (https://creativecommons.org/licenses/by/4.0/),The Database of British and Irish Hills v18.5; https://www.hill-bagging.co.uk/dobih,Wales,52.008736,-3.374942,373.1,49.2,source_backed,pending,,pending,,pending,not_imported,warning,duplicate_name
15670,Twyn y Gaer,,,32A,32A: Llandovery to Monmouth,Brecon Beacons,,WS02 Fanfawr-fynyddau,Powys,3,160,012E,367,1204,SN989280,SN 98984 28081,51,SN989274,316,trig point,,,,W,,25-Jan-24,,"https://www.streetmap.co.uk/map?X=298982&Y=228076&SV=298982,228076&A=Y&Z=115","https://www.google.com/maps/search/?api=1&query=51.941991,-3.471002",https://www.hill-bagging.co.uk/hill-view/?qu=S&rf=15670,298982,228076,51.941991,-3.471002,SN9898228076,32.1,2237,Fan Fawr,,0,0,0,0,1,0,0,0,0,0,0,0,0,0,0,0,0,0,0,0,1,0,0,0,0,0,0,0,0,0,0,0,0,0,0,0,0,0,0,0,0,0,0,0,0,0,0,0,0,0,0,0,0,0,0,0,0,0,0,0,0,0,0,0,0,dobih:15670,DoBIH,18.5,https://www.hill-bagging.co.uk/dobih-downloads/hillcsv.zip,DoBIH_v18_5.csv,13396947,0c39e13ac59dd3fa172ac21dd56dd0f6fef19a14af47c7a5a444cce691e9f021,d27bc69dbb6d30a6f171ef277408831fe8763fc9043422f4e375e63f4cc190ea,2026-08-25T14:26:29+00:00,Creative Commons Attribution 4.0 International (CC BY 4.0) (https://creativecommons.org/licenses/by/4.0/),The Database of British and Irish Hills v18.5; https://www.hill-bagging.co.uk/dobih,Wales,51.941991,-3.471002,367,51,source_backed,pending,,pending,,pending,not_imported,warning,duplicate_name
15684,Bryn Mawr,,,32B,32B: Carmarthen to Vale of Neath,,,WS01 Brycheiniog-betws,Neath Port Talbot,3,160,165,351,1152,SN690087,SN 69067 08767,79,SN689097,272,trig point,,,,W,,20-Jan-12,,"https://www.streetmap.co.uk/map?X=269064&Y=208762&SV=269064,208762&A=Y&Z=115","https://www.google.com/maps/search/?api=1&query=51.762192,-3.898684",https://www.hill-bagging.co.uk/hill-view/?qu=S&rf=15684,269064,208762,51.762192,-3.898684,SN6906408762,32.2,2280,Mynydd y Betws,,0,0,0,0,1,0,0,0,0,0,0,0,0,0,0,0,0,0,0,0,1,0,0,0,0,0,0,0,0,0,0,0,0,0,0,0,0,0,0,0,0,0,0,0,0,0,0,0,0,0,0,1,0,0,0,0,0,0,0,0,0,0,0,0,0,dobih:15684,DoBIH,18.5,https://www.hill-bagging.co.uk/dobih-downloads/hillcsv.zip,DoBIH_v18_5.csv,13396947,0c39e13ac59dd3fa172ac21dd56dd0f6fef19a14af47c7a5a444cce691e9f021,d27bc69dbb6d30a6f171ef277408831fe8763fc9043422f4e375e63f4cc190ea,2026-08-25T14:26:29+00:00,Creative Commons Attribution 4.0 International (CC BY 4.0) (https://creativecommons.org/licenses/by/4.0/),The Database of British and Irish Hills v18.5; https://www.hill-bagging.co.uk/dobih,Wales,51.762192,-3.898684,351,79,source_backed,pending,,pending,,pending,not_imported,warning,duplicate_name
15686,Foel Fawr,,,32C,32C: Neath to Chepstow,,,WS02 Fanfawr-fynyddau,"Bridgend, Neath Port Talbot",3,170,166W,347,1138,SS857952,SS 85754 95264,67,SS870950,280,trig point,,,,W,,08-Jun-25,,"https://www.streetmap.co.uk/map?X=285752&Y=195259&SV=285752,195259&A=Y&Z=115","https://www.google.com/maps/search/?api=1&query=51.644489,-3.652572",https://www.hill-bagging.co.uk/hill-view/?qu=S&rf=15686,285752,195259,51.644489,-3.652572,SS8575295259,32.3,2288,Craig y Llyn,,0,0,0,0,1,0,0,0,0,0,0,0,0,0,0,0,0,0,0,0,1,0,0,0,0,0,0,0,0,0,0,0,0,0,0,0,0,0,0,0,0,0,0,0,0,0,0,0,0,0,0,0,0,0,0,0,0,0,0,0,0,0,0,0,0,dobih:15686,DoBIH,18.5,https://www.hill-bagging.co.uk/dobih-downloads/hillcsv.zip,DoBIH_v18_5.csv,13396947,0c39e13ac59dd3fa172ac21dd56dd0f6fef19a14af47c7a5a444cce691e9f021,d27bc69dbb6d30a6f171ef277408831fe8763fc9043422f4e375e63f4cc190ea,2026-08-25T14:26:29+00:00,Creative Commons Attribution 4.0 International (CC BY 4.0) (https://creativecommons.org/licenses/by/4.0/),The Database of British and Irish Hills v18.5; https://www.hill-bagging.co.uk/dobih,Wales,51.644489,-3.652572,347,67,source_backed,pending,,pending,,pending,not_imported,warning,duplicate_name
15688,Y Gaer,,,32A,32A: Llandovery to Monmouth,Brecon Beacons,,WS02 Fanfawr-fynyddau,Powys,3,160,012E,343,1125,SN922262,SN 92246 26294,49,SN920254,294,outcrop,,,,W,,08-May-25,,"https://www.streetmap.co.uk/map?X=292244&Y=226289&SV=292244,226289&A=Y&Z=115","https://www.google.com/maps/search/?api=1&query=51.924665,-3.568428",https://www.hill-bagging.co.uk/hill-view/?qu=S&rf=15688,292244,226289,51.924665,-3.568428,SN9224426289,32.1,2238,Fan Gyhirych,,0,0,0,0,1,0,0,0,0,0,0,0,0,0,0,0,0,0,0,0,1,0,0,0,0,0,0,0,0,0,0,0,0,0,0,0,0,0,0,0,0,0,0,0,0,0,0,0,0,0,0,0,0,0,0,0,0,0,0,0,0,0,0,0,0,dobih:15688,DoBIH,18.5,https://www.hill-bagging.co.uk/dobih-downloads/hillcsv.zip,DoBIH_v18_5.csv,13396947,0c39e13ac59dd3fa172ac21dd56dd0f6fef19a14af47c7a5a444cce691e9f021,d27bc69dbb6d30a6f171ef277408831fe8763fc9043422f4e375e63f4cc190ea,2026-08-25T14:26:29+00:00,Creative Commons Attribution 4.0 International (CC BY 4.0) (https://creativecommons.org/licenses/by/4.0/),The Database of British and Irish Hills v18.5; https://www.hill-bagging.co.uk/dobih,Wales,51.924665,-3.568428,343,49,source_backed,pending,,pending,,pending,not_imported,warning,duplicate_name
15693,Pen y Foel,,,32C,32C: Neath to Chepstow,,,WS02 Fanfawr-fynyddau,Rhondda Cynon Taff,3,170,166E,331,1086,ST070944,ST 07004 94443,60,ST051970,271,trig point,,,,W,,15-Mar-15,,"https://www.streetmap.co.uk/map?X=307002&Y=194438&SV=307002,194438&A=Y&Z=115","https://www.google.com/maps/search/?api=1&query=51.641029,-3.345336",https://www.hill-bagging.co.uk/hill-view/?qu=S&rf=15693,307002,194438,51.641029,-3.345336,ST0700294438,32.3,2288,Craig y Llyn,,0,0,0,0,1,0,0,0,0,0,0,0,0,0,0,0,0,0,0,0,1,0,0,0,0,0,0,0,0,0,0,0,0,0,0,0,0,0,0,0,0,0,0,0,0,0,0,0,0,0,0,0,0,0,0,0,0,0,0,0,0,0,0,0,0,dobih:15693,DoBIH,18.5,https://www.hill-bagging.co.uk/dobih-downloads/hillcsv.zip,DoBIH_v18_5.csv,13396947,0c39e13ac59dd3fa172ac21dd56dd0f6fef19a14af47c7a5a444cce691e9f021,d27bc69dbb6d30a6f171ef277408831fe8763fc9043422f4e375e63f4cc190ea,2026-08-25T14:26:29+00:00,Creative Commons Attribution 4.0 International (CC BY 4.0) (https://creativecommons.org/licenses/by/4.0/),The Database of British and Irish Hills v18.5; https://www.hill-bagging.co.uk/dobih,Wales,51.641029,-3.345336,331,60,source_backed,pending,,pending,,pending,not_imported,warning,duplicate_name
15694,Mynydd Troed-y-rhiw,,,32C,32C: Neath to Chepstow,,,WS02 Fanfawr-fynyddau,Rhondda Cynon Taff,3,170,166E,327.4,1074,ST012928,ST 01250 92821,42.3,ST 0028 9452,285.1,no feature,ground 8m NNE of trig point on golf course at ST 00517 93334 is 0.5m lower; summit of spoil tip at ST 00127 93002 is 0.2m higher but is insufficiently consolidated and may have ongoing subsidence,,,W,,10-Dec-25,,"https://www.streetmap.co.uk/map?X=301248&Y=192816&SV=301248,192816&A=Y&Z=115","https://www.google.com/maps/search/?api=1&query=51.625467,-3.428004",https://www.hill-bagging.co.uk/hill-view/?qu=S&rf=15694,301248,192816,51.625467,-3.428004,ST0124892816,32.3,2288,Craig y Llyn,,0,0,0,0,1,0,0,0,0,0,0,0,0,0,0,0,0,0,0,0,1,0,0,0,0,0,0,0,0,0,0,0,0,0,0,0,0,0,0,0,0,0,0,0,0,0,0,0,0,0,0,0,0,0,0,0,0,0,0,0,0,0,0,0,0,dobih:15694,DoBIH,18.5,https://www.hill-bagging.co.uk/dobih-downloads/hillcsv.zip,DoBIH_v18_5.csv,13396947,0c39e13ac59dd3fa172ac21dd56dd0f6fef19a14af47c7a5a444cce691e9f021,d27bc69dbb6d30a6f171ef277408831fe8763fc9043422f4e375e63f4cc190ea,2026-08-25T14:26:29+00:00,Creative Commons Attribution 4.0 International (CC BY 4.0) (https://creativecommons.org/licenses/by/4.0/),The Database of British and Irish Hills v18.5; https://www.hill-bagging.co.uk/dobih,Wales,51.625467,-3.428004,327.4,42.3,source_backed,pending,,pending,,pending,not_imported,warning,duplicate_name
15696,Sugar Loaf,,,32A,32A: Llandovery to Monmouth,,,WM05 Drygarn-epynt,Carmarthenshire [Sir Gaerfyrddin],3,147 160,187S,326,1070,SN834427,SN 83481 42793,31,SN837428,295,mound by path,,,,W,,22-Jun-14,,"https://www.streetmap.co.uk/map?X=283478&Y=242788&SV=283478,242788&A=Y&Z=115","https://www.google.com/maps/search/?api=1&query=52.071173,-3.701447",https://www.hill-bagging.co.uk/hill-view/?qu=S&rf=15696,283478,242788,52.071173,-3.701447,SN8347842788,32.1,2270,Mynydd Epynt [Mynydd Eppynt],,0,0,0,0,1,0,0,0,0,0,0,0,0,0,0,0,0,0,0,0,1,0,0,0,0,0,0,0,0,0,0,0,0,0,0,0,0,0,0,0,0,0,0,0,0,0,0,0,0,0,0,0,0,0,0,0,0,0,0,0,0,0,0,0,0,dobih:15696,DoBIH,18.5,https://www.hill-bagging.co.uk/dobih-downloads/hillcsv.zip,DoBIH_v18_5.csv,13396947,0c39e13ac59dd3fa172ac21dd56dd0f6fef19a14af47c7a5a444cce691e9f021,d27bc69dbb6d30a6f171ef277408831fe8763fc9043422f4e375e63f4cc190ea,2026-08-25T14:26:29+00:00,Creative Commons Attribution 4.0 International (CC BY 4.0) (https://creativecommons.org/licenses/by/4.0/),The Database of British and Irish Hills v18.5; https://www.hill-bagging.co.uk/dobih,Wales,52.071173,-3.701447,326,31,source_backed,pending,,pending,,pending,not_imported,warning,duplicate_name
15699,Mynydd Bach,,,32C,32C: Neath to Chepstow,,,WS02 Fanfawr-fynyddau,Neath Port Talbot,3,170,166W,319,1047,SS824908,SS 82501 90842,43,SS828899,276,no feature,,,,W,,07-Mar-17,,"https://www.streetmap.co.uk/map?X=282499&Y=190837&SV=282499,190837&A=Y&Z=115","https://www.google.com/maps/search/?api=1&query=51.604075,-3.69808",https://www.hill-bagging.co.uk/hill-view/?qu=S&rf=15699,282499,190837,51.604075,-3.69808,SS8249990837,32.3,2288,Craig y Llyn,,0,0,0,0,1,0,0,0,0,0,0,0,0,0,0,0,0,0,0,0,1,0,0,0,0,0,0,0,0,0,0,0,0,0,0,0,0,0,0,0,0,0,0,0,0,0,0,0,0,0,0,0,0,0,0,0,0,0,0,0,0,0,0,0,0,dobih:15699,DoBIH,18.5,https://www.hill-bagging.co.uk/dobih-downloads/hillcsv.zip,DoBIH_v18_5.csv,13396947,0c39e13ac59dd3fa172ac21dd56dd0f6fef19a14af47c7a5a444cce691e9f021,d27bc69dbb6d30a6f171ef277408831fe8763fc9043422f4e375e63f4cc190ea,2026-08-25T14:26:29+00:00,Creative Commons Attribution 4.0 International (CC BY 4.0) (https://creativecommons.org/licenses/by/4.0/),The Database of British and Irish Hills v18.5; https://www.hill-bagging.co.uk/dobih,Wales,51.604075,-3.69808,319,43,source_backed,pending,,pending,,pending,not_imported,warning,duplicate_name
15706,Mynydd y Gaer,,,32C,32C: Neath to Chepstow,,,WS02 Fanfawr-fynyddau,Neath Port Talbot,3,170,165,314,1030,SS766935,SS 76642 93595,83,SS772935,231,no feature: ground by fence junction,earthworks 30m W at SS 76613 93584 may be as high but are probably not on natural summit,,,W,,15-Mar-15,,"https://www.streetmap.co.uk/map?X=276639&Y=193590&SV=276639,193590&A=Y&Z=115","https://www.google.com/maps/search/?api=1&query=51.627563,-3.783609",https://www.hill-bagging.co.uk/hill-view/?qu=S&rf=15706,276639,193590,51.627563,-3.783609,SS7663993590,32.3,2296,Foel Fynyddau,,0,0,0,0,1,0,0,0,0,0,0,0,0,0,0,0,0,0,0,0,1,0,0,0,0,0,0,0,0,0,0,0,0,0,0,0,0,0,0,0,0,0,0,0,0,0,0,0,0,0,0,0,0,0,0,0,0,0,0,0,0,0,0,0,0,dobih:15706,DoBIH,18.5,https://www.hill-bagging.co.uk/dobih-downloads/hillcsv.zip,DoBIH_v18_5.csv,13396947,0c39e13ac59dd3fa172ac21dd56dd0f6fef19a14af47c7a5a444cce691e9f021,d27bc69dbb6d30a6f171ef277408831fe8763fc9043422f4e375e63f4cc190ea,2026-08-25T14:26:29+00:00,Creative Commons Attribution 4.0 International (CC BY 4.0) (https://creativecommons.org/licenses/by/4.0/),The Database of British and Irish Hills v18.5; https://www.hill-bagging.co.uk/dobih,Wales,51.627563,-3.783609,314,83,source_backed,pending,,pending,,pending,not_imported,warning,duplicate_name
15709,Pen-twyn,,,32C,32C: Neath to Chepstow,,,WS02 Fanfawr-fynyddau,Rhondda Cynon Taff,3,170,166E,309,1014,ST059961,,38,ST066951,271,,,,,W,,20-Jan-12,,"https://www.streetmap.co.uk/map?X=305900&Y=196100&SV=305900,196100&A=Y&Z=115","https://www.google.com/maps/search/?api=1&query=51.655787,-3.361701",https://www.hill-bagging.co.uk/hill-view/?qu=S&rf=15709,305900,196100,51.655787,-3.361701,ST0590096100,32.3,2288,Craig y Llyn,,0,0,0,0,1,0,0,0,0,0,0,0,0,0,0,0,0,0,0,0,1,0,0,0,0,0,0,0,0,0,0,0,0,0,0,0,0,0,0,0,0,0,0,0,0,0,0,0,0,0,0,0,0,0,0,0,0,0,0,0,0,0,0,0,0,dobih:15709,DoBIH,18.5,https://www.hill-bagging.co.uk/dobih-downloads/hillcsv.zip,DoBIH_v18_5.csv,13396947,0c39e13ac59dd3fa172ac21dd56dd0f6fef19a14af47c7a5a444cce691e9f021,d27bc69dbb6d30a6f171ef277408831fe8763fc9043422f4e375e63f4cc190ea,2026-08-25T14:26:29+00:00,Creative Commons Attribution 4.0 International (CC BY 4.0) (https://creativecommons.org/licenses/by/4.0/),The Database of British and Irish Hills v18.5; https://www.hill-bagging.co.uk/dobih,Wales,51.655787,-3.361701,309,38,source_backed,pending,,pending,,pending,not_imported,warning,duplicate_name
15712,Penbwlch,,,32B,32B: Carmarthen to Vale of Neath,,,WS01 Brycheiniog-betws,Carmarthenshire [Sir Gaerfyrddin],3,160,012W,306,1004,SN694201,,41,SN694215,265,,,,,W,,20-Jan-12,,"https://www.streetmap.co.uk/map?X=269400&Y=220100&SV=269400,220100&A=Y&Z=115","https://www.google.com/maps/search/?api=1&query=51.864157,-3.898102",https://www.hill-bagging.co.uk/hill-view/?qu=S&rf=15712,269400,220100,51.864157,-3.898102,SN6940020100,32.2,2279,Trichrug,,0,0,0,0,1,0,0,0,0,0,0,0,0,0,0,0,0,0,0,0,1,0,0,0,0,0,0,0,0,0,0,0,0,0,0,0,0,0,0,0,0,0,0,0,0,0,0,0,0,0,0,0,0,0,0,0,0,0,0,0,0,0,0,0,0,dobih:15712,DoBIH,18.5,https://www.hill-bagging.co.uk/dobih-downloads/hillcsv.zip,DoBIH_v18_5.csv,13396947,0c39e13ac59dd3fa172ac21dd56dd0f6fef19a14af47c7a5a444cce691e9f021,d27bc69dbb6d30a6f171ef277408831fe8763fc9043422f4e375e63f4cc190ea,2026-08-25T14:26:29+00:00,Creative Commons Attribution 4.0 International (CC BY 4.0) (https://creativecommons.org/licenses/by/4.0/),The Database of British and Irish Hills v18.5; https://www.hill-bagging.co.uk/dobih,Wales,51.864157,-3.898102,306,41,source_backed,pending,,pending,,pending,not_imported,warning,duplicate_name
15718,Mynydd y Gaer,,,32C,32C: Neath to Chepstow,,,WS02 Fanfawr-fynyddau,Bridgend,2,170,151W,295,968,SS953858,SS 95372 85821,39,SS974860,256,ground 2m N of trig point,,,,W,,15-Mar-15,,"https://www.streetmap.co.uk/map?X=295370&Y=185815&SV=295370,185815&A=Y&Z=115","https://www.google.com/maps/search/?api=1&query=51.561485,-3.510801",https://www.hill-bagging.co.uk/hill-view/?qu=S&rf=15718,295370,185815,51.561485,-3.510801,SS9537085815,32.3,2288,Craig y Llyn,,0,0,0,0,1,0,0,0,0,0,0,0,0,0,0,0,0,0,0,0,0,1,0,0,0,0,0,0,0,0,0,0,0,0,0,0,0,0,0,0,0,0,0,0,0,0,0,0,0,0,0,0,0,0,0,0,0,0,0,0,0,0,0,0,0,dobih:15718,DoBIH,18.5,https://www.hill-bagging.co.uk/dobih-downloads/hillcsv.zip,DoBIH_v18_5.csv,13396947,0c39e13ac59dd3fa172ac21dd56dd0f6fef19a14af47c7a5a444cce691e9f021,d27bc69dbb6d30a6f171ef277408831fe8763fc9043422f4e375e63f4cc190ea,2026-08-25T14:26:29+00:00,Creative Commons Attribution 4.0 International (CC BY 4.0) (https://creativecommons.org/licenses/by/4.0/),The Database of British and Irish Hills v18.5; https://www.hill-bagging.co.uk/dobih,Wales,51.561485,-3.510801,295,39,source_backed,pending,,pending,,pending,not_imported,warning,duplicate_name
15730,Golden Hill,,,32C,32C: Neath to Chepstow,,,WS04 Waunfach-black,Monmouthshire [Sir Fynwy],2,171,014W,273,896,ST425975,ST 42589 97528,55,ST439976,218,no feature: ground c 20m NW of small mast,,,,W,,15-Mar-15,,"https://www.streetmap.co.uk/map?X=342587&Y=197523&SV=342587,197523&A=Y&Z=115","https://www.google.com/maps/search/?api=1&query=51.67353,-2.831667",https://www.hill-bagging.co.uk/hill-view/?qu=S&rf=15730,342587,197523,51.67353,-2.831667,ST4258797523,32.3,2298,Wentwood,,0,0,0,0,1,0,0,0,0,0,0,0,0,0,0,0,0,0,0,0,0,1,0,0,0,0,0,0,0,0,0,0,0,0,0,0,0,0,0,0,0,0,0,0,0,0,0,0,0,0,0,0,0,0,0,0,0,0,0,0,0,0,0,0,0,dobih:15730,DoBIH,18.5,https://www.hill-bagging.co.uk/dobih-downloads/hillcsv.zip,DoBIH_v18_5.csv,13396947,0c39e13ac59dd3fa172ac21dd56dd0f6fef19a14af47c7a5a444cce691e9f021,d27bc69dbb6d30a6f171ef277408831fe8763fc9043422f4e375e63f4cc190ea,2026-08-25T14:26:29+00:00,Creative Commons Attribution 4.0 International (CC BY 4.0) (https://creativecommons.org/licenses/by/4.0/),The Database of British and Irish Hills v18.5; https://www.hill-bagging.co.uk/dobih,Wales,51.67353,-2.831667,273,55,source_backed,pending,,pending,,pending,not_imported,warning,duplicate_name
15737,Pen y Bryn,,,32B,32B: Carmarthen to Vale of Neath,,,WS01 Brycheiniog-betws,Carmarthenshire [Sir Gaerfyrddin],2,159,178,264,866,SN552103,,72,SN517098,192,,,,,W,,25-Jan-24,,"https://www.streetmap.co.uk/map?X=255200&Y=210300&SV=255200,210300&A=Y&Z=115","https://www.google.com/maps/search/?api=1&query=51.772598,-4.100087",https://www.hill-bagging.co.uk/hill-view/?qu=S&rf=15737,255200,210300,51.772598,-4.100087,SN5520010300,32.2,2283,Mynydd Sylen,,0,0,0,0,1,0,0,0,0,0,0,0,0,0,0,0,0,0,0,0,0,1,0,0,0,0,0,0,0,0,0,0,0,0,0,0,0,0,0,0,0,0,0,0,0,0,0,0,0,0,0,1,0,0,0,0,0,0,0,0,0,0,0,0,0,dobih:15737,DoBIH,18.5,https://www.hill-bagging.co.uk/dobih-downloads/hillcsv.zip,DoBIH_v18_5.csv,13396947,0c39e13ac59dd3fa172ac21dd56dd0f6fef19a14af47c7a5a444cce691e9f021,d27bc69dbb6d30a6f171ef277408831fe8763fc9043422f4e375e63f4cc190ea,2026-08-25T14:26:29+00:00,Creative Commons Attribution 4.0 International (CC BY 4.0) (https://creativecommons.org/licenses/by/4.0/),The Database of British and Irish Hills v18.5; https://www.hill-bagging.co.uk/dobih,Wales,51.772598,-4.100087,264,72,source_backed,pending,,pending,,pending,not_imported,warning,duplicate_name
15746,Kymin,,,32C,32C: Neath to Chepstow,,,EC03 Malvern-may,Monmouthshire [Sir Fynwy],2,162,014W,256,840,SO527125,SO 52765 12513,86,SO536124,170,ground just N of white building,,,,W,,30-Oct-21,,"https://www.streetmap.co.uk/map?X=352763&Y=212508&SV=352763,212508&A=Y&Z=115","https://www.google.com/maps/search/?api=1&query=51.809204,-2.686557",https://www.hill-bagging.co.uk/hill-view/?qu=S&rf=15746,352763,212508,51.809204,-2.686557,SO5276312508,32.3,2862,Ruardean Hill,,0,0,0,0,1,0,0,0,0,0,0,0,0,0,0,0,0,0,0,0,0,1,0,0,0,0,0,0,0,0,0,0,0,0,0,0,0,0,0,0,0,0,0,0,0,0,0,0,0,0,0,0,0,0,0,0,0,0,0,0,0,0,0,0,0,dobih:15746,DoBIH,18.5,https://www.hill-bagging.co.uk/dobih-downloads/hillcsv.zip,DoBIH_v18_5.csv,13396947,0c39e13ac59dd3fa172ac21dd56dd0f6fef19a14af47c7a5a444cce691e9f021,d27bc69dbb6d30a6f171ef277408831fe8763fc9043422f4e375e63f4cc190ea,2026-08-25T14:26:29+00:00,Creative Commons Attribution 4.0 International (CC BY 4.0) (https://creativecommons.org/licenses/by/4.0/),The Database of British and Irish Hills v18.5; https://www.hill-bagging.co.uk/dobih,Wales,51.809204,-2.686557,256,86,source_backed,pending,,pending,,pending,not_imported,warning,england_wales_border_source_signal
15748,Garn,,,32B,32B: Carmarthen to Vale of Neath,,,WS01 Brycheiniog-betws,Carmarthenshire [Sir Gaerfyrddin],2,159,178,257,843,SN592162,SN 59222 16262,38,SN587163,219,no feature,flat summit area in trees,,,W,,05-Dec-12,,"https://www.streetmap.co.uk/map?X=259219&Y=216257&SV=259219,216257&A=Y&Z=115","https://www.google.com/maps/search/?api=1&query=51.827148,-4.044292",https://www.hill-bagging.co.uk/hill-view/?qu=S&rf=15748,259219,216257,51.827148,-4.044292,SN5921916257,32.2,2283,Mynydd Sylen,,0,0,0,0,1,0,0,0,0,0,0,0,0,0,0,0,0,0,0,0,0,1,0,0,0,0,0,0,0,0,0,0,0,0,0,0,0,0,0,0,0,0,0,0,0,0,0,0,0,0,0,0,0,0,0,0,0,0,0,0,0,0,0,0,0,dobih:15748,DoBIH,18.5,https://www.hill-bagging.co.uk/dobih-downloads/hillcsv.zip,DoBIH_v18_5.csv,13396947,0c39e13ac59dd3fa172ac21dd56dd0f6fef19a14af47c7a5a444cce691e9f021,d27bc69dbb6d30a6f171ef277408831fe8763fc9043422f4e375e63f4cc190ea,2026-08-25T14:26:29+00:00,Creative Commons Attribution 4.0 International (CC BY 4.0) (https://creativecommons.org/licenses/by/4.0/),The Database of British and Irish Hills v18.5; https://www.hill-bagging.co.uk/dobih,Wales,51.827148,-4.044292,257,38,source_backed,pending,,pending,,pending,not_imported,warning,duplicate_name
15759,Craig yr Allt,,,32B,32B: Carmarthen to Vale of Neath,,,WS01 Brycheiniog-betws,Swansea,2,170,165,241,791,SN691038,SN 69120 03855,38,SN695041,203,no feature: pasture,,,,W,,15-Mar-15,,"https://www.streetmap.co.uk/map?X=269117&Y=203850&SV=269117,203850&A=Y&Z=115","https://www.google.com/maps/search/?api=1&query=51.718064,-3.896068",https://www.hill-bagging.co.uk/hill-view/?qu=S&rf=15759,269117,203850,51.718064,-3.896068,SN6911703850,32.2,2280,Mynydd y Betws,,0,0,0,0,1,0,0,0,0,0,0,0,0,0,0,0,0,0,0,0,0,1,0,0,0,0,0,0,0,0,0,0,0,0,0,0,0,0,0,0,0,0,0,0,0,0,0,0,0,0,0,0,0,0,0,0,0,0,0,0,0,0,0,0,0,dobih:15759,DoBIH,18.5,https://www.hill-bagging.co.uk/dobih-downloads/hillcsv.zip,DoBIH_v18_5.csv,13396947,0c39e13ac59dd3fa172ac21dd56dd0f6fef19a14af47c7a5a444cce691e9f021,d27bc69dbb6d30a6f171ef277408831fe8763fc9043422f4e375e63f4cc190ea,2026-08-25T14:26:29+00:00,Creative Commons Attribution 4.0 International (CC BY 4.0) (https://creativecommons.org/licenses/by/4.0/),The Database of British and Irish Hills v18.5; https://www.hill-bagging.co.uk/dobih,Wales,51.718064,-3.896068,241,38,source_backed,pending,,pending,,pending,not_imported,warning,duplicate_name
15761,Pen Coedmawr,,,32B,32B: Carmarthen to Vale of Neath,,,WS01 Brycheiniog-betws,Carmarthenshire [Sir Gaerfyrddin],2,159,178,239,784,SN574175,SN 57498 17596,43,SN571171,196,no feature: ground on N side of fence,,,,W,,25-Jan-24,,"https://www.streetmap.co.uk/map?X=257495&Y=217591&SV=257495,217591&A=Y&Z=115","https://www.google.com/maps/search/?api=1&query=51.838697,-4.069841",https://www.hill-bagging.co.uk/hill-view/?qu=S&rf=15761,257495,217591,51.838697,-4.069841,SN5749517591,32.2,2283,Mynydd Sylen,,0,0,0,0,1,0,0,0,0,0,0,0,0,0,0,0,0,0,0,0,0,1,0,0,0,0,0,0,0,0,0,0,0,0,0,0,0,0,0,0,0,0,0,0,0,0,0,0,0,0,0,0,0,0,0,0,0,0,0,0,0,0,0,0,0,dobih:15761,DoBIH,18.5,https://www.hill-bagging.co.uk/dobih-downloads/hillcsv.zip,DoBIH_v18_5.csv,13396947,0c39e13ac59dd3fa172ac21dd56dd0f6fef19a14af47c7a5a444cce691e9f021,d27bc69dbb6d30a6f171ef277408831fe8763fc9043422f4e375e63f4cc190ea,2026-08-25T14:26:29+00:00,Creative Commons Attribution 4.0 International (CC BY 4.0) (https://creativecommons.org/licenses/by/4.0/),The Database of British and Irish Hills v18.5; https://www.hill-bagging.co.uk/dobih,Wales,51.838697,-4.069841,239,43,source_backed,pending,,pending,,pending,not_imported,warning,duplicate_name
15767,Pentre,,,32B,32B: Carmarthen to Vale of Neath,,,WS01 Brycheiniog-betws,Carmarthenshire [Sir Gaerfyrddin],2,159,178,235,771,SN536089,SN 53656 08949,34,SN541094,201,no feature: pasture,flat summit area,,,W,,05-Dec-12,,"https://www.streetmap.co.uk/map?X=253653&Y=208944&SV=253653,208944&A=Y&Z=115","https://www.google.com/maps/search/?api=1&query=51.76001,-4.121915",https://www.hill-bagging.co.uk/hill-view/?qu=S&rf=15767,253653,208944,51.76001,-4.121915,SN5365308944,32.2,2283,Mynydd Sylen,,0,0,0,0,1,0,0,0,0,0,0,0,0,0,0,0,0,0,0,0,0,1,0,0,0,0,0,0,0,0,0,0,0,0,0,0,0,0,0,0,0,0,0,0,0,0,0,0,0,0,0,0,0,0,0,0,0,0,0,0,0,0,0,0,0,dobih:15767,DoBIH,18.5,https://www.hill-bagging.co.uk/dobih-downloads/hillcsv.zip,DoBIH_v18_5.csv,13396947,0c39e13ac59dd3fa172ac21dd56dd0f6fef19a14af47c7a5a444cce691e9f021,d27bc69dbb6d30a6f171ef277408831fe8763fc9043422f4e375e63f4cc190ea,2026-08-25T14:26:29+00:00,Creative Commons Attribution 4.0 International (CC BY 4.0) (https://creativecommons.org/licenses/by/4.0/),The Database of British and Irish Hills v18.5; https://www.hill-bagging.co.uk/dobih,Wales,51.76001,-4.121915,235,34,source_backed,pending,,pending,,pending,not_imported,warning,duplicate_name
15768,Pen Coed Mawr,,,32A,32A: Llandovery to Monmouth,,,WM05 Drygarn-epynt,Powys,2,161,013N,232,761,SO116304,SO 11693 30468,61,SO111302,171,ground on north lip of quarry,,,,W,,25-Jan-24,,"https://www.streetmap.co.uk/map?X=311691&Y=230463&SV=311691,230463&A=Y&Z=115","https://www.google.com/maps/search/?api=1&query=51.965612,-3.28678",https://www.hill-bagging.co.uk/hill-view/?qu=S&rf=15768,311691,230463,51.965612,-3.28678,SO1169130463,32.1,2270,Mynydd Epynt [Mynydd Eppynt],,0,0,0,0,1,0,0,0,0,0,0,0,0,0,0,0,0,0,0,0,0,1,0,0,0,0,0,0,0,0,0,0,0,0,0,0,0,0,0,0,0,0,0,0,0,0,0,0,0,0,0,0,0,0,0,0,0,0,0,0,0,0,0,0,0,dobih:15768,DoBIH,18.5,https://www.hill-bagging.co.uk/dobih-downloads/hillcsv.zip,DoBIH_v18_5.csv,13396947,0c39e13ac59dd3fa172ac21dd56dd0f6fef19a14af47c7a5a444cce691e9f021,d27bc69dbb6d30a6f171ef277408831fe8763fc9043422f4e375e63f4cc190ea,2026-08-25T14:26:29+00:00,Creative Commons Attribution 4.0 International (CC BY 4.0) (https://creativecommons.org/licenses/by/4.0/),The Database of British and Irish Hills v18.5; https://www.hill-bagging.co.uk/dobih,Wales,51.965612,-3.28678,232,61,source_backed,pending,,pending,,pending,not_imported,warning,duplicate_name
15769,Coed Cefn,,,32A,32A: Llandovery to Monmouth,Black Mountains,,WS04 Waunfach-black,Powys,2,161,013S,232,761,SO227186,SO 22796 18631,42,SO226193,190,mound,,Abney level,,W,,25-Jan-24,,"https://www.streetmap.co.uk/map?X=322794&Y=218626&SV=322794,218626&A=Y&Z=115","https://www.google.com/maps/search/?api=1&query=51.860860,-3.122549",https://www.hill-bagging.co.uk/hill-view/?qu=S&rf=15769,322794,218626,51.86086,-3.122549,SO2279418626,32.1,2229,Waun Fach,,0,0,0,0,1,0,0,0,0,0,0,0,0,0,0,0,0,0,0,0,0,1,0,0,0,0,0,0,0,0,0,0,0,0,0,0,0,0,0,0,0,0,0,0,0,0,0,0,0,0,0,0,0,0,0,0,0,0,0,0,0,0,0,0,0,dobih:15769,DoBIH,18.5,https://www.hill-bagging.co.uk/dobih-downloads/hillcsv.zip,DoBIH_v18_5.csv,13396947,0c39e13ac59dd3fa172ac21dd56dd0f6fef19a14af47c7a5a444cce691e9f021,d27bc69dbb6d30a6f171ef277408831fe8763fc9043422f4e375e63f4cc190ea,2026-08-25T14:26:29+00:00,Creative Commons Attribution 4.0 International (CC BY 4.0) (https://creativecommons.org/licenses/by/4.0/),The Database of British and Irish Hills v18.5; https://www.hill-bagging.co.uk/dobih,Wales,51.86086,-3.122549,232,42,source_backed,pending,,pending,,pending,not_imported,warning,duplicate_name
15774,Cefn,,,32A,32A: Llandovery to Monmouth,,,WM05 Drygarn-epynt,Carmarthenshire [Sir Gaerfyrddin],2,160,187S,231,758,SN805386,SN 80547 38610,36,SN817387,195,no feature: pasture,,,,W,,25-Jan-24,,"https://www.streetmap.co.uk/map?X=280544&Y=238605&SV=280544,238605&A=Y&Z=115","https://www.google.com/maps/search/?api=1&query=52.032957,-3.74277",https://www.hill-bagging.co.uk/hill-view/?qu=S&rf=15774,280544,238605,52.032957,-3.74277,SN8054438605,32.1,2270,Mynydd Epynt [Mynydd Eppynt],,0,0,0,0,1,0,0,0,0,0,0,0,0,0,0,0,0,0,0,0,0,1,0,0,0,0,0,0,0,0,0,0,0,0,0,0,0,0,0,0,0,0,0,0,0,0,0,0,0,0,0,0,0,0,0,0,0,0,0,0,0,0,0,0,0,dobih:15774,DoBIH,18.5,https://www.hill-bagging.co.uk/dobih-downloads/hillcsv.zip,DoBIH_v18_5.csv,13396947,0c39e13ac59dd3fa172ac21dd56dd0f6fef19a14af47c7a5a444cce691e9f021,d27bc69dbb6d30a6f171ef277408831fe8763fc9043422f4e375e63f4cc190ea,2026-08-25T14:26:29+00:00,Creative Commons Attribution 4.0 International (CC BY 4.0) (https://creativecommons.org/licenses/by/4.0/),The Database of British and Irish Hills v18.5; https://www.hill-bagging.co.uk/dobih,Wales,52.032957,-3.74277,231,36,source_backed,pending,,pending,,pending,not_imported,warning,duplicate_name
15778,Mynydd Troed-y-rhiw,,,32C,32C: Neath to Chepstow,,,WS02 Fanfawr-fynyddau,Bridgend,2,170,166W,224,735,SS858892,SS 85830 89271,57,SS851889,167,no feature,flat summit area,,,W,,20-Jan-12,,"https://www.streetmap.co.uk/map?X=285828&Y=189266&SV=285828,189266&A=Y&Z=115","https://www.google.com/maps/search/?api=1&query=51.590641,-3.649519",https://www.hill-bagging.co.uk/hill-view/?qu=S&rf=15778,285828,189266,51.590641,-3.649519,SS8582889266,32.3,2288,Craig y Llyn,,0,0,0,0,1,0,0,0,0,0,0,0,0,0,0,0,0,0,0,0,0,1,0,0,0,0,0,0,0,0,0,0,0,0,0,0,0,0,0,0,0,0,0,0,0,0,0,0,0,0,0,0,0,0,0,0,0,0,0,0,0,0,0,0,0,dobih:15778,DoBIH,18.5,https://www.hill-bagging.co.uk/dobih-downloads/hillcsv.zip,DoBIH_v18_5.csv,13396947,0c39e13ac59dd3fa172ac21dd56dd0f6fef19a14af47c7a5a444cce691e9f021,d27bc69dbb6d30a6f171ef277408831fe8763fc9043422f4e375e63f4cc190ea,2026-08-25T14:26:29+00:00,Creative Commons Attribution 4.0 International (CC BY 4.0) (https://creativecommons.org/licenses/by/4.0/),The Database of British and Irish Hills v18.5; https://www.hill-bagging.co.uk/dobih,Wales,51.590641,-3.649519,224,57,source_backed,pending,,pending,,pending,not_imported,warning,duplicate_name
15786,Pen-y-foel,,,32B,32B: Carmarthen to Vale of Neath,,,WS01 Brycheiniog-betws,Carmarthenshire [Sir Gaerfyrddin],2,159,178,204,669,SN541147,SN 54109 14751,46,SN550150,158,trig point,,,,W,,20-Jan-12,,"https://www.streetmap.co.uk/map?X=254106&Y=214746&SV=254106,214746&A=Y&Z=115","https://www.google.com/maps/search/?api=1&query=51.812259,-4.117797",https://www.hill-bagging.co.uk/hill-view/?qu=S&rf=15786,254106,214746,51.812259,-4.117797,SN5410614746,32.2,2283,Mynydd Sylen,,0,0,0,0,1,0,0,0,0,0,0,0,0,0,0,0,0,0,0,0,0,1,0,0,0,0,0,0,0,0,0,0,0,0,0,0,0,0,0,0,0,0,0,0,0,0,0,0,0,0,0,0,0,0,0,0,0,0,0,0,0,0,0,0,0,dobih:15786,DoBIH,18.5,https://www.hill-bagging.co.uk/dobih-downloads/hillcsv.zip,DoBIH_v18_5.csv,13396947,0c39e13ac59dd3fa172ac21dd56dd0f6fef19a14af47c7a5a444cce691e9f021,d27bc69dbb6d30a6f171ef277408831fe8763fc9043422f4e375e63f4cc190ea,2026-08-25T14:26:29+00:00,Creative Commons Attribution 4.0 International (CC BY 4.0) (https://creativecommons.org/licenses/by/4.0/),The Database of British and Irish Hills v18.5; https://www.hill-bagging.co.uk/dobih,Wales,51.812259,-4.117797,204,46,source_backed,pending,,pending,,pending,not_imported,warning,duplicate_name
15790,Bryncoch,,,32B,32B: Carmarthen to Vale of Neath,,,WS01 Brycheiniog-betws,Carmarthenshire [Sir Gaerfyrddin],2,159,177 178,202,663,SN449101,SN 44956 10139,31,SN453103,171,trig point,,,,W,,04-Aug-14,,"https://www.streetmap.co.uk/map?X=244953&Y=210134&SV=244953,210134&A=Y&Z=115","https://www.google.com/maps/search/?api=1&query=51.768359,-4.248406",https://www.hill-bagging.co.uk/hill-view/?qu=S&rf=15790,244953,210134,51.768359,-4.248406,SN4495310134,32.2,2285,Mynydd Llangyndeyrn,,0,0,0,0,1,0,0,0,0,0,0,0,0,0,0,0,0,0,0,0,0,1,0,0,0,0,0,0,0,0,0,0,0,0,0,0,0,0,0,0,0,0,0,0,0,0,0,0,0,0,0,0,0,0,0,0,0,0,0,0,0,0,0,0,0,dobih:15790,DoBIH,18.5,https://www.hill-bagging.co.uk/dobih-downloads/hillcsv.zip,DoBIH_v18_5.csv,13396947,0c39e13ac59dd3fa172ac21dd56dd0f6fef19a14af47c7a5a444cce691e9f021,d27bc69dbb6d30a6f171ef277408831fe8763fc9043422f4e375e63f4cc190ea,2026-08-25T14:26:29+00:00,Creative Commons Attribution 4.0 International (CC BY 4.0) (https://creativecommons.org/licenses/by/4.0/),The Database of British and Irish Hills v18.5; https://www.hill-bagging.co.uk/dobih,Wales,51.768359,-4.248406,202,31,source_backed,pending,,pending,,pending,not_imported,warning,duplicate_name
15803,Y Graig,,,32C,32C: Neath to Chepstow,,,WS02 Fanfawr-fynyddau,Rhondda Cynon Taff,1,170,151E,174,571,ST043834,ST 04365 83486,80,ST052846,94,no feature,,,,W,,20-Jan-12,,"https://www.streetmap.co.uk/map?X=304363&Y=183481&SV=304363,183481&A=Y&Z=115","https://www.google.com/maps/search/?api=1&query=51.542094,-3.380472",https://www.hill-bagging.co.uk/hill-view/?qu=S&rf=15803,304363,183481,51.542094,-3.380472,ST0436383481,32.3,2295,Mynydd y Glyn,,0,0,0,0,1,0,0,0,0,0,0,0,0,0,0,0,0,0,0,0,0,0,1,0,0,0,0,0,0,0,0,0,0,0,0,0,0,0,0,0,0,0,0,0,0,0,0,0,0,0,0,0,0,0,0,0,0,0,0,0,0,0,0,0,0,dobih:15803,DoBIH,18.5,https://www.hill-bagging.co.uk/dobih-downloads/hillcsv.zip,DoBIH_v18_5.csv,13396947,0c39e13ac59dd3fa172ac21dd56dd0f6fef19a14af47c7a5a444cce691e9f021,d27bc69dbb6d30a6f171ef277408831fe8763fc9043422f4e375e63f4cc190ea,2026-08-25T14:26:29+00:00,Creative Commons Attribution 4.0 International (CC BY 4.0) (https://creativecommons.org/licenses/by/4.0/),The Database of British and Irish Hills v18.5; https://www.hill-bagging.co.uk/dobih,Wales,51.542094,-3.380472,174,80,source_backed,pending,,pending,,pending,not_imported,warning,duplicate_name
15808,Cefn,,,32A,32A: Llandovery to Monmouth,Brecon Beacons,,WS03 Penyfan-mynyddmaen,Powys,1,160,012E,170,558,SO080263,SO 08087 26320,33,SO072264,137,no feature: ground on field boundary,ground to 50m N may be as high,,,W,,25-Jan-24,,"https://www.streetmap.co.uk/map?X=308085&Y=226315&SV=308085,226315&A=Y&Z=115","https://www.google.com/maps/search/?api=1&query=51.927742,-3.338142",https://www.hill-bagging.co.uk/hill-view/?qu=S&rf=15808,308085,226315,51.927742,-3.338142,SO0808526315,32.1,2233,Waun Rydd,,0,0,0,0,1,0,0,0,0,0,0,0,0,0,0,0,0,0,0,0,0,0,1,0,0,0,0,0,0,0,0,0,0,0,0,0,0,0,0,0,0,0,0,0,0,0,0,0,0,0,0,0,0,0,0,0,0,0,0,0,0,0,0,0,0,dobih:15808,DoBIH,18.5,https://www.hill-bagging.co.uk/dobih-downloads/hillcsv.zip,DoBIH_v18_5.csv,13396947,0c39e13ac59dd3fa172ac21dd56dd0f6fef19a14af47c7a5a444cce691e9f021,d27bc69dbb6d30a6f171ef277408831fe8763fc9043422f4e375e63f4cc190ea,2026-08-25T14:26:29+00:00,Creative Commons Attribution 4.0 International (CC BY 4.0) (https://creativecommons.org/licenses/by/4.0/),The Database of British and Irish Hills v18.5; https://www.hill-bagging.co.uk/dobih,Wales,51.927742,-3.338142,170,33,source_backed,pending,,pending,,pending,not_imported,warning,duplicate_name
15833,Bryn-teg,,,32B,32B: Carmarthen to Vale of Neath,,,WS01 Brycheiniog-betws,Carmarthenshire [Sir Gaerfyrddin],1,146 160,012W,136,446,SN709254,SN 70930 25454,40,SN706252,96,mossy outcrop in trees,,,,W,,25-Jan-24,,"https://www.streetmap.co.uk/map?X=270927&Y=225449&SV=270927,225449&A=Y&Z=115","https://www.google.com/maps/search/?api=1&query=51.912579,-3.877934",https://www.hill-bagging.co.uk/hill-view/?qu=S&rf=15833,270927,225449,51.912579,-3.877934,SN7092725449,32.2,2279,Trichrug,,0,0,0,0,1,0,0,0,0,0,0,0,0,0,0,0,0,0,0,0,0,0,1,0,0,0,0,0,0,0,0,0,0,0,0,0,0,0,0,0,0,0,0,0,0,0,0,0,0,0,0,0,0,0,0,0,0,0,0,0,0,0,0,0,0,dobih:15833,DoBIH,18.5,https://www.hill-bagging.co.uk/dobih-downloads/hillcsv.zip,DoBIH_v18_5.csv,13396947,0c39e13ac59dd3fa172ac21dd56dd0f6fef19a14af47c7a5a444cce691e9f021,d27bc69dbb6d30a6f171ef277408831fe8763fc9043422f4e375e63f4cc190ea,2026-08-25T14:26:29+00:00,Creative Commons Attribution 4.0 International (CC BY 4.0) (https://creativecommons.org/licenses/by/4.0/),The Database of British and Irish Hills v18.5; https://www.hill-bagging.co.uk/dobih,Wales,51.912579,-3.877934,136,40,source_backed,pending,,pending,,pending,not_imported,warning,duplicate_name
15837,Bryn-Towy,,,32B,32B: Carmarthen to Vale of Neath,,,WS01 Brycheiniog-betws,Carmarthenshire [Sir Gaerfyrddin],1,146 160,012W,131,430,SN695258,SN 69521 25877,43,SN707258,88,ground by trig point,,,,W,,20-Jan-12,,"https://www.streetmap.co.uk/map?X=269518&Y=225872&SV=269518,225872&A=Y&Z=115","https://www.google.com/maps/search/?api=1&query=51.916052,-3.898568",https://www.hill-bagging.co.uk/hill-view/?qu=S&rf=15837,269518,225872,51.916052,-3.898568,SN6951825872,32.2,2279,Trichrug,,0,0,0,0,1,0,0,0,0,0,0,0,0,0,0,0,0,0,0,0,0,0,1,0,0,0,0,0,0,0,0,0,0,0,0,0,0,0,0,0,0,0,0,0,0,0,0,0,0,0,0,0,0,0,0,0,0,0,0,0,0,0,0,0,0,dobih:15837,DoBIH,18.5,https://www.hill-bagging.co.uk/dobih-downloads/hillcsv.zip,DoBIH_v18_5.csv,13396947,0c39e13ac59dd3fa172ac21dd56dd0f6fef19a14af47c7a5a444cce691e9f021,d27bc69dbb6d30a6f171ef277408831fe8763fc9043422f4e375e63f4cc190ea,2026-08-25T14:26:29+00:00,Creative Commons Attribution 4.0 International (CC BY 4.0) (https://creativecommons.org/licenses/by/4.0/),The Database of British and Irish Hills v18.5; https://www.hill-bagging.co.uk/dobih,Wales,51.916052,-3.898568,131,43,source_backed,pending,,pending,,pending,not_imported,warning,duplicate_name
15839,The Mount,,,32C,32C: Neath to Chepstow,,,WS03 Penyfan-mynyddmaen,Newport,1,171,152,127,417,ST258848,ST 25866 84838,62,ST248875,65,no feature,,,,W,,15-Mar-15,,"https://www.streetmap.co.uk/map?X=325864&Y=184833&SV=325864,184833&A=Y&Z=115","https://www.google.com/maps/search/?api=1&query=51.557487,-3.070779",https://www.hill-bagging.co.uk/hill-view/?qu=S&rf=15839,325864,184833,51.557487,-3.070779,ST2586484833,32.3,5273,Mynydd y Grug,,0,0,0,0,1,0,0,0,0,0,0,0,0,0,0,0,0,0,0,0,0,0,1,0,0,0,0,0,0,0,0,0,0,0,0,0,0,0,0,0,0,0,0,0,0,0,0,0,0,0,0,0,0,0,0,0,0,0,0,0,0,0,0,0,0,dobih:15839,DoBIH,18.5,https://www.hill-bagging.co.uk/dobih-downloads/hillcsv.zip,DoBIH_v18_5.csv,13396947,0c39e13ac59dd3fa172ac21dd56dd0f6fef19a14af47c7a5a444cce691e9f021,d27bc69dbb6d30a6f171ef277408831fe8763fc9043422f4e375e63f4cc190ea,2026-08-25T14:26:29+00:00,Creative Commons Attribution 4.0 International (CC BY 4.0) (https://creativecommons.org/licenses/by/4.0/),The Database of British and Irish Hills v18.5; https://www.hill-bagging.co.uk/dobih,Wales,51.557487,-3.070779,127,62,source_backed,pending,,pending,,pending,not_imported,warning,duplicate_name
15842,Bryn,,,32C,32C: Neath to Chepstow,,,WS02 Fanfawr-fynyddau,Rhondda Cynon Taff,1,170,151W,122,400,ST008824,ST 00855 82498,39,ST004807,83,no feature: ground a few metres W of compound,flat summit area,,,W,,20-Jan-12,,"https://www.streetmap.co.uk/map?X=300853&Y=182493&SV=300853,182493&A=Y&Z=115","https://www.google.com/maps/search/?api=1&query=51.532607,-3.430791",https://www.hill-bagging.co.uk/hill-view/?qu=S&rf=15842,300853,182493,51.532607,-3.430791,ST0085382493,32.3,2288,Craig y Llyn,,0,0,0,0,1,0,0,0,0,0,0,0,0,0,0,0,0,0,0,0,0,0,1,0,0,0,0,0,0,0,0,0,0,0,0,0,0,0,0,0,0,0,0,0,0,0,0,0,0,0,0,0,0,0,0,0,0,0,0,0,0,0,0,0,0,dobih:15842,DoBIH,18.5,https://www.hill-bagging.co.uk/dobih-downloads/hillcsv.zip,DoBIH_v18_5.csv,13396947,0c39e13ac59dd3fa172ac21dd56dd0f6fef19a14af47c7a5a444cce691e9f021,d27bc69dbb6d30a6f171ef277408831fe8763fc9043422f4e375e63f4cc190ea,2026-08-25T14:26:29+00:00,Creative Commons Attribution 4.0 International (CC BY 4.0) (https://creativecommons.org/licenses/by/4.0/),The Database of British and Irish Hills v18.5; https://www.hill-bagging.co.uk/dobih,Wales,51.532607,-3.430791,122,39,source_backed,pending,,pending,,pending,not_imported,warning,duplicate_name
15851,Park Wood Hill,,,32C,32C: Neath to Chepstow,,,WS02 Fanfawr-fynyddau,Vale of Glamorgan,1,171,151E,117,384,ST143724,ST 14382 72456,71,ST130718,46,no feature: level woodland on E side of track,flat summit area,,,W,,20-Jan-12,,"https://www.streetmap.co.uk/map?X=314380&Y=172451&SV=314380,172451&A=Y&Z=115","https://www.google.com/maps/search/?api=1&query=51.44455,-3.233386",https://www.hill-bagging.co.uk/hill-view/?qu=S&rf=15851,314380,172451,51.44455,-3.233386,ST1438072451,32.3,2288,Craig y Llyn,,0,0,0,0,1,0,0,0,0,0,0,0,0,0,0,0,0,0,0,0,0,0,1,0,0,0,0,0,0,0,0,0,0,0,0,0,0,0,0,0,0,0,0,0,0,0,0,0,0,0,0,0,0,0,0,0,0,0,0,0,0,0,0,0,0,dobih:15851,DoBIH,18.5,https://www.hill-bagging.co.uk/dobih-downloads/hillcsv.zip,DoBIH_v18_5.csv,13396947,0c39e13ac59dd3fa172ac21dd56dd0f6fef19a14af47c7a5a444cce691e9f021,d27bc69dbb6d30a6f171ef277408831fe8763fc9043422f4e375e63f4cc190ea,2026-08-25T14:26:29+00:00,Creative Commons Attribution 4.0 International (CC BY 4.0) (https://creativecommons.org/licenses/by/4.0/),The Database of British and Irish Hills v18.5; https://www.hill-bagging.co.uk/dobih,Wales,51.44455,-3.233386,117,71,source_backed,pending,,pending,,pending,not_imported,warning,duplicate_name
15862,Penllyn,,,32C,32C: Neath to Chepstow,,,WS02 Fanfawr-fynyddau,Vale of Glamorgan,1,170,151W,115,377,SS978760,,52,SS971775,63,,,,,W,,25-Jan-24,,"https://www.streetmap.co.uk/map?X=297800&Y=176000&SV=297800,176000&A=Y&Z=115","https://www.google.com/maps/search/?api=1&query=51.473701,-3.472903",https://www.hill-bagging.co.uk/hill-view/?qu=S&rf=15862,297800,176000,51.473701,-3.472903,SS9780076000,32.3,2288,Craig y Llyn,,0,0,0,0,1,0,0,0,0,0,0,0,0,0,0,0,0,0,0,0,0,0,1,0,0,0,0,0,0,0,0,0,0,0,0,0,0,0,0,0,0,0,0,0,0,0,0,0,0,0,0,0,0,0,0,0,0,0,0,0,0,0,0,0,0,dobih:15862,DoBIH,18.5,https://www.hill-bagging.co.uk/dobih-downloads/hillcsv.zip,DoBIH_v18_5.csv,13396947,0c39e13ac59dd3fa172ac21dd56dd0f6fef19a14af47c7a5a444cce691e9f021,d27bc69dbb6d30a6f171ef277408831fe8763fc9043422f4e375e63f4cc190ea,2026-08-25T14:26:29+00:00,Creative Commons Attribution 4.0 International (CC BY 4.0) (https://creativecommons.org/licenses/by/4.0/),The Database of British and Irish Hills v18.5; https://www.hill-bagging.co.uk/dobih,Wales,51.473701,-3.472903,115,52,source_backed,pending,,pending,,pending,not_imported,warning,duplicate_name
15866,Coed Cefn,,,32A,32A: Llandovery to Monmouth,,,WS04 Waunfach-black,Monmouthshire [Sir Fynwy],1,161,014W,111,364,SO427101,SO 42758 10191,31,SO414113,80,pasture N of fence,,,,W,,25-Jan-24,,"https://www.streetmap.co.uk/map?X=342756&Y=210186&SV=342756,210186&A=Y&Z=115","https://www.google.com/maps/search/?api=1&query=51.787392,-2.831309",https://www.hill-bagging.co.uk/hill-view/?qu=S&rf=15866,342756,210186,51.787392,-2.831309,SO4275610186,32.1,2269,Ysgyryd Fawr,,0,0,0,0,1,0,0,0,0,0,0,0,0,0,0,0,0,0,0,0,0,0,1,0,0,0,0,0,0,0,0,0,0,0,0,0,0,0,0,0,0,0,0,0,0,0,0,0,0,0,0,0,0,0,0,0,0,0,0,0,0,0,0,0,0,dobih:15866,DoBIH,18.5,https://www.hill-bagging.co.uk/dobih-downloads/hillcsv.zip,DoBIH_v18_5.csv,13396947,0c39e13ac59dd3fa172ac21dd56dd0f6fef19a14af47c7a5a444cce691e9f021,d27bc69dbb6d30a6f171ef277408831fe8763fc9043422f4e375e63f4cc190ea,2026-08-25T14:26:29+00:00,Creative Commons Attribution 4.0 International (CC BY 4.0) (https://creativecommons.org/licenses/by/4.0/),The Database of British and Irish Hills v18.5; https://www.hill-bagging.co.uk/dobih,Wales,51.787392,-2.831309,111,31,source_backed,pending,,pending,,pending,not_imported,warning,duplicate_name
15874,Pen-twyn,,,32A,32A: Llandovery to Monmouth,,,WS04 Waunfach-black,Monmouthshire [Sir Fynwy],1,161,014W,105,344,SO415147,SO 41529 14804,33,SO418144,72,no feature,summit is in trees,,,W,,20-Jan-12,,"https://www.streetmap.co.uk/map?X=341527&Y=214799&SV=341527,214799&A=Y&Z=115","https://www.google.com/maps/search/?api=1&query=51.828736,-2.849904",https://www.hill-bagging.co.uk/hill-view/?qu=S&rf=15874,341527,214799,51.828736,-2.849904,SO4152714799,32.1,2269,Ysgyryd Fawr,,0,0,0,0,1,0,0,0,0,0,0,0,0,0,0,0,0,0,0,0,0,0,1,0,0,0,0,0,0,0,0,0,0,0,0,0,0,0,0,0,0,0,0,0,0,0,0,0,0,0,0,0,0,0,0,0,0,0,0,0,0,0,0,0,0,dobih:15874,DoBIH,18.5,https://www.hill-bagging.co.uk/dobih-downloads/hillcsv.zip,DoBIH_v18_5.csv,13396947,0c39e13ac59dd3fa172ac21dd56dd0f6fef19a14af47c7a5a444cce691e9f021,d27bc69dbb6d30a6f171ef277408831fe8763fc9043422f4e375e63f4cc190ea,2026-08-25T14:26:29+00:00,Creative Commons Attribution 4.0 International (CC BY 4.0) (https://creativecommons.org/licenses/by/4.0/),The Database of British and Irish Hills v18.5; https://www.hill-bagging.co.uk/dobih,Wales,51.828736,-2.849904,105,33,source_backed,pending,,pending,,pending,not_imported,warning,duplicate_name
15896,Brynglas,,,32C,32C: Neath to Chepstow,,,WS03 Penyfan-mynyddmaen,Newport,0,171,152,82,269,ST308903,,46,ST305908,36,,,,,W,,04-Feb-18,,"https://www.streetmap.co.uk/map?X=330800&Y=190300&SV=330800,190300&A=Y&Z=115","https://www.google.com/maps/search/?api=1&query=51.607266,-3.000667",https://www.hill-bagging.co.uk/hill-view/?qu=S&rf=15896,330800,190300,51.607266,-3.000667,ST3080090300,32.3,2292,Mynydd Maen [Mynydd Twyn-glas],,0,0,0,0,1,0,0,0,0,0,0,0,0,0,0,0,0,0,0,0,0,0,0,1,0,0,0,0,0,0,0,0,0,0,0,0,0,0,0,0,0,0,0,0,0,0,0,0,0,0,0,0,0,0,0,0,0,0,0,0,0,0,0,0,0,dobih:15896,DoBIH,18.5,https://www.hill-bagging.co.uk/dobih-downloads/hillcsv.zip,DoBIH_v18_5.csv,13396947,0c39e13ac59dd3fa172ac21dd56dd0f6fef19a14af47c7a5a444cce691e9f021,d27bc69dbb6d30a6f171ef277408831fe8763fc9043422f4e375e63f4cc190ea,2026-08-25T14:26:29+00:00,Creative Commons Attribution 4.0 International (CC BY 4.0) (https://creativecommons.org/licenses/by/4.0/),The Database of British and Irish Hills v18.5; https://www.hill-bagging.co.uk/dobih,Wales,51.607266,-3.000667,82,46,source_backed,pending,,pending,,pending,not_imported,warning,duplicate_name
15898,Bryn-Towy,,,32B,32B: Carmarthen to Vale of Neath,,,WS01 Brycheiniog-betws,Carmarthenshire [Sir Gaerfyrddin],0,159,177,81,266,SN428202,SN 42861 20272,57,SN429198,24,no feature,,,,W,,20-Jan-12,,"https://www.streetmap.co.uk/map?X=242858&Y=220267&SV=242858,220267&A=Y&Z=115","https://www.google.com/maps/search/?api=1&query=51.85881,-4.283341",https://www.hill-bagging.co.uk/hill-view/?qu=S&rf=15898,242858,220267,51.85881,-4.283341,SN4285820267,32.2,2283,Mynydd Sylen,,0,0,0,0,1,0,0,0,0,0,0,0,0,0,0,0,0,0,0,0,0,0,0,1,0,0,0,0,0,0,0,0,0,0,0,0,0,0,0,0,0,0,0,0,0,0,0,0,0,0,0,0,0,0,0,0,0,0,0,0,0,0,0,0,0,dobih:15898,DoBIH,18.5,https://www.hill-bagging.co.uk/dobih-downloads/hillcsv.zip,DoBIH_v18_5.csv,13396947,0c39e13ac59dd3fa172ac21dd56dd0f6fef19a14af47c7a5a444cce691e9f021,d27bc69dbb6d30a6f171ef277408831fe8763fc9043422f4e375e63f4cc190ea,2026-08-25T14:26:29+00:00,Creative Commons Attribution 4.0 International (CC BY 4.0) (https://creativecommons.org/licenses/by/4.0/),The Database of British and Irish Hills v18.5; https://www.hill-bagging.co.uk/dobih,Wales,51.85881,-4.283341,81,57,source_backed,pending,,pending,,pending,not_imported,warning,duplicate_name
15900,North Hill,,,32B,32B: Carmarthen to Vale of Neath,,,WS01 Brycheiniog-betws,Swansea,0,159,164,79,259,SS462935,,31,SS461930,48,,,,,W,,20-Jan-12,,"https://www.streetmap.co.uk/map?X=246200&Y=193500&SV=246200,193500&A=Y&Z=115","https://www.google.com/maps/search/?api=1&query=51.619257,-4.223016",https://www.hill-bagging.co.uk/hill-view/?qu=S&rf=15900,246200,193500,51.619257,-4.223016,SS4620093500,32.2,2280,Mynydd y Betws,,0,0,0,0,1,0,0,0,0,0,0,0,0,0,0,0,0,0,0,0,0,0,0,1,0,0,0,0,0,0,0,0,0,0,0,0,0,0,0,0,0,0,0,0,0,0,0,0,0,0,0,0,0,0,0,0,0,0,0,0,0,0,0,0,0,dobih:15900,DoBIH,18.5,https://www.hill-bagging.co.uk/dobih-downloads/hillcsv.zip,DoBIH_v18_5.csv,13396947,0c39e13ac59dd3fa172ac21dd56dd0f6fef19a14af47c7a5a444cce691e9f021,d27bc69dbb6d30a6f171ef277408831fe8763fc9043422f4e375e63f4cc190ea,2026-08-25T14:26:29+00:00,Creative Commons Attribution 4.0 International (CC BY 4.0) (https://creativecommons.org/licenses/by/4.0/),The Database of British and Irish Hills v18.5; https://www.hill-bagging.co.uk/dobih,Wales,51.619257,-4.223016,79,31,source_backed,pending,,pending,,pending,not_imported,warning,duplicate_name
15904,Red Hill,,,32C,32C: Neath to Chepstow,,,WS04 Waunfach-black,Monmouthshire [Sir Fynwy],0,171,152,73,239,SO388005,SO 38855 00543,39,SO394002,34,no feature: ground by hedge,,,,W,,15-Mar-15,,"https://www.streetmap.co.uk/map?X=338853&Y=200538&SV=338853,200538&A=Y&Z=115","https://www.google.com/maps/search/?api=1&query=51.700241,-2.886189",https://www.hill-bagging.co.uk/hill-view/?qu=S&rf=15904,338853,200538,51.700241,-2.886189,SO3885300538,32.3,2298,Wentwood,,0,0,0,0,1,0,0,0,0,0,0,0,0,0,0,0,0,0,0,0,0,0,0,1,0,0,0,0,0,0,0,0,0,0,0,0,0,0,0,0,0,0,0,0,0,0,0,0,0,0,0,0,0,0,0,0,0,0,0,0,0,0,0,0,0,dobih:15904,DoBIH,18.5,https://www.hill-bagging.co.uk/dobih-downloads/hillcsv.zip,DoBIH_v18_5.csv,13396947,0c39e13ac59dd3fa172ac21dd56dd0f6fef19a14af47c7a5a444cce691e9f021,d27bc69dbb6d30a6f171ef277408831fe8763fc9043422f4e375e63f4cc190ea,2026-08-25T14:26:29+00:00,Creative Commons Attribution 4.0 International (CC BY 4.0) (https://creativecommons.org/licenses/by/4.0/),The Database of British and Irish Hills v18.5; https://www.hill-bagging.co.uk/dobih,Wales,51.700241,-2.886189,73,39,source_backed,pending,,pending,,pending,not_imported,warning,duplicate_name
18655,Warren hill,,,32C,32C: Neath to Chepstow,,,WS02 Fanfawr-fynyddau,Neath Port Talbot,0,170,165,44.6,146,SS736940,SS 73669 94072,31.4,SS 7359 9420,13.2,no feature,,,,W,,15-Dec-19,,"https://www.streetmap.co.uk/map?X=273666&Y=194067&SV=273666,194067&A=Y&Z=115","https://www.google.com/maps/search/?api=1&query=51.63119,-3.82671",https://www.hill-bagging.co.uk/hill-view/?qu=S&rf=18655,273666,194067,51.63119,-3.82671,SS7366694067,32.3,2296,Foel Fynyddau,,0,0,0,0,1,0,0,0,0,0,0,0,0,0,0,0,0,0,0,0,0,0,0,1,0,0,0,0,0,0,0,0,0,0,0,0,0,0,0,0,0,0,0,0,0,0,0,0,0,0,0,0,0,0,0,0,0,0,0,0,0,0,0,0,0,dobih:18655,DoBIH,18.5,https://www.hill-bagging.co.uk/dobih-downloads/hillcsv.zip,DoBIH_v18_5.csv,13396947,0c39e13ac59dd3fa172ac21dd56dd0f6fef19a14af47c7a5a444cce691e9f021,d27bc69dbb6d30a6f171ef277408831fe8763fc9043422f4e375e63f4cc190ea,2026-08-25T14:26:29+00:00,Creative Commons Attribution 4.0 International (CC BY 4.0) (https://creativecommons.org/licenses/by/4.0/),The Database of British and Irish Hills v18.5; https://www.hill-bagging.co.uk/dobih,Wales,51.63119,-3.82671,44.6,31.4,source_backed,pending,,pending,,pending,not_imported,warning,duplicate_name
18656,Pen y Castell,,,30A,30A: Anglesey and the Lleyn Peninsula,,Anglesey,IW01 Anglesey-bardsey,Anglesey [Sir Fon],1,114,263N,169.1,555,SH468853,SH 46825 85330,30.9,SH 4699 8539,138.2,outcrop,summit 150m SW is lower,Abney level,,W,,14-Feb-20,,"https://www.streetmap.co.uk/map?X=246822&Y=385327&SV=246822,385327&A=Y&Z=115","https://www.google.com/maps/search/?api=1&query=53.342618,-4.302314",https://www.hill-bagging.co.uk/hill-view/?qu=S&rf=18656,246822,385327,53.342618,-4.302314,SH4682285327,30.1,1961,Mynydd Bodafon [Yr Arwydd],,0,0,0,0,1,0,0,0,0,0,0,0,0,0,0,0,0,0,0,0,0,0,1,0,0,0,0,0,0,0,0,0,0,0,0,0,0,0,0,0,0,0,0,0,0,0,0,0,0,0,0,0,0,0,0,0,0,0,0,0,0,0,0,0,0,dobih:18656,DoBIH,18.5,https://www.hill-bagging.co.uk/dobih-downloads/hillcsv.zip,DoBIH_v18_5.csv,13396947,0c39e13ac59dd3fa172ac21dd56dd0f6fef19a14af47c7a5a444cce691e9f021,d27bc69dbb6d30a6f171ef277408831fe8763fc9043422f4e375e63f4cc190ea,2026-08-25T14:26:29+00:00,Creative Commons Attribution 4.0 International (CC BY 4.0) (https://creativecommons.org/licenses/by/4.0/),The Database of British and Irish Hills v18.5; https://www.hill-bagging.co.uk/dobih,Wales,53.342618,-4.302314,169.1,30.9,source_backed,pending,,pending,,pending,not_imported,warning,duplicate_name
18665,Pen y Foel,,,31C,31C: South-West Wales,,,WM06 Cwmcerwyn-brandy,Pembrokeshire [Sir Benfro],Un,145 157,0035E,108.5,356,SN000381,SN 00081 38110,28.4,SN 0017 3798,80.1,cairn,,,,W,,14-Jun-20,Tump deleted June 2020,"https://www.streetmap.co.uk/map?X=200078&Y=238105&SV=200078,238105&A=Y&Z=115","https://www.google.com/maps/search/?api=1&query=52.005296,-4.914172",https://www.hill-bagging.co.uk/hill-view/?qu=S&rf=18665,200078,238105,52.005296,-4.914172,SN0007838105,31.3,2215,Mynydd Carningli,,0,0,0,0,0,0,0,0,0,0,0,0,0,0,0,0,0,0,0,0,0,0,0,0,0,0,0,0,0,0,0,0,0,0,0,0,0,0,0,0,0,0,0,0,0,0,0,0,0,0,0,0,0,0,0,0,0,0,0,0,0,0,0,0,1,dobih:18665,DoBIH,18.5,https://www.hill-bagging.co.uk/dobih-downloads/hillcsv.zip,DoBIH_v18_5.csv,13396947,0c39e13ac59dd3fa172ac21dd56dd0f6fef19a14af47c7a5a444cce691e9f021,d27bc69dbb6d30a6f171ef277408831fe8763fc9043422f4e375e63f4cc190ea,2026-08-25T14:26:29+00:00,Creative Commons Attribution 4.0 International (CC BY 4.0) (https://creativecommons.org/licenses/by/4.0/),The Database of British and Irish Hills v18.5; https://www.hill-bagging.co.uk/dobih,Wales,52.005296,-4.914172,108.5,28.4,source_backed,pending,,pending,,pending,not_imported,warning,duplicate_name
18667,Pen y Castell,,,32C,32C: Neath to Chepstow,,,WS02 Fanfawr-fynyddau,Neath Port Talbot,1,170,165,153,502,SS788917,SS 78848 91754,35,SS790917,118,no feature: ground by path,,,,W,,25-Jan-24,,"https://www.streetmap.co.uk/map?X=278845&Y=191749&SV=278845,191749&A=Y&Z=115","https://www.google.com/maps/search/?api=1&query=51.611497,-3.751118",https://www.hill-bagging.co.uk/hill-view/?qu=S&rf=18667,278845,191749,51.611497,-3.751118,SS7884591749,32.3,2288,Craig y Llyn,,0,0,0,0,1,0,0,0,0,0,0,0,0,0,0,0,0,0,0,0,0,0,1,0,0,0,0,0,0,0,0,0,0,0,0,0,0,0,0,0,0,0,0,0,0,0,0,0,0,0,0,0,0,0,0,0,0,0,0,0,0,0,0,0,0,dobih:18667,DoBIH,18.5,https://www.hill-bagging.co.uk/dobih-downloads/hillcsv.zip,DoBIH_v18_5.csv,13396947,0c39e13ac59dd3fa172ac21dd56dd0f6fef19a14af47c7a5a444cce691e9f021,d27bc69dbb6d30a6f171ef277408831fe8763fc9043422f4e375e63f4cc190ea,2026-08-25T14:26:29+00:00,Creative Commons Attribution 4.0 International (CC BY 4.0) (https://creativecommons.org/licenses/by/4.0/),The Database of British and Irish Hills v18.5; https://www.hill-bagging.co.uk/dobih,Wales,51.611497,-3.751118,153,35,source_backed,pending,,pending,,pending,not_imported,warning,duplicate_name
18672,Cefn,,,31C,31C: South-West Wales,,,WM05 Drygarn-epynt,Carmarthenshire [Sir Gaerfyrddin],1,146 160,012W 187S,199,653,SN699326,SN 69939 32657,32,SN693328,167,no feature: pasture,,,,W,,25-Jan-24,,"https://www.streetmap.co.uk/map?X=269936&Y=232652&SV=269936,232652&A=Y&Z=115","https://www.google.com/maps/search/?api=1&query=51.977075,-3.89506",https://www.hill-bagging.co.uk/hill-view/?qu=S&rf=18672,269936,232652,51.977075,-3.89506,SN6993632652,31.3,2211,Mynydd Mallaen,,0,0,0,0,1,0,0,0,0,0,0,0,0,0,0,0,0,0,0,0,0,0,1,0,0,0,0,0,0,0,0,0,0,0,0,0,0,0,0,0,0,0,0,0,0,0,0,0,0,0,0,0,0,0,0,0,0,0,0,0,0,0,0,0,0,dobih:18672,DoBIH,18.5,https://www.hill-bagging.co.uk/dobih-downloads/hillcsv.zip,DoBIH_v18_5.csv,13396947,0c39e13ac59dd3fa172ac21dd56dd0f6fef19a14af47c7a5a444cce691e9f021,d27bc69dbb6d30a6f171ef277408831fe8763fc9043422f4e375e63f4cc190ea,2026-08-25T14:26:29+00:00,Creative Commons Attribution 4.0 International (CC BY 4.0) (https://creativecommons.org/licenses/by/4.0/),The Database of British and Irish Hills v18.5; https://www.hill-bagging.co.uk/dobih,Wales,51.977075,-3.89506,199,32,source_backed,pending,,pending,,pending,not_imported,warning,duplicate_name
18680,Pen-y-garth,,,30C,30C: Llandudno to Wrexham,,,WN06 Eithin-orme,Conwy,2,116,017E,200,656,SH810640,SH 81033 64038,31,SH811638,169,no feature: ground 7m W of hedge,,,,W,,05-Dec-12,,"https://www.streetmap.co.uk/map?X=281030&Y=364035&SV=281030,364035&A=Y&Z=115","https://www.google.com/maps/search/?api=1&query=53.160123,-3.780824",https://www.hill-bagging.co.uk/hill-view/?qu=S&rf=18680,281030,364035,53.160123,-3.780824,SH8103064035,30.3,2042,Mwdwl-eithin,,0,0,0,0,1,0,0,0,0,0,0,0,0,0,0,0,0,0,0,0,0,1,0,0,0,0,0,0,0,0,0,0,0,0,0,0,0,0,0,0,0,0,0,0,0,0,0,0,0,0,0,0,0,0,0,0,0,0,0,0,0,0,0,0,0,dobih:18680,DoBIH,18.5,https://www.hill-bagging.co.uk/dobih-downloads/hillcsv.zip,DoBIH_v18_5.csv,13396947,0c39e13ac59dd3fa172ac21dd56dd0f6fef19a14af47c7a5a444cce691e9f021,d27bc69dbb6d30a6f171ef277408831fe8763fc9043422f4e375e63f4cc190ea,2026-08-25T14:26:29+00:00,Creative Commons Attribution 4.0 International (CC BY 4.0) (https://creativecommons.org/licenses/by/4.0/),The Database of British and Irish Hills v18.5; https://www.hill-bagging.co.uk/dobih,Wales,53.160123,-3.780824,200,31,source_backed,pending,,pending,,pending,not_imported,warning,duplicate_name
18685,Castle Hill,,,31B,31B: Welshpool to Hay-on-Wye,,,WM03 Pegwn-beacon,Powys,2,137 148,201N,294,965,SO249745,SO 24968 74542,38,SO248746,256,embedded stone on hillfort rampart,,,,W,,25-Jan-24,,"https://www.streetmap.co.uk/map?X=324966&Y=274537&SV=324966,274537&A=Y&Z=115","https://www.google.com/maps/search/?api=1&query=52.363744,-3.103353",https://www.hill-bagging.co.uk/hill-view/?qu=S&rf=18685,324966,274537,52.363744,-3.103353,SO2496674537,31.2,2183,Beacon Hill,,0,0,0,0,1,0,0,0,0,0,0,0,0,0,0,0,0,0,0,0,0,1,0,0,0,0,0,0,0,0,0,0,0,0,0,0,0,0,0,0,0,0,0,0,0,0,0,0,0,0,0,0,0,0,0,0,0,0,0,0,0,0,0,0,0,dobih:18685,DoBIH,18.5,https://www.hill-bagging.co.uk/dobih-downloads/hillcsv.zip,DoBIH_v18_5.csv,13396947,0c39e13ac59dd3fa172ac21dd56dd0f6fef19a14af47c7a5a444cce691e9f021,d27bc69dbb6d30a6f171ef277408831fe8763fc9043422f4e375e63f4cc190ea,2026-08-25T14:26:29+00:00,Creative Commons Attribution 4.0 International (CC BY 4.0) (https://creativecommons.org/licenses/by/4.0/),The Database of British and Irish Hills v18.5; https://www.hill-bagging.co.uk/dobih,Wales,52.363744,-3.103353,294,38,source_backed,pending,,pending,,pending,not_imported,warning,duplicate_name
18689,Allt y Parc,,,31C,31C: South-West Wales,,,WM05 Drygarn-epynt,Carmarthenshire [Sir Gaerfyrddin],2,146,186,270,886,SN644335,SN 64482 33535,31,SN650337,239,hedgebank junction,,,,W,,05-Dec-12,,"https://www.streetmap.co.uk/map?X=264479&Y=233530&SV=264479,233530&A=Y&Z=115","https://www.google.com/maps/search/?api=1&query=51.98366,-3.974809",https://www.hill-bagging.co.uk/hill-view/?qu=S&rf=18689,264479,233530,51.98366,-3.974809,SN6447933530,31.3,2211,Mynydd Mallaen,,0,0,0,0,1,0,0,0,0,0,0,0,0,0,0,0,0,0,0,0,0,1,0,0,0,0,0,0,0,0,0,0,0,0,0,0,0,0,0,0,0,0,0,0,0,0,0,0,0,0,0,0,0,0,0,0,0,0,0,0,0,0,0,0,0,dobih:18689,DoBIH,18.5,https://www.hill-bagging.co.uk/dobih-downloads/hillcsv.zip,DoBIH_v18_5.csv,13396947,0c39e13ac59dd3fa172ac21dd56dd0f6fef19a14af47c7a5a444cce691e9f021,d27bc69dbb6d30a6f171ef277408831fe8763fc9043422f4e375e63f4cc190ea,2026-08-25T14:26:29+00:00,Creative Commons Attribution 4.0 International (CC BY 4.0) (https://creativecommons.org/licenses/by/4.0/),The Database of British and Irish Hills v18.5; https://www.hill-bagging.co.uk/dobih,Wales,51.98366,-3.974809,270,31,source_backed,pending,,pending,,pending,not_imported,warning,duplicate_name
18899,Bryn Coch,,,30A,30A: Anglesey and the Lleyn Peninsula,,Anglesey,IW01 Anglesey-bardsey,Anglesey [Sir Fon],Un,114,262,98.4,323,SH385894,SH 38569 89439,23.8,SH 3830 8862,74.6,outcrop,outcrop c 10m NE is 10cm lower,Abney level,,W,,08-May-25,Replaced as Tump by 19887 Llanbabo Hill in 2025,"https://www.streetmap.co.uk/map?X=238566&Y=389436&SV=238566,389436&A=Y&Z=115","https://www.google.com/maps/search/?api=1&query=53.377064,-4.428307",https://www.hill-bagging.co.uk/hill-view/?qu=S&rf=18899,238566,389436,53.377064,-4.428307,SH3856689436,30.1,1961,Mynydd Bodafon [Yr Arwydd],,0,0,0,0,0,0,0,0,0,0,0,0,0,0,0,0,0,0,0,0,0,0,0,0,0,0,0,0,0,0,0,0,0,0,0,0,0,0,0,0,0,0,0,0,0,0,0,0,0,0,0,0,0,0,0,0,0,0,0,0,0,0,0,0,1,dobih:18899,DoBIH,18.5,https://www.hill-bagging.co.uk/dobih-downloads/hillcsv.zip,DoBIH_v18_5.csv,13396947,0c39e13ac59dd3fa172ac21dd56dd0f6fef19a14af47c7a5a444cce691e9f021,d27bc69dbb6d30a6f171ef277408831fe8763fc9043422f4e375e63f4cc190ea,2026-08-25T14:26:29+00:00,Creative Commons Attribution 4.0 International (CC BY 4.0) (https://creativecommons.org/licenses/by/4.0/),The Database of British and Irish Hills v18.5; https://www.hill-bagging.co.uk/dobih,Wales,53.377064,-4.428307,98.4,23.8,source_backed,pending,,pending,,pending,not_imported,warning,duplicate_name
18901,Pen Lan-fawr,,,31C,31C: South-West Wales,,,WM05 Drygarn-epynt,Carmarthenshire [Sir Gaerfyrddin],0,159,186,95,312,SN626222,SN 62626 22243,30,SN617225,65,no feature,ground 150m NW at SN 62498 22322 may be as high,Seco 2x Hand Level/Abney level,,W,,10-May-14,,"https://www.streetmap.co.uk/map?X=262623&Y=222238&SV=262623,222238&A=Y&Z=115","https://www.google.com/maps/search/?api=1&query=51.881739,-3.997307",https://www.hill-bagging.co.uk/hill-view/?qu=S&rf=18901,262623,222238,51.881739,-3.997307,SN6262322238,31.3,2219,Mynydd Cynros,,0,0,0,0,1,0,0,0,0,0,0,0,0,0,0,0,0,0,0,0,0,0,0,1,0,0,0,0,0,0,0,0,0,0,0,0,0,0,0,0,0,0,0,0,0,0,0,0,0,0,0,0,0,0,0,0,0,0,0,0,0,0,0,0,0,dobih:18901,DoBIH,18.5,https://www.hill-bagging.co.uk/dobih-downloads/hillcsv.zip,DoBIH_v18_5.csv,13396947,0c39e13ac59dd3fa172ac21dd56dd0f6fef19a14af47c7a5a444cce691e9f021,d27bc69dbb6d30a6f171ef277408831fe8763fc9043422f4e375e63f4cc190ea,2026-08-25T14:26:29+00:00,Creative Commons Attribution 4.0 International (CC BY 4.0) (https://creativecommons.org/licenses/by/4.0/),The Database of British and Irish Hills v18.5; https://www.hill-bagging.co.uk/dobih,Wales,51.881739,-3.997307,95,30,source_backed,pending,,pending,,pending,not_imported,warning,duplicate_name
18946,Bailey Hill,,,30C,30C: Llandudno to Wrexham,,,WN07 Gamelin-famau,Flintshire [Sir Fflint],1,117,265,143.1,469,SJ235643,SJ 23547 64373,31.7,SJ 23316 64421,111.4,no feature: ground on edge of Motte,summit is in trees,Leica NA730/Leica GS15,,W,,07-Aug-14,,"https://www.streetmap.co.uk/map?X=323545&Y=364370&SV=323545,364370&A=Y&Z=115","https://www.google.com/maps/search/?api=1&query=53.170943,-3.14521",https://www.hill-bagging.co.uk/hill-view/?qu=S&rf=18946,323545,364370,53.170943,-3.14521,SJ2354564370,30.3,2040,Cyrn-y-Brain,,0,0,0,0,1,0,0,0,0,0,0,0,0,0,0,0,0,0,0,0,0,0,1,0,0,0,0,0,0,0,0,0,0,0,0,0,0,0,0,0,0,0,0,0,0,0,0,0,0,0,0,0,0,0,0,0,0,0,0,0,0,0,0,0,0,dobih:18946,DoBIH,18.5,https://www.hill-bagging.co.uk/dobih-downloads/hillcsv.zip,DoBIH_v18_5.csv,13396947,0c39e13ac59dd3fa172ac21dd56dd0f6fef19a14af47c7a5a444cce691e9f021,d27bc69dbb6d30a6f171ef277408831fe8763fc9043422f4e375e63f4cc190ea,2026-08-25T14:26:29+00:00,Creative Commons Attribution 4.0 International (CC BY 4.0) (https://creativecommons.org/licenses/by/4.0/),The Database of British and Irish Hills v18.5; https://www.hill-bagging.co.uk/dobih,Wales,53.170943,-3.14521,143.1,31.7,source_backed,pending,,pending,,pending,not_imported,warning,duplicate_name
18953,Pen y Foel,,,30D,30D: Barmouth to Betws-y-Coed and Bala,,,WN05 Siabod-arenig,Gwynedd,2,124,018W,213.6,701,SH661395,SH 66163 39602,31.2,SH 6638 3972,182.3,outcrop,knoll 50m W at SH 66103 39599 is 0.8m lower,,,W,,05-Feb-23,,"https://www.streetmap.co.uk/map?X=266160&Y=339599&SV=266160,339599&A=Y&Z=115","https://www.google.com/maps/search/?api=1&query=52.937063,-3.992935",https://www.hill-bagging.co.uk/hill-view/?qu=S&rf=18953,266160,339599,52.937063,-3.992935,SH6616039599,30.4,2068,Manod Mawr,,0,0,0,0,1,0,0,0,0,0,0,0,0,0,0,0,0,0,0,0,0,1,0,0,0,0,0,0,0,0,0,0,0,0,0,0,0,0,0,0,0,0,0,0,0,0,0,0,0,0,0,0,0,0,0,0,0,0,0,0,0,0,0,0,0,dobih:18953,DoBIH,18.5,https://www.hill-bagging.co.uk/dobih-downloads/hillcsv.zip,DoBIH_v18_5.csv,13396947,0c39e13ac59dd3fa172ac21dd56dd0f6fef19a14af47c7a5a444cce691e9f021,d27bc69dbb6d30a6f171ef277408831fe8763fc9043422f4e375e63f4cc190ea,2026-08-25T14:26:29+00:00,Creative Commons Attribution 4.0 International (CC BY 4.0) (https://creativecommons.org/licenses/by/4.0/),The Database of British and Irish Hills v18.5; https://www.hill-bagging.co.uk/dobih,Wales,52.937063,-3.992935,213.6,31.2,source_backed,pending,,pending,,pending,not_imported,warning,duplicate_name
19364,Garn Fach,,,31B,31B: Welshpool to Hay-on-Wye,,,WM03 Pegwn-beacon,Powys,s5,136,214E,504,1654,SO041815,SO 04190 81514,20,SO 0378 8177,484,no feature: ground 20m S of firebreak,summit is in trees,,,W,,04-Feb-18,1m LIDAR at col gives 484.0,"https://www.streetmap.co.uk/map?X=304187&Y=281509&SV=304187,281509&A=Y&Z=115","https://www.google.com/maps/search/?api=1&query=52.423163,-3.410405",https://www.hill-bagging.co.uk/hill-view/?qu=S&rf=19364,304187,281509,52.423163,-3.410405,SO0418781509,31.2,2182,Pegwn Mawr,,0,0,0,0,0,0,0,0,0,0,0,0,0,0,0,0,0,0,0,0,0,0,0,0,0,0,0,0,0,0,0,0,0,0,0,0,0,0,0,0,0,0,0,1,0,0,0,0,0,0,0,0,0,0,0,0,0,0,0,0,0,0,0,0,0,dobih:19364,DoBIH,18.5,https://www.hill-bagging.co.uk/dobih-downloads/hillcsv.zip,DoBIH_v18_5.csv,13396947,0c39e13ac59dd3fa172ac21dd56dd0f6fef19a14af47c7a5a444cce691e9f021,d27bc69dbb6d30a6f171ef277408831fe8763fc9043422f4e375e63f4cc190ea,2026-08-25T14:26:29+00:00,Creative Commons Attribution 4.0 International (CC BY 4.0) (https://creativecommons.org/licenses/by/4.0/),The Database of British and Irish Hills v18.5; https://www.hill-bagging.co.uk/dobih,Wales,52.423163,-3.410405,504,20,source_backed,pending,,pending,,pending,not_imported,warning,duplicate_name
19512,Y Gribin,,,30E,30E: Bala to Welshpool,,,WN10 Aran-idris,Gwynedd,4,125,023E,485,1591,SH906175,SH 90626 17580,59,SH917178,426,no feature,,,,W,,25-Jan-24,replaced hill 14348 Dec 2019,"https://www.streetmap.co.uk/map?X=290623&Y=317576&SV=290623,317576&A=Y&Z=115","https://www.google.com/maps/search/?api=1&query=52.74472,-3.621715",https://www.hill-bagging.co.uk/hill-view/?qu=S&rf=19512,290623,317576,52.74472,-3.621715,SH9062317576,30.5,2104,Esgeiriau Gwynion [Foel Rhudd],,0,0,0,0,1,0,0,0,0,0,0,0,0,0,0,0,0,0,0,1,0,0,0,0,0,0,0,0,0,0,0,0,0,0,0,0,0,0,0,0,0,0,0,0,0,0,0,0,0,0,0,0,0,0,0,0,0,0,0,0,0,0,0,0,0,dobih:19512,DoBIH,18.5,https://www.hill-bagging.co.uk/dobih-downloads/hillcsv.zip,DoBIH_v18_5.csv,13396947,0c39e13ac59dd3fa172ac21dd56dd0f6fef19a14af47c7a5a444cce691e9f021,d27bc69dbb6d30a6f171ef277408831fe8763fc9043422f4e375e63f4cc190ea,2026-08-25T14:26:29+00:00,Creative Commons Attribution 4.0 International (CC BY 4.0) (https://creativecommons.org/licenses/by/4.0/),The Database of British and Irish Hills v18.5; https://www.hill-bagging.co.uk/dobih,Wales,52.74472,-3.621715,485,59,source_backed,pending,,pending,,pending,not_imported,warning,duplicate_name
19528,Mynydd Bach,,,32A,32A: Llandovery to Monmouth,,,WM05 Drygarn-epynt,Powys,3,160,188,385.9,1266,SN988363,SN 98816 36326,75.5,SN 9862 3738,310.4,no feature: pasture,,,,W,,03-Apr-20,Replaced hill 15655 as Tump in March 2020,"https://www.streetmap.co.uk/map?X=298814&Y=236321&SV=298814,236321&A=Y&Z=115","https://www.google.com/maps/search/?api=1&query=52.016066,-3.475879",https://www.hill-bagging.co.uk/hill-view/?qu=S&rf=19528,298814,236321,52.016066,-3.475879,SN9881436321,32.1,2270,Mynydd Epynt [Mynydd Eppynt],,0,0,0,0,1,0,0,0,0,0,0,0,0,0,0,0,0,0,0,0,1,0,0,0,0,0,0,0,0,0,0,0,0,0,0,0,0,0,0,0,0,0,0,0,0,0,0,0,0,0,0,0,0,0,0,0,0,0,0,0,0,0,0,0,0,dobih:19528,DoBIH,18.5,https://www.hill-bagging.co.uk/dobih-downloads/hillcsv.zip,DoBIH_v18_5.csv,13396947,0c39e13ac59dd3fa172ac21dd56dd0f6fef19a14af47c7a5a444cce691e9f021,d27bc69dbb6d30a6f171ef277408831fe8763fc9043422f4e375e63f4cc190ea,2026-08-25T14:26:29+00:00,Creative Commons Attribution 4.0 International (CC BY 4.0) (https://creativecommons.org/licenses/by/4.0/),The Database of British and Irish Hills v18.5; https://www.hill-bagging.co.uk/dobih,Wales,52.016066,-3.475879,385.9,75.5,source_backed,pending,,pending,,pending,not_imported,warning,duplicate_name
19603,Ynys-fach,,,31A,31A: Aberystwyth to Welshpool,,,WM02 Pumlumon-amlwg,Cardiganshire [Ceredigion],0,135,023W,43.5,143,SN668951,SN 66848 95146,41.3,SN 6748 9509,2.1,concrete block on outcrop,,,,W,,25-Apr-20,,"https://www.streetmap.co.uk/map?X=266845&Y=295142&SV=266845,295142&A=Y&Z=115","https://www.google.com/maps/search/?api=1&query=52.537823,-3.9647",https://www.hill-bagging.co.uk/hill-view/?qu=S&rf=19603,266845,295142,52.537823,-3.9647,SN6684595142,31.1,2166,Banc Llechwedd-mawr,,0,0,0,0,1,0,0,0,0,0,0,0,0,0,0,0,0,0,0,0,0,0,0,1,0,0,0,0,0,0,0,0,0,0,0,0,0,0,0,0,0,0,0,0,0,0,0,0,0,0,0,0,0,0,0,0,0,0,0,0,0,0,0,0,0,dobih:19603,DoBIH,18.5,https://www.hill-bagging.co.uk/dobih-downloads/hillcsv.zip,DoBIH_v18_5.csv,13396947,0c39e13ac59dd3fa172ac21dd56dd0f6fef19a14af47c7a5a444cce691e9f021,d27bc69dbb6d30a6f171ef277408831fe8763fc9043422f4e375e63f4cc190ea,2026-08-25T14:26:29+00:00,Creative Commons Attribution 4.0 International (CC BY 4.0) (https://creativecommons.org/licenses/by/4.0/),The Database of British and Irish Hills v18.5; https://www.hill-bagging.co.uk/dobih,Wales,52.537823,-3.9647,43.5,41.3,source_backed,pending,,pending,,pending,not_imported,warning,duplicate_name
19648,Tryfan,,,30B,30B: Snowdonia,Snowdon,,WN02 Snowdon-eilio,Gwynedd,s5,115,017W,594.7,1951,SH597578,SH 59767 57876,24.7,SH 5985 5777,570,no feature: grass,,,,W,,11-Jul-23,,"https://www.streetmap.co.uk/map?X=259764&Y=357873&SV=259764,357873&A=Y&Z=115","https://www.google.com/maps/search/?api=1&query=53.099591,-4.095982",https://www.hill-bagging.co.uk/hill-view/?qu=S&rf=19648,259764,357873,53.099591,-4.095982,SH5976457873,30.2,1963,Snowdon - Yr Wyddfa,,0,0,0,0,0,0,0,0,0,0,0,0,0,0,0,0,0,0,0,0,0,0,0,0,0,0,0,0,0,0,0,0,0,0,0,0,0,0,0,0,0,0,0,1,0,0,0,0,0,0,0,0,0,0,0,0,0,0,0,0,0,0,0,0,0,dobih:19648,DoBIH,18.5,https://www.hill-bagging.co.uk/dobih-downloads/hillcsv.zip,DoBIH_v18_5.csv,13396947,0c39e13ac59dd3fa172ac21dd56dd0f6fef19a14af47c7a5a444cce691e9f021,d27bc69dbb6d30a6f171ef277408831fe8763fc9043422f4e375e63f4cc190ea,2026-08-25T14:26:29+00:00,Creative Commons Attribution 4.0 International (CC BY 4.0) (https://creativecommons.org/licenses/by/4.0/),The Database of British and Irish Hills v18.5; https://www.hill-bagging.co.uk/dobih,Wales,53.099591,-4.095982,594.7,24.7,source_backed,pending,,pending,,pending,not_imported,warning,duplicate_name
19857,Garn Fach,,,30D,30D: Barmouth to Betws-y-Coed and Bala,The Rhinogs,,WN09 Llethr-rhinog,Gwynedd,s5,124,018W,559.8,1837,SH697227,SH 69785 22774,21.9,SH 6989 2287,537.9,not recorded,,,,W,,11-Jul-23,,"https://www.streetmap.co.uk/map?X=269782&Y=322770&SV=269782,322770&A=Y&Z=115","https://www.google.com/maps/search/?api=1&query=52.786765,-3.932343",https://www.hill-bagging.co.uk/hill-view/?qu=S&rf=19857,269782,322770,52.786765,-3.932343,SH6978222770,30.4,2073,Y Garn,,0,0,0,0,0,0,0,0,0,0,0,0,0,0,0,0,0,0,0,0,0,0,0,0,0,0,0,0,0,0,0,0,0,0,0,0,0,0,0,0,0,0,0,1,0,0,0,0,0,0,0,0,0,0,0,0,0,0,0,0,0,0,0,0,0,dobih:19857,DoBIH,18.5,https://www.hill-bagging.co.uk/dobih-downloads/hillcsv.zip,DoBIH_v18_5.csv,13396947,0c39e13ac59dd3fa172ac21dd56dd0f6fef19a14af47c7a5a444cce691e9f021,d27bc69dbb6d30a6f171ef277408831fe8763fc9043422f4e375e63f4cc190ea,2026-08-25T14:26:29+00:00,Creative Commons Attribution 4.0 International (CC BY 4.0) (https://creativecommons.org/licenses/by/4.0/),The Database of British and Irish Hills v18.5; https://www.hill-bagging.co.uk/dobih,Wales,52.786765,-3.932343,559.8,21.9,source_backed,pending,,pending,,pending,not_imported,warning,duplicate_name
19885,Pen-y-parc,,,30A,30A: Anglesey and the Lleyn Peninsula,,Anglesey,IW01 Anglesey-bardsey,Anglesey [Sir Fon],1,114 115,263N,114.9,377,SH590750,SH 59027 75043,32,SH 5845 7565,82.9,vegetated rock,summits 35m and 135m SW are c.2m lower,,,W,,24-Mar-25,,"https://www.streetmap.co.uk/map?X=259024&Y=375040&SV=259024,375040&A=Y&Z=115","https://www.google.com/maps/search/?api=1&query=53.253607,-4.1146",https://www.hill-bagging.co.uk/hill-view/?qu=S&rf=19885,259024,375040,53.253607,-4.1146,SH5902475040,30.1,1961,Mynydd Bodafon [Yr Arwydd],,0,0,0,0,1,0,0,0,0,0,0,0,0,0,0,0,0,0,0,0,0,0,1,0,0,0,0,0,0,0,0,0,0,0,0,0,0,0,0,0,0,0,0,0,0,0,0,0,0,0,0,0,0,0,0,0,0,0,0,0,0,0,0,0,0,dobih:19885,DoBIH,18.5,https://www.hill-bagging.co.uk/dobih-downloads/hillcsv.zip,DoBIH_v18_5.csv,13396947,0c39e13ac59dd3fa172ac21dd56dd0f6fef19a14af47c7a5a444cce691e9f021,d27bc69dbb6d30a6f171ef277408831fe8763fc9043422f4e375e63f4cc190ea,2026-08-25T14:26:29+00:00,Creative Commons Attribution 4.0 International (CC BY 4.0) (https://creativecommons.org/licenses/by/4.0/),The Database of British and Irish Hills v18.5; https://www.hill-bagging.co.uk/dobih,Wales,53.253607,-4.1146,114.9,32,source_backed,pending,,pending,,pending,not_imported,warning,duplicate_name
